                      :-) GROMACS - gmx mdrun, 2025.2 (-:

Copyright 1991-2025 The GROMACS Authors.
GROMACS is free software; you can redistribute it and/or modify it
under the terms of the GNU Lesser General Public License
as published by the Free Software Foundation; either version 2.1
of the License, or (at your option) any later version.

                         Current GROMACS contributors:
       Mark Abraham           Andrey Alekseenko           Brian Andrews       
      Vladimir Basov              Paul Bauer                Hugh Bird         
      Eliane Briand               Ania Brown              Mahesh Doijade      
      Giacomo Fiorin          Stefan Fleischmann          Sergey Gorelov      
   Gilles Gouaillardet            Alan Gray              M. Eric Irrgang      
   Farzaneh Jalalypour         Petter Johansson          Carsten Kutzner      
    Grzegorz Łazarski         Justin A. Lemkul          Magnus Lundborg      
       Pascal Merz             Vedran Miletić            Dmitry Morozov      
     Lukas Müllender            Julien Nabet             Szilárd Páll      
 Andrea Pasquadibisceglie     Michele Pellegrino         Nicola Piasentin     
     Daniele Rapetti         Muhammad Umair Sadiq         Hubert Santuz       
      Roland Schulz             Michael Shirts           Tatiana Shugaeva     
     Alexey Shvetsov            Philip Turner            Alessandra Villa     
 Sebastian Wingbermühle  

                         Previous GROMACS contributors:
        Emile Apol             Rossen Apostolov           James Barnett       
  Herman J.C. Berendsen         Cathrine Bergh             Par Bjelkmar       
      Christian Blau          Viacheslav Bolnykh            Kevin Boyd        
    Aldert van Buuren          Carlo Camilloni           Rudi van Drunen      
      Anton Feenstra           Oliver Fleetwood            Vytas Gapsys       
       Gaurav Garg             Gerrit Groenhof            Bert de Groot       
      Anca Hamuraru           Vincent Hindriksen          Victor Holanda      
     Aleksei Iupinov              Joe Jordan            Christoph Junghans    
    Prashanth Kanduri        Dimitrios Karkoulis           Peter Kasson       
      Sebastian Kehl           Sebastian Keller             Jiri Kraus        
       Per Larsson              Viveca Lindahl            Erik Marklund       
    Pieter Meulenhoff           Teemu Murtola              Sander Pronk       
      Alfons Sijbers            Balint Soproni         David van der Spoel    
      Peter Tieleman            Carsten Uphoff             Jon Vincent        
     Teemu Virolainen         Christian Wennberg           Maarten Wolf       
      Artem Zhmurov       

                  Coordinated by the GROMACS project leaders:
                           Berk Hess and Erik Lindahl

GROMACS:      gmx mdrun, version 2025.2
Executable:   /usr/local/gromacs/bin/gmx
Data prefix:  /usr/local/gromacs
Working dir:  /home/vincent/gromacs_run
Process ID:   57899
Command line:
  gmx mdrun -s md_100ns.tpr -deffnm md_100ns -nb gpu -pme gpu -ntmpi 1 -ntomp 16 -pin on

GROMACS version:     2025.2
Precision:           mixed
Memory model:        64 bit
MPI library:         thread_mpi
OpenMP support:      enabled (GMX_OPENMP_MAX_THREADS = 128)
GPU support:         CUDA
NBNxM GPU setup:     super-cluster 2x2x2 / cluster 8 (cluster-pair splitting on)
SIMD instructions:   AVX2_256
CPU FFT library:     fftw-3.3.10-sse2-avx-avx2-avx2_128
GPU FFT library:     cuFFT
Multi-GPU FFT:       none
RDTSCP usage:        enabled
TNG support:         enabled
Hwloc support:       disabled
Tracing support:     disabled
C compiler:          /usr/bin/gcc-14 GNU 14.3.0
C compiler flags:    -fexcess-precision=fast -funroll-all-loops -mavx2 -mfma -Wno-missing-field-initializers -O3 -DNDEBUG
C++ compiler:        /usr/bin/g++-14 GNU 14.3.0
C++ compiler flags:  -fexcess-precision=fast -funroll-all-loops -mavx2 -mfma -Wno-missing-field-initializers -Wno-cast-function-type-strict SHELL:-fopenmp -O3 -DNDEBUG
BLAS library:        Internal
LAPACK library:      Internal
CUDA compiler:       /usr/local/cuda-12.8/bin/nvcc nvcc: NVIDIA (R) Cuda compiler driver;Copyright (c) 2005-2025 NVIDIA Corporation;Built on Fri_Feb_21_20:23:50_PST_2025;Cuda compilation tools, release 12.8, V12.8.93;Build cuda_12.8.r12.8/compiler.35583870_0
CUDA compiler flags: -O3 -DNDEBUG
CUDA driver:         13.0
CUDA runtime:        12.80


Running on 1 node with total 12 cores, 24 processing units, 1 compatible GPU
Hardware detected on host LAPTOP-QLVMIVRT:
  CPU info:
    Vendor: Intel
    Brand:  Intel(R) Core(TM) i7-14650HX
    Family: 6   Model: 183   Stepping: 1
    Features: aes apic avx avx2 clfsh cmov cx8 cx16 f16c fma htt intel lahf mmx msr nonstop_tsc pcid pclmuldq pdpe1gb popcnt pse rdrnd rdtscp sha sse2 sse3 sse4.1 sse4.2 ssse3 tdt x2apic
  Hardware topology: Basic
    Packages, cores, and logical processors:
    [indices refer to OS logical processors]
      Package  0: [   0   1] [   2   3] [   4   5] [   6   7] [   8   9] [  10  11] [  12  13] [  14  15] [  16  17] [  18  19] [  20  21] [  22  23]
    CPU limit set by OS: -1   Recommended max number of threads: 24
  GPU info:
    Number of GPUs detected: 1
    #0: NVIDIA NVIDIA GeForce RTX 5060 Laptop GPU, compute cap.: 12.0, ECC:  no, stat: compatible


++++ PLEASE READ AND CITE THE FOLLOWING REFERENCE ++++
M. J. Abraham, T. Murtola, R. Schulz, S. Páll, J. C. Smith, B. Hess, E.
Lindahl
GROMACS: High performance molecular simulations through multi-level
parallelism from laptops to supercomputers
SoftwareX (2015)
DOI: 10.1016/j.softx.2015.06.001
-------- -------- --- Thank You --- -------- --------


++++ PLEASE READ AND CITE THE FOLLOWING REFERENCE ++++
S. Páll, M. J. Abraham, C. Kutzner, B. Hess, E. Lindahl
Tackling Exascale Software Challenges in Molecular Dynamics Simulations with
GROMACS
In S. Markidis & E. Laure (Eds.), Solving Software Challenges for Exascale (2015)
DOI: 10.1007/978-3-319-15976-8_1
-------- -------- --- Thank You --- -------- --------


++++ PLEASE READ AND CITE THE FOLLOWING REFERENCE ++++
S. Pronk, S. Páll, R. Schulz, P. Larsson, P. Bjelkmar, R. Apostolov, M. R.
Shirts, J. C. Smith, P. M. Kasson, D. van der Spoel, B. Hess, E. Lindahl
GROMACS 4.5: a high-throughput and highly parallel open source molecular
simulation toolkit
Bioinformatics (2013)
DOI: 10.1093/bioinformatics/btt055
-------- -------- --- Thank You --- -------- --------


++++ PLEASE READ AND CITE THE FOLLOWING REFERENCE ++++
B. Hess, C. Kutzner, D. van der Spoel, E. Lindahl
GROMACS 4: Algorithms for highly efficient, load-balanced, and scalable
molecular simulation
J. Chem. Theory Comput. (2008)
DOI: 10.1021/ct700301q
-------- -------- --- Thank You --- -------- --------


++++ PLEASE READ AND CITE THE FOLLOWING REFERENCE ++++
D. van der Spoel, E. Lindahl, B. Hess, G. Groenhof, A. E. Mark, H. J. C.
Berendsen
GROMACS: Fast, Flexible and Free
J. Comp. Chem. (2005)
DOI: 10.1002/jcc.20291
-------- -------- --- Thank You --- -------- --------


++++ PLEASE READ AND CITE THE FOLLOWING REFERENCE ++++
E. Lindahl, B. Hess, D. van der Spoel
GROMACS 3.0: A package for molecular simulation and trajectory analysis
J. Mol. Mod. (2001)
DOI: 10.1007/s008940100045
-------- -------- --- Thank You --- -------- --------


++++ PLEASE READ AND CITE THE FOLLOWING REFERENCE ++++
H. J. C. Berendsen, D. van der Spoel and R. van Drunen
GROMACS: A message-passing parallel molecular dynamics implementation
Comp. Phys. Comm. (1995)
DOI: 10.1016/0010-4655(95)00042-E
-------- -------- --- Thank You --- -------- --------


++++ PLEASE CITE THE DOI FOR THIS VERSION OF GROMACS ++++
https://doi.org/10.5281/zenodo.15387018
-------- -------- --- Thank You --- -------- --------

Input Parameters:
   integrator                     = md
   tinit                          = 0
   dt                             = 0.002
   nsteps                         = 50000000
   init-step                      = 0
   simulation-part                = 1
   mts                            = false
   mass-repartition-factor        = 1
   comm-mode                      = Linear
   nstcomm                        = 100
   bd-fric                        = 0
   ld-seed                        = -70787337
   emtol                          = 10
   emstep                         = 0.01
   niter                          = 20
   fcstep                         = 0
   nstcgsteep                     = 1000
   nbfgscorr                      = 10
   rtpi                           = 0.05
   nstxout                        = 0
   nstvout                        = 0
   nstfout                        = 0
   nstlog                         = 50000
   nstcalcenergy                  = 100
   nstenergy                      = 50000
   nstxout-compressed             = 50000
   compressed-x-precision         = 1000
   cutoff-scheme                  = Verlet
   nstlist                        = 40
   pbc                            = xyz
   periodic-molecules             = false
   verlet-buffer-tolerance        = 0.005
   verlet-buffer-pressure-tolerance = 0.5
   rlist                          = 1.09
   coulombtype                    = PME
   coulomb-modifier               = Potential-shift
   rcoulomb-switch                = 0
   rcoulomb                       = 1
   epsilon-r                      = 1
   epsilon-rf                     = inf
   vdw-type                       = Cut-off
   vdw-modifier                   = Potential-shift
   rvdw-switch                    = 0
   rvdw                           = 1
   DispCorr                       = EnerPres
   table-extension                = 1
   fourierspacing                 = 0.12
   fourier-nx                     = 144
   fourier-ny                     = 144
   fourier-nz                     = 144
   pme-order                      = 4
   ewald-rtol                     = 1e-05
   ewald-rtol-lj                  = 0.001
   lj-pme-comb-rule               = Geometric
   ewald-geometry                 = 3d
   epsilon-surface                = 0
   ensemble-temperature-setting   = constant
   ensemble-temperature           = 300
   tcoupl                         = V-rescale
   nsttcouple                     = 10
   nh-chain-length                = 0
   print-nose-hoover-chain-variables = false
   pcoupl                         = Parrinello-Rahman
   pcoupltype                     = Isotropic
   nstpcouple                     = 50
   tau-p                          = 2
   compressibility (3x3):
      compressibility[    0]={ 4.50000e-05,  0.00000e+00,  0.00000e+00}
      compressibility[    1]={ 0.00000e+00,  4.50000e-05,  0.00000e+00}
      compressibility[    2]={ 0.00000e+00,  0.00000e+00,  4.50000e-05}
   ref-p (3x3):
      ref-p[    0]={ 1.00000e+00,  0.00000e+00,  0.00000e+00}
      ref-p[    1]={ 0.00000e+00,  1.00000e+00,  0.00000e+00}
      ref-p[    2]={ 0.00000e+00,  0.00000e+00,  1.00000e+00}
   refcoord-scaling               = COM
   posres-com: not available
   posres-comB: not available
   QMMM                           = false
qm-opts:
   ngQM                           = 0
   constraint-algorithm           = Lincs
   continuation                   = true
   Shake-SOR                      = false
   shake-tol                      = 0.0001
   lincs-order                    = 4
   lincs-iter                     = 1
   lincs-warnangle                = 30
   nwall                          = 0
   wall-type                      = 9-3
   wall-r-linpot                  = -1
   wall-atomtype[0]               = -1
   wall-atomtype[1]               = -1
   wall-density[0]                = 0
   wall-density[1]                = 0
   wall-ewald-zfac                = 3
   pull                           = false
   awh                            = false
   rotation                       = false
   interactiveMD                  = false
   disre                          = No
   disre-weighting                = Conservative
   disre-mixed                    = false
   dr-fc                          = 1000
   dr-tau                         = 0
   nstdisreout                    = 100
   orire-fc                       = 0
   orire-tau                      = 0
   nstorireout                    = 100
   free-energy                    = no
   cos-acceleration               = 0
   deform (3x3):
      deform[    0]={ 0.00000e+00,  0.00000e+00,  0.00000e+00}
      deform[    1]={ 0.00000e+00,  0.00000e+00,  0.00000e+00}
      deform[    2]={ 0.00000e+00,  0.00000e+00,  0.00000e+00}
   simulated-tempering            = false
   swapcoords                     = no
   userint1                       = 0
   userint2                       = 0
   userint3                       = 0
   userint4                       = 0
   userreal1                      = 0
   userreal2                      = 0
   userreal3                      = 0
   userreal4                      = 0
   applied-forces:
     electric-field:
       x:
         E0                       = 0
         omega                    = 0
         t0                       = 0
         sigma                    = 0
       y:
         E0                       = 0
         omega                    = 0
         t0                       = 0
         sigma                    = 0
       z:
         E0                       = 0
         omega                    = 0
         t0                       = 0
         sigma                    = 0
     density-guided-simulation:
       active                     = false
       group                      = protein
       similarity-measure         = inner-product
       atom-spreading-weight      = unity
       force-constant             = 1e+09
       gaussian-transform-spreading-width = 0.2
       gaussian-transform-spreading-range-in-multiples-of-width = 4
       reference-density-filename = reference.mrc
       nst                        = 1
       normalize-densities        = true
       adaptive-force-scaling     = false
       adaptive-force-scaling-time-constant = 4
       shift-vector               = 
       transformation-matrix      = 
     qmmm-cp2k:
       active                     = false
       qmgroup                    = System
       qmmethod                   = PBE
       qmfilenames                = 
       qmcharge                   = 0
       qmmultiplicity             = 1
     colvars:
       active                     = false
       configfile                 = 
       seed                       = -1
     nnpot:
       active                     = false
       modelfile                  = model.pt
       input-group                = System
       model-input1               = 
       model-input2               = 
       model-input3               = 
       model-input4               = 
grpopts:
   nrdf:     23431.9      489474
   ref-t:         300         300
   tau-t:         0.1         0.1
annealing:          No          No
annealing-npoints:           0           0
   acc:	           0           0           0
   nfreeze:           N           N           N
   energygrp-flags[  0]: 0

Changing nstlist from 40 to 100, rlist from 1.09 to 1.161

When checking whether update groups are usable:
  Domain decomposition is not active, so there is no need for update groups

Local state does not use filler particles

1 GPU selected for this run.
Mapping of GPU IDs to the 2 GPU tasks in the 1 rank on this node:
  PP:0,PME:0
PP tasks will do (non-perturbed) short-ranged interactions on the GPU
PP task will update and constrain coordinates on the GPU
PME tasks will do all aspects on the GPU
Using 1 MPI thread
Using 16 OpenMP threads 

System total charge: 0.000
Will do PME sum in reciprocal space for electrostatic interactions.

++++ PLEASE READ AND CITE THE FOLLOWING REFERENCE ++++
U. Essmann, L. Perera, M. L. Berkowitz, T. Darden, H. Lee, L. G. Pedersen 
A smooth particle mesh Ewald method
J. Chem. Phys. (1995)
DOI: 10.1063/1.470117
-------- -------- --- Thank You --- -------- --------

Using a Gaussian width (1/beta) of 0.320163 nm for Ewald
Potential shift: LJ r^-12: -1.000e+00 r^-6: -1.000e+00, Ewald -1.000e-05
Initialized non-bonded Coulomb Ewald tables, spacing: 9.33e-04 size: 1073

Generated table with 1080 data points for 1-4 COUL.
Tabscale = 500 points/nm
Generated table with 1080 data points for 1-4 LJ6.
Tabscale = 500 points/nm
Generated table with 1080 data points for 1-4 LJ12.
Tabscale = 500 points/nm
Long Range LJ corr.: <C6> 2.9632e-04


Using GPU 8x4 nonbonded short-range kernels

NBNxM GPU setup: super-cluster 2x2x2

Using a dual 8x4 pair-list setup updated with dynamic, rolling pruning:
  outer list: updated every 100 steps, buffer 0.161 nm, rlist 1.161 nm
  inner list: updated every   8 steps, buffer 0.001 nm, rlist 1.001 nm
At tolerance 0.005 kJ/mol/ps per atom, equivalent classical 1x1 list would be:
  outer list: updated every 100 steps, buffer 0.309 nm, rlist 1.309 nm
  inner list: updated every   8 steps, buffer 0.030 nm, rlist 1.030 nm

The average pressure is off by at most 0.52 bar due to missing LJ interactions

Using Lorentz-Berthelot Lennard-Jones combination rule

Pinning threads with an auto-selected logical cpu stride of 1

Initializing LINear Constraint Solver

++++ PLEASE READ AND CITE THE FOLLOWING REFERENCE ++++
B. Hess, H. Bekker, H. J. C. Berendsen, J. G. E. M. Fraaije
LINCS: A Linear Constraint Solver for molecular simulations
J. Comp. Chem. (1997)
DOI: 10.1002/(sici)1096-987x(199709)18:12<1463::aid-jcc4>3.0.co;2-h
-------- -------- --- Thank You --- -------- --------

The number of constraints is 4579

++++ PLEASE READ AND CITE THE FOLLOWING REFERENCE ++++
S. Miyamoto, P. A. Kollman
SETTLE: An Analytical Version of the SHAKE and RATTLE Algorithms for Rigid
Water Models
J. Comp. Chem. (1992)
DOI: 10.1002/jcc.540130805
-------- -------- --- Thank You --- -------- --------


++++ PLEASE READ AND CITE THE FOLLOWING REFERENCE ++++
G. Bussi, D. Donadio, M. Parrinello
Canonical sampling through velocity rescaling
J. Chem. Phys. (2007)
DOI: 10.1063/1.2408420
-------- -------- --- Thank You --- -------- --------

There are: 253840 Atoms

Updating coordinates and applying constraints on the GPU.
Center of mass motion removal mode is Linear
We have the following groups for center of mass motion removal:
  0:  rest

Started mdrun on rank 0 Tue Sep 29 01:12:39 2026

           Step           Time
              0        0.00000

   Energies (kJ/mol)
           Bond          Angle    Proper Dih. Per. Imp. Dih.          LJ-14
    7.10294e+03    1.92373e+04    2.47156e+04    1.13687e+03    9.11279e+03
     Coulomb-14        LJ (SR)  Disper. corr.   Coulomb (SR)   Coul. recip.
    1.03894e+05    5.03209e+05   -3.08258e+04   -4.16305e+06    2.39920e+04
      Potential    Kinetic En.   Total Energy  Conserved En.    Temperature
   -3.50147e+06    6.42843e+05   -2.85863e+06   -2.85847e+06    3.01483e+02
 Pres. DC (bar) Pressure (bar)   Constr. rmsd
   -1.97771e+02   -1.23269e+02    0.00000e+00

step 2000: timed with pme grid 144 144 144, coulomb cutoff 1.000: 651.1 M-cycles
step 2200: timed with pme grid 120 120 120, coulomb cutoff 1.071: 819.1 M-cycles
step 2400: timed with pme grid 128 128 128, coulomb cutoff 1.004: 774.4 M-cycles
step 2600: timed with pme grid 144 144 144, coulomb cutoff 1.000: 779.9 M-cycles
              optimal pme grid 144 144 144, coulomb cutoff 1.000
           Step           Time
          50000      100.00000

   Energies (kJ/mol)
           Bond          Angle    Proper Dih. Per. Imp. Dih.          LJ-14
    7.21820e+03    1.94676e+04    2.43221e+04    1.15627e+03    8.96487e+03
     Coulomb-14        LJ (SR)  Disper. corr.   Coulomb (SR)   Coul. recip.
    1.02846e+05    5.05872e+05   -3.11402e+04   -4.17432e+06    2.37416e+04
      Potential    Kinetic En.   Total Energy  Conserved En.    Temperature
   -3.51187e+06    6.39564e+05   -2.87230e+06   -2.85643e+06    2.99945e+02
 Pres. DC (bar) Pressure (bar)   Constr. rmsd
   -2.01821e+02   -1.79464e+00    0.00000e+00

           Step           Time
         100000      200.00000

   Energies (kJ/mol)
           Bond          Angle    Proper Dih. Per. Imp. Dih.          LJ-14
    7.41335e+03    1.98757e+04    2.42720e+04    1.17919e+03    8.85961e+03
     Coulomb-14        LJ (SR)  Disper. corr.   Coulomb (SR)   Coul. recip.
    1.02398e+05    5.04333e+05   -3.11687e+04   -4.17109e+06    2.36076e+04
      Potential    Kinetic En.   Total Energy  Conserved En.    Temperature
   -3.51032e+06    6.41206e+05   -2.86911e+06   -2.85446e+06    3.00716e+02
 Pres. DC (bar) Pressure (bar)   Constr. rmsd
   -2.02190e+02   -3.14367e+01    0.00000e+00

           Step           Time
         150000      300.00000

   Energies (kJ/mol)
           Bond          Angle    Proper Dih. Per. Imp. Dih.          LJ-14
    7.40303e+03    1.95030e+04    2.42600e+04    1.17120e+03    8.76303e+03
     Coulomb-14        LJ (SR)  Disper. corr.   Coulomb (SR)   Coul. recip.
    1.02919e+05    5.08556e+05   -3.12384e+04   -4.17907e+06    2.37535e+04
      Potential    Kinetic En.   Total Energy  Conserved En.    Temperature
   -3.51398e+06    6.38054e+05   -2.87593e+06   -2.85291e+06    2.99237e+02
 Pres. DC (bar) Pressure (bar)   Constr. rmsd
   -2.03095e+02    1.27909e+01    0.00000e+00

           Step           Time
         200000      400.00000

   Energies (kJ/mol)
           Bond          Angle    Proper Dih. Per. Imp. Dih.          LJ-14
    7.17507e+03    1.91791e+04    2.42421e+04    1.24119e+03    8.93503e+03
     Coulomb-14        LJ (SR)  Disper. corr.   Coulomb (SR)   Coul. recip.
    1.02949e+05    5.09165e+05   -3.13034e+04   -4.17808e+06    2.35951e+04
      Potential    Kinetic En.   Total Energy  Conserved En.    Temperature
   -3.51290e+06    6.38784e+05   -2.87412e+06   -2.85128e+06    2.99580e+02
 Pres. DC (bar) Pressure (bar)   Constr. rmsd
   -2.03939e+02    1.12492e+02    0.00000e+00

           Step           Time
         250000      500.00000

   Energies (kJ/mol)
           Bond          Angle    Proper Dih. Per. Imp. Dih.          LJ-14
    7.58081e+03    1.96249e+04    2.41537e+04    1.15612e+03    8.78086e+03
     Coulomb-14        LJ (SR)  Disper. corr.   Coulomb (SR)   Coul. recip.
    1.02880e+05    5.07217e+05   -3.12025e+04   -4.17729e+06    2.35835e+04
      Potential    Kinetic En.   Total Energy  Conserved En.    Temperature
   -3.51352e+06    6.41919e+05   -2.87160e+06   -2.84950e+06    3.01050e+02
 Pres. DC (bar) Pressure (bar)   Constr. rmsd
   -2.02629e+02   -2.01762e+01    0.00000e+00

           Step           Time
         300000      600.00000

   Energies (kJ/mol)
           Bond          Angle    Proper Dih. Per. Imp. Dih.          LJ-14
    7.51959e+03    1.93860e+04    2.41282e+04    1.27573e+03    8.88753e+03
     Coulomb-14        LJ (SR)  Disper. corr.   Coulomb (SR)   Coul. recip.
    1.02884e+05    5.05325e+05   -3.12239e+04   -4.17412e+06    2.35381e+04
      Potential    Kinetic En.   Total Energy  Conserved En.    Temperature
   -3.51240e+06    6.40473e+05   -2.87192e+06   -2.84810e+06    3.00372e+02
 Pres. DC (bar) Pressure (bar)   Constr. rmsd
   -2.02907e+02   -1.86534e+01    0.00000e+00

Writing checkpoint, step 314800 at Tue Sep 29 01:27:39 2026


           Step           Time
         350000      700.00000

   Energies (kJ/mol)
           Bond          Angle    Proper Dih. Per. Imp. Dih.          LJ-14
    7.25597e+03    1.93545e+04    2.42583e+04    1.24473e+03    8.89506e+03
     Coulomb-14        LJ (SR)  Disper. corr.   Coulomb (SR)   Coul. recip.
    1.02873e+05    5.10947e+05   -3.12341e+04   -4.18309e+06    2.36089e+04
      Potential    Kinetic En.   Total Energy  Conserved En.    Temperature
   -3.51589e+06    6.40313e+05   -2.87558e+06   -2.84592e+06    3.00297e+02
 Pres. DC (bar) Pressure (bar)   Constr. rmsd
   -2.03039e+02    8.86992e+01    0.00000e+00

           Step           Time
         400000      800.00000

   Energies (kJ/mol)
           Bond          Angle    Proper Dih. Per. Imp. Dih.          LJ-14
    7.52370e+03    1.92974e+04    2.43827e+04    1.17379e+03    8.89701e+03
     Coulomb-14        LJ (SR)  Disper. corr.   Coulomb (SR)   Coul. recip.
    1.03351e+05    5.06799e+05   -3.13062e+04   -4.17583e+06    2.35310e+04
      Potential    Kinetic En.   Total Energy  Conserved En.    Temperature
   -3.51219e+06    6.42078e+05   -2.87011e+06   -2.84362e+06    3.01124e+02
 Pres. DC (bar) Pressure (bar)   Constr. rmsd
   -2.03976e+02    6.60956e+01    0.00000e+00

           Step           Time
         450000      900.00000

   Energies (kJ/mol)
           Bond          Angle    Proper Dih. Per. Imp. Dih.          LJ-14
    7.42403e+03    1.90863e+04    2.43858e+04    1.19886e+03    8.93409e+03
     Coulomb-14        LJ (SR)  Disper. corr.   Coulomb (SR)   Coul. recip.
    1.02973e+05    5.06530e+05   -3.11639e+04   -4.17461e+06    2.38319e+04
      Potential    Kinetic En.   Total Energy  Conserved En.    Temperature
   -3.51141e+06    6.40238e+05   -2.87117e+06   -2.84205e+06    3.00261e+02
 Pres. DC (bar) Pressure (bar)   Constr. rmsd
   -2.02128e+02   -4.78040e+00    0.00000e+00

           Step           Time
         500000     1000.00000

   Energies (kJ/mol)
           Bond          Angle    Proper Dih. Per. Imp. Dih.          LJ-14
    7.40582e+03    1.93863e+04    2.42292e+04    1.14398e+03    8.80829e+03
     Coulomb-14        LJ (SR)  Disper. corr.   Coulomb (SR)   Coul. recip.
    1.02428e+05    5.07601e+05   -3.12240e+04   -4.17728e+06    2.36245e+04
      Potential    Kinetic En.   Total Energy  Conserved En.    Temperature
   -3.51388e+06    6.39362e+05   -2.87452e+06   -2.83984e+06    2.99851e+02
 Pres. DC (bar) Pressure (bar)   Constr. rmsd
   -2.02907e+02    1.85895e+00    0.00000e+00

           Step           Time
         550000     1100.00000

   Energies (kJ/mol)
           Bond          Angle    Proper Dih. Per. Imp. Dih.          LJ-14
    7.58162e+03    1.93171e+04    2.40451e+04    1.17106e+03    8.91523e+03
     Coulomb-14        LJ (SR)  Disper. corr.   Coulomb (SR)   Coul. recip.
    1.02550e+05    5.03010e+05   -3.11172e+04   -4.17101e+06    2.40239e+04
      Potential    Kinetic En.   Total Energy  Conserved En.    Temperature
   -3.51151e+06    6.40184e+05   -2.87133e+06   -2.83780e+06    3.00236e+02
 Pres. DC (bar) Pressure (bar)   Constr. rmsd
   -2.01524e+02   -8.57512e+01    0.00000e+00

           Step           Time
         600000     1200.00000

   Energies (kJ/mol)
           Bond          Angle    Proper Dih. Per. Imp. Dih.          LJ-14
    7.32767e+03    1.89949e+04    2.40592e+04    1.13290e+03    8.79877e+03
     Coulomb-14        LJ (SR)  Disper. corr.   Coulomb (SR)   Coul. recip.
    1.02764e+05    5.09559e+05   -3.12133e+04   -4.18351e+06    2.35602e+04
      Potential    Kinetic En.   Total Energy  Conserved En.    Temperature
   -3.51852e+06    6.40286e+05   -2.87824e+06   -2.83592e+06    3.00284e+02
 Pres. DC (bar) Pressure (bar)   Constr. rmsd
   -2.02768e+02    5.66632e+01    0.00000e+00

           Step           Time
         650000     1300.00000

   Energies (kJ/mol)
           Bond          Angle    Proper Dih. Per. Imp. Dih.          LJ-14
    7.37664e+03    1.91508e+04    2.40606e+04    1.19190e+03    8.77696e+03
     Coulomb-14        LJ (SR)  Disper. corr.   Coulomb (SR)   Coul. recip.
    1.02318e+05    5.06042e+05   -3.11750e+04   -4.17161e+06    2.36267e+04
      Potential    Kinetic En.   Total Energy  Conserved En.    Temperature
   -3.51024e+06    6.38465e+05   -2.87178e+06   -2.83397e+06    2.99430e+02
 Pres. DC (bar) Pressure (bar)   Constr. rmsd
   -2.02272e+02   -1.50023e+01    0.00000e+00

Writing checkpoint, step 656800 at Tue Sep 29 01:42:39 2026


           Step           Time
         700000     1400.00000

   Energies (kJ/mol)
           Bond          Angle    Proper Dih. Per. Imp. Dih.          LJ-14
    7.36204e+03    1.92687e+04    2.41873e+04    1.22874e+03    8.96870e+03
     Coulomb-14        LJ (SR)  Disper. corr.   Coulomb (SR)   Coul. recip.
    1.02684e+05    5.08088e+05   -3.12735e+04   -4.18064e+06    2.36854e+04
      Potential    Kinetic En.   Total Energy  Conserved En.    Temperature
   -3.51644e+06    6.39019e+05   -2.87742e+06   -2.83198e+06    2.99690e+02
 Pres. DC (bar) Pressure (bar)   Constr. rmsd
   -2.03550e+02    6.74772e+01    0.00000e+00

           Step           Time
         750000     1500.00000

   Energies (kJ/mol)
           Bond          Angle    Proper Dih. Per. Imp. Dih.          LJ-14
    7.29174e+03    1.93281e+04    2.42945e+04    1.10119e+03    8.94850e+03
     Coulomb-14        LJ (SR)  Disper. corr.   Coulomb (SR)   Coul. recip.
    1.03040e+05    5.07570e+05   -3.12393e+04   -4.17607e+06    2.35316e+04
      Potential    Kinetic En.   Total Energy  Conserved En.    Temperature
   -3.51221e+06    6.39390e+05   -2.87282e+06   -2.83039e+06    2.99863e+02
 Pres. DC (bar) Pressure (bar)   Constr. rmsd
   -2.03106e+02    5.00044e+01    0.00000e+00

           Step           Time
         800000     1600.00000

   Energies (kJ/mol)
           Bond          Angle    Proper Dih. Per. Imp. Dih.          LJ-14
    7.18342e+03    1.93266e+04    2.41795e+04    1.27164e+03    8.71086e+03
     Coulomb-14        LJ (SR)  Disper. corr.   Coulomb (SR)   Coul. recip.
    1.02412e+05    5.04496e+05   -3.11484e+04   -4.17255e+06    2.34920e+04
      Potential    Kinetic En.   Total Energy  Conserved En.    Temperature
   -3.51263e+06    6.37607e+05   -2.87502e+06   -2.82881e+06    2.99027e+02
 Pres. DC (bar) Pressure (bar)   Constr. rmsd
   -2.01927e+02   -9.17873e+01    0.00000e+00

           Step           Time
         850000     1700.00000

   Energies (kJ/mol)
           Bond          Angle    Proper Dih. Per. Imp. Dih.          LJ-14
    7.10556e+03    1.94646e+04    2.41702e+04    1.17290e+03    8.84857e+03
     Coulomb-14        LJ (SR)  Disper. corr.   Coulomb (SR)   Coul. recip.
    1.02834e+05    5.05970e+05   -3.12199e+04   -4.17386e+06    2.37444e+04
      Potential    Kinetic En.   Total Energy  Conserved En.    Temperature
   -3.51177e+06    6.38135e+05   -2.87364e+06   -2.82705e+06    2.99275e+02
 Pres. DC (bar) Pressure (bar)   Constr. rmsd
   -2.02854e+02    1.71077e+01    0.00000e+00

           Step           Time
         900000     1800.00000

   Energies (kJ/mol)
           Bond          Angle    Proper Dih. Per. Imp. Dih.          LJ-14
    7.40364e+03    1.95092e+04    2.40452e+04    1.20898e+03    8.93732e+03
     Coulomb-14        LJ (SR)  Disper. corr.   Coulomb (SR)   Coul. recip.
    1.02680e+05    5.08637e+05   -3.11900e+04   -4.17715e+06    2.39031e+04
      Potential    Kinetic En.   Total Energy  Conserved En.    Temperature
   -3.51202e+06    6.42246e+05   -2.86977e+06   -2.82512e+06    3.01203e+02
 Pres. DC (bar) Pressure (bar)   Constr. rmsd
   -2.02466e+02    3.53890e+01    0.00000e+00

           Step           Time
         950000     1900.00000

   Energies (kJ/mol)
           Bond          Angle    Proper Dih. Per. Imp. Dih.          LJ-14
    7.25675e+03    1.93041e+04    2.42332e+04    1.14821e+03    8.74491e+03
     Coulomb-14        LJ (SR)  Disper. corr.   Coulomb (SR)   Coul. recip.
    1.02773e+05    5.05058e+05   -3.12430e+04   -4.17614e+06    2.34512e+04
      Potential    Kinetic En.   Total Energy  Conserved En.    Temperature
   -3.51542e+06    6.36842e+05   -2.87858e+06   -2.82278e+06    2.98669e+02
 Pres. DC (bar) Pressure (bar)   Constr. rmsd
   -2.03154e+02   -8.66373e+01    0.00000e+00

Writing checkpoint, step 998400 at Tue Sep 29 01:57:39 2026


           Step           Time
        1000000     2000.00000

   Energies (kJ/mol)
           Bond          Angle    Proper Dih. Per. Imp. Dih.          LJ-14
    7.09279e+03    1.93557e+04    2.43243e+04    1.11102e+03    8.89937e+03
     Coulomb-14        LJ (SR)  Disper. corr.   Coulomb (SR)   Coul. recip.
    1.02607e+05    5.09466e+05   -3.12177e+04   -4.18102e+06    2.36346e+04
      Potential    Kinetic En.   Total Energy  Conserved En.    Temperature
   -3.51575e+06    6.38444e+05   -2.87730e+06   -2.82022e+06    2.99420e+02
 Pres. DC (bar) Pressure (bar)   Constr. rmsd
   -2.02825e+02    6.60807e+01    0.00000e+00

           Step           Time
        1050000     2100.00000

   Energies (kJ/mol)
           Bond          Angle    Proper Dih. Per. Imp. Dih.          LJ-14
    7.14713e+03    1.93528e+04    2.39968e+04    1.12943e+03    8.91269e+03
     Coulomb-14        LJ (SR)  Disper. corr.   Coulomb (SR)   Coul. recip.
    1.02962e+05    5.10653e+05   -3.12434e+04   -4.18388e+06    2.34594e+04
      Potential    Kinetic En.   Total Energy  Conserved En.    Temperature
   -3.51751e+06    6.39891e+05   -2.87762e+06   -2.81910e+06    3.00099e+02
 Pres. DC (bar) Pressure (bar)   Constr. rmsd
   -2.03159e+02    9.11606e+01    0.00000e+00

           Step           Time
        1100000     2200.00000

   Energies (kJ/mol)
           Bond          Angle    Proper Dih. Per. Imp. Dih.          LJ-14
    7.16581e+03    1.96316e+04    2.42081e+04    1.32717e+03    8.96812e+03
     Coulomb-14        LJ (SR)  Disper. corr.   Coulomb (SR)   Coul. recip.
    1.02976e+05    5.07336e+05   -3.11913e+04   -4.17659e+06    2.38706e+04
      Potential    Kinetic En.   Total Energy  Conserved En.    Temperature
   -3.51230e+06    6.39759e+05   -2.87254e+06   -2.81697e+06    3.00037e+02
 Pres. DC (bar) Pressure (bar)   Constr. rmsd
   -2.02483e+02    3.00908e+01    0.00000e+00

           Step           Time
        1150000     2300.00000

   Energies (kJ/mol)
           Bond          Angle    Proper Dih. Per. Imp. Dih.          LJ-14
    7.35456e+03    1.92276e+04    2.40413e+04    1.18523e+03    8.90979e+03
     Coulomb-14        LJ (SR)  Disper. corr.   Coulomb (SR)   Coul. recip.
    1.02650e+05    5.04166e+05   -3.11798e+04   -4.17525e+06    2.36725e+04
      Potential    Kinetic En.   Total Energy  Conserved En.    Temperature
   -3.51522e+06    6.39663e+05   -2.87556e+06   -2.81539e+06    2.99992e+02
 Pres. DC (bar) Pressure (bar)   Constr. rmsd
   -2.02334e+02   -8.01270e+01    0.00000e+00

           Step           Time
        1200000     2400.00000

   Energies (kJ/mol)
           Bond          Angle    Proper Dih. Per. Imp. Dih.          LJ-14
    7.37286e+03    1.92108e+04    2.41608e+04    1.17680e+03    8.98739e+03
     Coulomb-14        LJ (SR)  Disper. corr.   Coulomb (SR)   Coul. recip.
    1.03242e+05    5.08082e+05   -3.11236e+04   -4.18046e+06    2.36442e+04
      Potential    Kinetic En.   Total Energy  Conserved En.    Temperature
   -3.51571e+06    6.39322e+05   -2.87639e+06   -2.81313e+06    2.99832e+02
 Pres. DC (bar) Pressure (bar)   Constr. rmsd
   -2.01606e+02   -7.35466e-01    0.00000e+00

           Step           Time
        1250000     2500.00000

   Energies (kJ/mol)
           Bond          Angle    Proper Dih. Per. Imp. Dih.          LJ-14
    7.50021e+03    1.93096e+04    2.42097e+04    1.14675e+03    8.88104e+03
     Coulomb-14        LJ (SR)  Disper. corr.   Coulomb (SR)   Coul. recip.
    1.02851e+05    5.04956e+05   -3.11886e+04   -4.17338e+06    2.35176e+04
      Potential    Kinetic En.   Total Energy  Conserved En.    Temperature
   -3.51220e+06    6.40431e+05   -2.87177e+06   -2.81133e+06    3.00352e+02
 Pres. DC (bar) Pressure (bar)   Constr. rmsd
   -2.02448e+02   -4.01396e+01    0.00000e+00

           Step           Time
        1300000     2600.00000

   Energies (kJ/mol)
           Bond          Angle    Proper Dih. Per. Imp. Dih.          LJ-14
    7.39970e+03    1.97303e+04    2.41379e+04    1.16316e+03    8.91045e+03
     Coulomb-14        LJ (SR)  Disper. corr.   Coulomb (SR)   Coul. recip.
    1.02750e+05    5.03636e+05   -3.11638e+04   -4.17321e+06    2.33538e+04
      Potential    Kinetic En.   Total Energy  Conserved En.    Temperature
   -3.51329e+06    6.42283e+05   -2.87101e+06   -2.80922e+06    3.01220e+02
 Pres. DC (bar) Pressure (bar)   Constr. rmsd
   -2.02127e+02   -9.23477e+01    0.00000e+00

Writing checkpoint, step 1340500 at Tue Sep 29 02:12:39 2026


           Step           Time
        1350000     2700.00000

   Energies (kJ/mol)
           Bond          Angle    Proper Dih. Per. Imp. Dih.          LJ-14
    7.27885e+03    1.95300e+04    2.42800e+04    1.22203e+03    8.88327e+03
     Coulomb-14        LJ (SR)  Disper. corr.   Coulomb (SR)   Coul. recip.
    1.03019e+05    5.04641e+05   -3.11063e+04   -4.17270e+06    2.39063e+04
      Potential    Kinetic En.   Total Energy  Conserved En.    Temperature
   -3.51105e+06    6.37937e+05   -2.87311e+06   -2.80682e+06    2.99182e+02
 Pres. DC (bar) Pressure (bar)   Constr. rmsd
   -2.01382e+02   -1.06887e+02    0.00000e+00

           Step           Time
        1400000     2800.00000

   Energies (kJ/mol)
           Bond          Angle    Proper Dih. Per. Imp. Dih.          LJ-14
    7.42851e+03    1.91973e+04    2.43589e+04    1.14713e+03    8.81415e+03
     Coulomb-14        LJ (SR)  Disper. corr.   Coulomb (SR)   Coul. recip.
    1.02643e+05    5.05096e+05   -3.12678e+04   -4.17800e+06    2.37591e+04
      Potential    Kinetic En.   Total Energy  Conserved En.    Temperature
   -3.51683e+06    6.39934e+05   -2.87689e+06   -2.80524e+06    3.00119e+02
 Pres. DC (bar) Pressure (bar)   Constr. rmsd
   -2.03476e+02   -6.08714e+01    0.00000e+00

           Step           Time
        1450000     2900.00000

   Energies (kJ/mol)
           Bond          Angle    Proper Dih. Per. Imp. Dih.          LJ-14
    7.23825e+03    1.92664e+04    2.41056e+04    1.20466e+03    9.01671e+03
     Coulomb-14        LJ (SR)  Disper. corr.   Coulomb (SR)   Coul. recip.
    1.02813e+05    5.09041e+05   -3.12724e+04   -4.17903e+06    2.35547e+04
      Potential    Kinetic En.   Total Energy  Conserved En.    Temperature
   -3.51407e+06    6.41541e+05   -2.87252e+06   -2.80360e+06    3.00872e+02
 Pres. DC (bar) Pressure (bar)   Constr. rmsd
   -2.03537e+02    1.30383e+02    0.00000e+00

           Step           Time
        1500000     3000.00000

   Energies (kJ/mol)
           Bond          Angle    Proper Dih. Per. Imp. Dih.          LJ-14
    7.14615e+03    1.94850e+04    2.41453e+04    1.20962e+03    9.02962e+03
     Coulomb-14        LJ (SR)  Disper. corr.   Coulomb (SR)   Coul. recip.
    1.02839e+05    5.05090e+05   -3.11666e+04   -4.17490e+06    2.37211e+04
      Potential    Kinetic En.   Total Energy  Conserved En.    Temperature
   -3.51341e+06    6.40550e+05   -2.87286e+06   -2.80212e+06    3.00408e+02
 Pres. DC (bar) Pressure (bar)   Constr. rmsd
   -2.02163e+02   -4.00615e+01    0.00000e+00

           Step           Time
        1550000     3100.00000

   Energies (kJ/mol)
           Bond          Angle    Proper Dih. Per. Imp. Dih.          LJ-14
    7.41130e+03    1.92414e+04    2.38974e+04    1.23643e+03    8.93025e+03
     Coulomb-14        LJ (SR)  Disper. corr.   Coulomb (SR)   Coul. recip.
    1.02892e+05    5.08222e+05   -3.12105e+04   -4.17597e+06    2.35759e+04
      Potential    Kinetic En.   Total Energy  Conserved En.    Temperature
   -3.51178e+06    6.38539e+05   -2.87324e+06   -2.80006e+06    2.99465e+02
 Pres. DC (bar) Pressure (bar)   Constr. rmsd
   -2.02732e+02    3.09760e+01    0.00000e+00

           Step           Time
        1600000     3200.00000

   Energies (kJ/mol)
           Bond          Angle    Proper Dih. Per. Imp. Dih.          LJ-14
    7.35293e+03    1.95789e+04    2.43224e+04    1.19623e+03    8.88396e+03
     Coulomb-14        LJ (SR)  Disper. corr.   Coulomb (SR)   Coul. recip.
    1.02916e+05    5.06621e+05   -3.11709e+04   -4.17469e+06    2.38239e+04
      Potential    Kinetic En.   Total Energy  Conserved En.    Temperature
   -3.51116e+06    6.40359e+05   -2.87080e+06   -2.79759e+06    3.00318e+02
 Pres. DC (bar) Pressure (bar)   Constr. rmsd
   -2.02219e+02    1.52561e+00    0.00000e+00

           Step           Time
        1650000     3300.00000

   Energies (kJ/mol)
           Bond          Angle    Proper Dih. Per. Imp. Dih.          LJ-14
    7.35414e+03    1.92002e+04    2.42614e+04    1.21907e+03    8.85539e+03
     Coulomb-14        LJ (SR)  Disper. corr.   Coulomb (SR)   Coul. recip.
    1.02494e+05    5.04702e+05   -3.11739e+04   -4.17325e+06    2.33834e+04
      Potential    Kinetic En.   Total Energy  Conserved En.    Temperature
   -3.51295e+06    6.40016e+05   -2.87293e+06   -2.79578e+06    3.00157e+02
 Pres. DC (bar) Pressure (bar)   Constr. rmsd
   -2.02258e+02   -4.31737e+01    0.00000e+00

Writing checkpoint, step 1682600 at Tue Sep 29 02:27:39 2026


           Step           Time
        1700000     3400.00000

   Energies (kJ/mol)
           Bond          Angle    Proper Dih. Per. Imp. Dih.          LJ-14
    7.56118e+03    1.97191e+04    2.42708e+04    1.13339e+03    8.68580e+03
     Coulomb-14        LJ (SR)  Disper. corr.   Coulomb (SR)   Coul. recip.
    1.02874e+05    5.08500e+05   -3.11760e+04   -4.17787e+06    2.36397e+04
      Potential    Kinetic En.   Total Energy  Conserved En.    Temperature
   -3.51267e+06    6.41639e+05   -2.87103e+06   -2.79352e+06    3.00918e+02
 Pres. DC (bar) Pressure (bar)   Constr. rmsd
   -2.02284e+02    1.03448e+01    0.00000e+00

           Step           Time
        1750000     3500.00000

   Energies (kJ/mol)
           Bond          Angle    Proper Dih. Per. Imp. Dih.          LJ-14
    7.19715e+03    1.94770e+04    2.40765e+04    1.15609e+03    8.83218e+03
     Coulomb-14        LJ (SR)  Disper. corr.   Coulomb (SR)   Coul. recip.
    1.03211e+05    5.07654e+05   -3.12016e+04   -4.17616e+06    2.35814e+04
      Potential    Kinetic En.   Total Energy  Conserved En.    Temperature
   -3.51218e+06    6.40332e+05   -2.87185e+06   -2.79186e+06    3.00305e+02
 Pres. DC (bar) Pressure (bar)   Constr. rmsd
   -2.02616e+02    1.38414e+01    0.00000e+00

           Step           Time
        1800000     3600.00000

   Energies (kJ/mol)
           Bond          Angle    Proper Dih. Per. Imp. Dih.          LJ-14
    7.17797e+03    1.96890e+04    2.41096e+04    1.20779e+03    8.78371e+03
     Coulomb-14        LJ (SR)  Disper. corr.   Coulomb (SR)   Coul. recip.
    1.02632e+05    5.07727e+05   -3.11434e+04   -4.17698e+06    2.37906e+04
      Potential    Kinetic En.   Total Energy  Conserved En.    Temperature
   -3.51300e+06    6.36806e+05   -2.87620e+06   -2.79042e+06    2.98652e+02
 Pres. DC (bar) Pressure (bar)   Constr. rmsd
   -2.01863e+02    2.26409e+01    0.00000e+00

           Step           Time
        1850000     3700.00000

   Energies (kJ/mol)
           Bond          Angle    Proper Dih. Per. Imp. Dih.          LJ-14
    7.57158e+03    1.94009e+04    2.42727e+04    1.13248e+03    8.82808e+03
     Coulomb-14        LJ (SR)  Disper. corr.   Coulomb (SR)   Coul. recip.
    1.02647e+05    5.03354e+05   -3.12197e+04   -4.17213e+06    2.35873e+04
      Potential    Kinetic En.   Total Energy  Conserved En.    Temperature
   -3.51255e+06    6.43267e+05   -2.86929e+06   -2.78868e+06    3.01682e+02
 Pres. DC (bar) Pressure (bar)   Constr. rmsd
   -2.02852e+02   -7.07442e+01    0.00000e+00

           Step           Time
        1900000     3800.00000

   Energies (kJ/mol)
           Bond          Angle    Proper Dih. Per. Imp. Dih.          LJ-14
    7.26133e+03    1.95989e+04    2.41724e+04    1.16837e+03    8.85766e+03
     Coulomb-14        LJ (SR)  Disper. corr.   Coulomb (SR)   Coul. recip.
    1.02498e+05    5.05824e+05   -3.12009e+04   -4.17668e+06    2.35675e+04
      Potential    Kinetic En.   Total Energy  Conserved En.    Temperature
   -3.51493e+06    6.41571e+05   -2.87336e+06   -2.78665e+06    3.00887e+02
 Pres. DC (bar) Pressure (bar)   Constr. rmsd
   -2.02608e+02   -3.23984e+01    0.00000e+00

           Step           Time
        1950000     3900.00000

   Energies (kJ/mol)
           Bond          Angle    Proper Dih. Per. Imp. Dih.          LJ-14
    7.32292e+03    1.93921e+04    2.41736e+04    1.26141e+03    8.70387e+03
     Coulomb-14        LJ (SR)  Disper. corr.   Coulomb (SR)   Coul. recip.
    1.02665e+05    5.08155e+05   -3.11741e+04   -4.17952e+06    2.37801e+04
      Potential    Kinetic En.   Total Energy  Conserved En.    Temperature
   -3.51524e+06    6.37212e+05   -2.87803e+06   -2.78449e+06    2.98842e+02
 Pres. DC (bar) Pressure (bar)   Constr. rmsd
   -2.02260e+02   -5.15622e+01    0.00000e+00

           Step           Time
        2000000     4000.00000

   Energies (kJ/mol)
           Bond          Angle    Proper Dih. Per. Imp. Dih.          LJ-14
    7.10373e+03    1.91608e+04    2.41747e+04    1.20865e+03    8.88893e+03
     Coulomb-14        LJ (SR)  Disper. corr.   Coulomb (SR)   Coul. recip.
    1.02832e+05    5.12113e+05   -3.12607e+04   -4.18608e+06    2.34326e+04
      Potential    Kinetic En.   Total Energy  Conserved En.    Temperature
   -3.51843e+06    6.39848e+05   -2.87858e+06   -2.78308e+06    3.00079e+02
 Pres. DC (bar) Pressure (bar)   Constr. rmsd
   -2.03383e+02    9.90366e+01    0.00000e+00

Writing checkpoint, step 2025100 at Tue Sep 29 02:42:39 2026


           Step           Time
        2050000     4100.00000

   Energies (kJ/mol)
           Bond          Angle    Proper Dih. Per. Imp. Dih.          LJ-14
    7.25153e+03    1.89516e+04    2.41899e+04    1.29710e+03    8.85052e+03
     Coulomb-14        LJ (SR)  Disper. corr.   Coulomb (SR)   Coul. recip.
    1.03152e+05    5.09668e+05   -3.13044e+04   -4.18182e+06    2.34515e+04
      Potential    Kinetic En.   Total Energy  Conserved En.    Temperature
   -3.51631e+06    6.40567e+05   -2.87575e+06   -2.78138e+06    3.00416e+02
 Pres. DC (bar) Pressure (bar)   Constr. rmsd
   -2.03953e+02    7.97357e+01    0.00000e+00

           Step           Time
        2100000     4200.00000

   Energies (kJ/mol)
           Bond          Angle    Proper Dih. Per. Imp. Dih.          LJ-14
    7.28406e+03    1.91430e+04    2.42798e+04    1.11476e+03    9.01171e+03
     Coulomb-14        LJ (SR)  Disper. corr.   Coulomb (SR)   Coul. recip.
    1.02848e+05    5.07497e+05   -3.11934e+04   -4.17724e+06    2.36433e+04
      Potential    Kinetic En.   Total Energy  Conserved En.    Temperature
   -3.51361e+06    6.37184e+05   -2.87643e+06   -2.77993e+06    2.98829e+02
 Pres. DC (bar) Pressure (bar)   Constr. rmsd
   -2.02510e+02    4.81944e+01    0.00000e+00

           Step           Time
        2150000     4300.00000

   Energies (kJ/mol)
           Bond          Angle    Proper Dih. Per. Imp. Dih.          LJ-14
    7.39521e+03    1.94671e+04    2.41577e+04    1.25322e+03    9.01096e+03
     Coulomb-14        LJ (SR)  Disper. corr.   Coulomb (SR)   Coul. recip.
    1.02297e+05    5.02513e+05   -3.12769e+04   -4.17210e+06    2.35076e+04
      Potential    Kinetic En.   Total Energy  Conserved En.    Temperature
   -3.51378e+06    6.42419e+05   -2.87136e+06   -2.77793e+06    3.01284e+02
 Pres. DC (bar) Pressure (bar)   Constr. rmsd
   -2.03595e+02   -1.04266e+01    0.00000e+00

           Step           Time
        2200000     4400.00000

   Energies (kJ/mol)
           Bond          Angle    Proper Dih. Per. Imp. Dih.          LJ-14
    7.27184e+03    1.95490e+04    2.42881e+04    1.24917e+03    8.85553e+03
     Coulomb-14        LJ (SR)  Disper. corr.   Coulomb (SR)   Coul. recip.
    1.02396e+05    5.09936e+05   -3.12772e+04   -4.18050e+06    2.35179e+04
      Potential    Kinetic En.   Total Energy  Conserved En.    Temperature
   -3.51471e+06    6.41085e+05   -2.87363e+06   -2.77554e+06    3.00659e+02
 Pres. DC (bar) Pressure (bar)   Constr. rmsd
   -2.03598e+02    1.20221e+02    0.00000e+00

           Step           Time
        2250000     4500.00000

   Energies (kJ/mol)
           Bond          Angle    Proper Dih. Per. Imp. Dih.          LJ-14
    7.20325e+03    1.91893e+04    2.42985e+04    1.20593e+03    8.81011e+03
     Coulomb-14        LJ (SR)  Disper. corr.   Coulomb (SR)   Coul. recip.
    1.02967e+05    5.06440e+05   -3.11423e+04   -4.17508e+06    2.36630e+04
      Potential    Kinetic En.   Total Energy  Conserved En.    Temperature
   -3.51245e+06    6.38593e+05   -2.87386e+06   -2.77372e+06    2.99490e+02
 Pres. DC (bar) Pressure (bar)   Constr. rmsd
   -2.01849e+02   -4.29133e+01    0.00000e+00

           Step           Time
        2300000     4600.00000

   Energies (kJ/mol)
           Bond          Angle    Proper Dih. Per. Imp. Dih.          LJ-14
    7.32147e+03    1.93270e+04    2.42938e+04    1.20911e+03    8.88442e+03
     Coulomb-14        LJ (SR)  Disper. corr.   Coulomb (SR)   Coul. recip.
    1.02853e+05    5.07079e+05   -3.11699e+04   -4.17503e+06    2.36079e+04
      Potential    Kinetic En.   Total Energy  Conserved En.    Temperature
   -3.51162e+06    6.39420e+05   -2.87220e+06   -2.77186e+06    2.99878e+02
 Pres. DC (bar) Pressure (bar)   Constr. rmsd
   -2.02206e+02   -3.44017e+01    0.00000e+00

           Step           Time
        2350000     4700.00000

   Energies (kJ/mol)
           Bond          Angle    Proper Dih. Per. Imp. Dih.          LJ-14
    7.12595e+03    1.95473e+04    2.42228e+04    1.15784e+03    8.89466e+03
     Coulomb-14        LJ (SR)  Disper. corr.   Coulomb (SR)   Coul. recip.
    1.03335e+05    5.08588e+05   -3.11581e+04   -4.17857e+06    2.36286e+04
      Potential    Kinetic En.   Total Energy  Conserved En.    Temperature
   -3.51323e+06    6.40745e+05   -2.87248e+06   -2.77038e+06    3.00499e+02
 Pres. DC (bar) Pressure (bar)   Constr. rmsd
   -2.02052e+02    5.22097e+01    0.00000e+00

Writing checkpoint, step 2364500 at Tue Sep 29 02:57:39 2026


           Step           Time
        2400000     4800.00000

   Energies (kJ/mol)
           Bond          Angle    Proper Dih. Per. Imp. Dih.          LJ-14
    7.17016e+03    1.93616e+04    2.40311e+04    1.14580e+03    8.75967e+03
     Coulomb-14        LJ (SR)  Disper. corr.   Coulomb (SR)   Coul. recip.
    1.03239e+05    5.01007e+05   -3.11039e+04   -4.17062e+06    2.36560e+04
      Potential    Kinetic En.   Total Energy  Conserved En.    Temperature
   -3.51336e+06    6.40637e+05   -2.87272e+06   -2.76863e+06    3.00448e+02
 Pres. DC (bar) Pressure (bar)   Constr. rmsd
   -2.01351e+02   -1.80622e+02    0.00000e+00

           Step           Time
        2450000     4900.00000

   Energies (kJ/mol)
           Bond          Angle    Proper Dih. Per. Imp. Dih.          LJ-14
    7.40275e+03    1.94934e+04    2.41667e+04    1.22434e+03    8.79017e+03
     Coulomb-14        LJ (SR)  Disper. corr.   Coulomb (SR)   Coul. recip.
    1.03029e+05    5.08501e+05   -3.11188e+04   -4.17644e+06    2.36560e+04
      Potential    Kinetic En.   Total Energy  Conserved En.    Temperature
   -3.51130e+06    6.38614e+05   -2.87268e+06   -2.76692e+06    2.99500e+02
 Pres. DC (bar) Pressure (bar)   Constr. rmsd
   -2.01544e+02   -1.22008e+01    0.00000e+00

           Step           Time
        2500000     5000.00000

   Energies (kJ/mol)
           Bond          Angle    Proper Dih. Per. Imp. Dih.          LJ-14
    7.32812e+03    1.95142e+04    2.42099e+04    1.18510e+03    8.79226e+03
     Coulomb-14        LJ (SR)  Disper. corr.   Coulomb (SR)   Coul. recip.
    1.03494e+05    5.07667e+05   -3.11875e+04   -4.17432e+06    2.36120e+04
      Potential    Kinetic En.   Total Energy  Conserved En.    Temperature
   -3.50970e+06    6.41699e+05   -2.86801e+06   -2.76507e+06    3.00947e+02
 Pres. DC (bar) Pressure (bar)   Constr. rmsd
   -2.02434e+02    1.31360e+01    0.00000e+00

           Step           Time
        2550000     5100.00000

   Energies (kJ/mol)
           Bond          Angle    Proper Dih. Per. Imp. Dih.          LJ-14
    7.17138e+03    1.92314e+04    2.42623e+04    1.21209e+03    8.84847e+03
     Coulomb-14        LJ (SR)  Disper. corr.   Coulomb (SR)   Coul. recip.
    1.02587e+05    5.05831e+05   -3.12325e+04   -4.17465e+06    2.37623e+04
      Potential    Kinetic En.   Total Energy  Conserved En.    Temperature
   -3.51298e+06    6.37504e+05   -2.87548e+06   -2.76281e+06    2.98979e+02
 Pres. DC (bar) Pressure (bar)   Constr. rmsd
   -2.03017e+02    1.25782e+01    0.00000e+00

           Step           Time
        2600000     5200.00000

   Energies (kJ/mol)
           Bond          Angle    Proper Dih. Per. Imp. Dih.          LJ-14
    7.44211e+03    1.91126e+04    2.42087e+04    1.11818e+03    8.87203e+03
     Coulomb-14        LJ (SR)  Disper. corr.   Coulomb (SR)   Coul. recip.
    1.02912e+05    5.04725e+05   -3.11895e+04   -4.17329e+06    2.37430e+04
      Potential    Kinetic En.   Total Energy  Conserved En.    Temperature
   -3.51235e+06    6.40821e+05   -2.87153e+06   -2.76079e+06    3.00535e+02
 Pres. DC (bar) Pressure (bar)   Constr. rmsd
   -2.02459e+02   -2.23653e+01    0.00000e+00

           Step           Time
        2650000     5300.00000

   Energies (kJ/mol)
           Bond          Angle    Proper Dih. Per. Imp. Dih.          LJ-14
    7.14940e+03    1.92734e+04    2.39641e+04    1.20445e+03    8.84123e+03
     Coulomb-14        LJ (SR)  Disper. corr.   Coulomb (SR)   Coul. recip.
    1.03338e+05    5.05973e+05   -3.11789e+04   -4.17645e+06    2.38883e+04
      Potential    Kinetic En.   Total Energy  Conserved En.    Temperature
   -3.51399e+06    6.41903e+05   -2.87209e+06   -2.75914e+06    3.01042e+02
 Pres. DC (bar) Pressure (bar)   Constr. rmsd
   -2.02322e+02   -1.44409e+01    0.00000e+00

           Step           Time
        2700000     5400.00000

   Energies (kJ/mol)
           Bond          Angle    Proper Dih. Per. Imp. Dih.          LJ-14
    7.11845e+03    1.94186e+04    2.38102e+04    1.16472e+03    8.90015e+03
     Coulomb-14        LJ (SR)  Disper. corr.   Coulomb (SR)   Coul. recip.
    1.03460e+05    5.02664e+05   -3.10661e+04   -4.17068e+06    2.36021e+04
      Potential    Kinetic En.   Total Energy  Conserved En.    Temperature
   -3.51161e+06    6.40084e+05   -2.87153e+06   -2.75762e+06    3.00189e+02
 Pres. DC (bar) Pressure (bar)   Constr. rmsd
   -2.00863e+02   -1.46485e+02    0.00000e+00

Writing checkpoint, step 2706800 at Tue Sep 29 03:12:39 2026


           Step           Time
        2750000     5500.00000

   Energies (kJ/mol)
           Bond          Angle    Proper Dih. Per. Imp. Dih.          LJ-14
    7.35574e+03    1.93532e+04    2.43006e+04    1.11113e+03    8.81319e+03
     Coulomb-14        LJ (SR)  Disper. corr.   Coulomb (SR)   Coul. recip.
    1.02993e+05    5.04636e+05   -3.11602e+04   -4.17229e+06    2.36082e+04
      Potential    Kinetic En.   Total Energy  Conserved En.    Temperature
   -3.51128e+06    6.42212e+05   -2.86907e+06   -2.75633e+06    3.01187e+02
 Pres. DC (bar) Pressure (bar)   Constr. rmsd
   -2.02080e+02   -8.07449e+01    0.00000e+00

           Step           Time
        2800000     5600.00000

   Energies (kJ/mol)
           Bond          Angle    Proper Dih. Per. Imp. Dih.          LJ-14
    7.32775e+03    1.94711e+04    2.41760e+04    1.17689e+03    8.89160e+03
     Coulomb-14        LJ (SR)  Disper. corr.   Coulomb (SR)   Coul. recip.
    1.03142e+05    5.07246e+05   -3.12160e+04   -4.17741e+06    2.34122e+04
      Potential    Kinetic En.   Total Energy  Conserved En.    Temperature
   -3.51378e+06    6.40368e+05   -2.87341e+06   -2.75437e+06    3.00322e+02
 Pres. DC (bar) Pressure (bar)   Constr. rmsd
   -2.02804e+02    3.26850e+01    0.00000e+00

           Step           Time
        2850000     5700.00000

   Energies (kJ/mol)
           Bond          Angle    Proper Dih. Per. Imp. Dih.          LJ-14
    7.14853e+03    1.87345e+04    2.42647e+04    1.22415e+03    8.93233e+03
     Coulomb-14        LJ (SR)  Disper. corr.   Coulomb (SR)   Coul. recip.
    1.03115e+05    5.09950e+05   -3.13085e+04   -4.18615e+06    2.32748e+04
      Potential    Kinetic En.   Total Energy  Conserved En.    Temperature
   -3.52082e+06    6.37750e+05   -2.88307e+06   -2.75270e+06    2.99095e+02
 Pres. DC (bar) Pressure (bar)   Constr. rmsd
   -2.04006e+02    1.09444e+02    0.00000e+00

           Step           Time
        2900000     5800.00000

   Energies (kJ/mol)
           Bond          Angle    Proper Dih. Per. Imp. Dih.          LJ-14
    7.37354e+03    1.92398e+04    2.42797e+04    1.14389e+03    8.92704e+03
     Coulomb-14        LJ (SR)  Disper. corr.   Coulomb (SR)   Coul. recip.
    1.03038e+05    5.02855e+05   -3.11723e+04   -4.16892e+06    2.37054e+04
      Potential    Kinetic En.   Total Energy  Conserved En.    Temperature
   -3.50953e+06    6.38236e+05   -2.87130e+06   -2.75089e+06    2.99323e+02
 Pres. DC (bar) Pressure (bar)   Constr. rmsd
   -2.02236e+02   -1.05965e+02    0.00000e+00

           Step           Time
        2950000     5900.00000

   Energies (kJ/mol)
           Bond          Angle    Proper Dih. Per. Imp. Dih.          LJ-14
    7.12622e+03    1.93111e+04    2.43764e+04    1.13471e+03    8.92083e+03
     Coulomb-14        LJ (SR)  Disper. corr.   Coulomb (SR)   Coul. recip.
    1.02978e+05    5.08605e+05   -3.12107e+04   -4.18052e+06    2.37389e+04
      Potential    Kinetic En.   Total Energy  Conserved En.    Temperature
   -3.51554e+06    6.40137e+05   -2.87540e+06   -2.74939e+06    3.00214e+02
 Pres. DC (bar) Pressure (bar)   Constr. rmsd
   -2.02735e+02    2.90633e+01    0.00000e+00

           Step           Time
        3000000     6000.00000

   Energies (kJ/mol)
           Bond          Angle    Proper Dih. Per. Imp. Dih.          LJ-14
    7.22904e+03    1.92761e+04    2.42680e+04    1.07370e+03    8.97084e+03
     Coulomb-14        LJ (SR)  Disper. corr.   Coulomb (SR)   Coul. recip.
    1.02804e+05    5.06309e+05   -3.12309e+04   -4.17725e+06    2.34481e+04
      Potential    Kinetic En.   Total Energy  Conserved En.    Temperature
   -3.51510e+06    6.38160e+05   -2.87694e+06   -2.74686e+06    2.99287e+02
 Pres. DC (bar) Pressure (bar)   Constr. rmsd
   -2.02997e+02    4.94458e+00    0.00000e+00

Writing checkpoint, step 3048800 at Tue Sep 29 03:27:39 2026


           Step           Time
        3050000     6100.00000

   Energies (kJ/mol)
           Bond          Angle    Proper Dih. Per. Imp. Dih.          LJ-14
    7.34310e+03    1.91199e+04    2.45045e+04    1.19941e+03    8.92081e+03
     Coulomb-14        LJ (SR)  Disper. corr.   Coulomb (SR)   Coul. recip.
    1.02985e+05    5.07482e+05   -3.11572e+04   -4.17699e+06    2.34084e+04
      Potential    Kinetic En.   Total Energy  Conserved En.    Temperature
   -3.51319e+06    6.40396e+05   -2.87279e+06   -2.74496e+06    3.00336e+02
 Pres. DC (bar) Pressure (bar)   Constr. rmsd
   -2.02041e+02    2.51939e+01    0.00000e+00

           Step           Time
        3100000     6200.00000

   Energies (kJ/mol)
           Bond          Angle    Proper Dih. Per. Imp. Dih.          LJ-14
    7.46111e+03    1.92844e+04    2.42540e+04    1.23982e+03    8.77863e+03
     Coulomb-14        LJ (SR)  Disper. corr.   Coulomb (SR)   Coul. recip.
    1.02828e+05    5.05322e+05   -3.11866e+04   -4.17488e+06    2.35467e+04
      Potential    Kinetic En.   Total Energy  Conserved En.    Temperature
   -3.51336e+06    6.41991e+05   -2.87137e+06   -2.74301e+06    3.01083e+02
 Pres. DC (bar) Pressure (bar)   Constr. rmsd
   -2.02422e+02   -9.35980e+01    0.00000e+00

           Step           Time
        3150000     6300.00000

   Energies (kJ/mol)
           Bond          Angle    Proper Dih. Per. Imp. Dih.          LJ-14
    7.45469e+03    1.95498e+04    2.42429e+04    1.14702e+03    8.92069e+03
     Coulomb-14        LJ (SR)  Disper. corr.   Coulomb (SR)   Coul. recip.
    1.03031e+05    5.08654e+05   -3.12208e+04   -4.17869e+06    2.37323e+04
      Potential    Kinetic En.   Total Energy  Conserved En.    Temperature
   -3.51318e+06    6.39960e+05   -2.87322e+06   -2.74084e+06    3.00131e+02
 Pres. DC (bar) Pressure (bar)   Constr. rmsd
   -2.02866e+02    6.66782e+01    0.00000e+00

           Step           Time
        3200000     6400.00000

   Energies (kJ/mol)
           Bond          Angle    Proper Dih. Per. Imp. Dih.          LJ-14
    7.61609e+03    1.96342e+04    2.40481e+04    1.18334e+03    8.73389e+03
     Coulomb-14        LJ (SR)  Disper. corr.   Coulomb (SR)   Coul. recip.
    1.02889e+05    5.05782e+05   -3.11634e+04   -4.17297e+06    2.34286e+04
      Potential    Kinetic En.   Total Energy  Conserved En.    Temperature
   -3.51082e+06    6.41438e+05   -2.86938e+06   -2.73916e+06    3.00824e+02
 Pres. DC (bar) Pressure (bar)   Constr. rmsd
   -2.02121e+02   -4.27651e+01    0.00000e+00

           Step           Time
        3250000     6500.00000

   Energies (kJ/mol)
           Bond          Angle    Proper Dih. Per. Imp. Dih.          LJ-14
    7.11744e+03    1.92382e+04    2.42904e+04    1.24987e+03    8.92280e+03
     Coulomb-14        LJ (SR)  Disper. corr.   Coulomb (SR)   Coul. recip.
    1.02991e+05    5.08644e+05   -3.12024e+04   -4.17693e+06    2.34214e+04
      Potential    Kinetic En.   Total Energy  Conserved En.    Temperature
   -3.51225e+06    6.41794e+05   -2.87046e+06   -2.73761e+06    3.00991e+02
 Pres. DC (bar) Pressure (bar)   Constr. rmsd
   -2.02627e+02    7.23363e+01    0.00000e+00

           Step           Time
        3300000     6600.00000

   Energies (kJ/mol)
           Bond          Angle    Proper Dih. Per. Imp. Dih.          LJ-14
    7.24995e+03    1.93718e+04    2.41590e+04    1.12747e+03    8.95564e+03
     Coulomb-14        LJ (SR)  Disper. corr.   Coulomb (SR)   Coul. recip.
    1.02869e+05    5.05900e+05   -3.12364e+04   -4.17485e+06    2.37129e+04
      Potential    Kinetic En.   Total Energy  Conserved En.    Temperature
   -3.51274e+06    6.38314e+05   -2.87443e+06   -2.73593e+06    2.99359e+02
 Pres. DC (bar) Pressure (bar)   Constr. rmsd
   -2.03068e+02    2.55377e+01    0.00000e+00

           Step           Time
        3350000     6700.00000

   Energies (kJ/mol)
           Bond          Angle    Proper Dih. Per. Imp. Dih.          LJ-14
    7.39496e+03    1.94133e+04    2.41088e+04    1.17936e+03    8.84438e+03
     Coulomb-14        LJ (SR)  Disper. corr.   Coulomb (SR)   Coul. recip.
    1.02401e+05    5.02325e+05   -3.11690e+04   -4.16598e+06    2.39490e+04
      Potential    Kinetic En.   Total Energy  Conserved En.    Temperature
   -3.50754e+06    6.40877e+05   -2.86666e+06   -2.73409e+06    3.00561e+02
 Pres. DC (bar) Pressure (bar)   Constr. rmsd
   -2.02193e+02   -6.76039e+01    0.00000e+00

Writing checkpoint, step 3391000 at Tue Sep 29 03:42:39 2026


           Step           Time
        3400000     6800.00000

   Energies (kJ/mol)
           Bond          Angle    Proper Dih. Per. Imp. Dih.          LJ-14
    7.49904e+03    1.93281e+04    2.41121e+04    1.21009e+03    8.73823e+03
     Coulomb-14        LJ (SR)  Disper. corr.   Coulomb (SR)   Coul. recip.
    1.02760e+05    5.06354e+05   -3.11371e+04   -4.17442e+06    2.32681e+04
      Potential    Kinetic En.   Total Energy  Conserved En.    Temperature
   -3.51229e+06    6.38148e+05   -2.87414e+06   -2.73244e+06    2.99281e+02
 Pres. DC (bar) Pressure (bar)   Constr. rmsd
   -2.01781e+02   -4.01626e+01    0.00000e+00

           Step           Time
        3450000     6900.00000

   Energies (kJ/mol)
           Bond          Angle    Proper Dih. Per. Imp. Dih.          LJ-14
    7.37840e+03    1.98169e+04    2.40908e+04    1.19615e+03    8.76859e+03
     Coulomb-14        LJ (SR)  Disper. corr.   Coulomb (SR)   Coul. recip.
    1.02503e+05    5.06340e+05   -3.12900e+04   -4.17469e+06    2.36019e+04
      Potential    Kinetic En.   Total Energy  Conserved En.    Temperature
   -3.51228e+06    6.39766e+05   -2.87252e+06   -2.73062e+06    3.00040e+02
 Pres. DC (bar) Pressure (bar)   Constr. rmsd
   -2.03765e+02    2.39590e+01    0.00000e+00

           Step           Time
        3500000     7000.00000

   Energies (kJ/mol)
           Bond          Angle    Proper Dih. Per. Imp. Dih.          LJ-14
    7.18920e+03    1.95017e+04    2.39770e+04    1.15309e+03    8.96641e+03
     Coulomb-14        LJ (SR)  Disper. corr.   Coulomb (SR)   Coul. recip.
    1.03191e+05    5.09379e+05   -3.12841e+04   -4.17952e+06    2.38447e+04
      Potential    Kinetic En.   Total Energy  Conserved En.    Temperature
   -3.51360e+06    6.41300e+05   -2.87230e+06   -2.72826e+06    3.00759e+02
 Pres. DC (bar) Pressure (bar)   Constr. rmsd
   -2.03688e+02    1.06122e+02    0.00000e+00

           Step           Time
        3550000     7100.00000

   Energies (kJ/mol)
           Bond          Angle    Proper Dih. Per. Imp. Dih.          LJ-14
    7.57358e+03    1.94616e+04    2.41395e+04    1.17678e+03    8.87819e+03
     Coulomb-14        LJ (SR)  Disper. corr.   Coulomb (SR)   Coul. recip.
    1.02802e+05    5.09854e+05   -3.12980e+04   -4.18194e+06    2.35249e+04
      Potential    Kinetic En.   Total Energy  Conserved En.    Temperature
   -3.51583e+06    6.42761e+05   -2.87307e+06   -2.72636e+06    3.01445e+02
 Pres. DC (bar) Pressure (bar)   Constr. rmsd
   -2.03869e+02    8.24278e+01    0.00000e+00

           Step           Time
        3600000     7200.00000

   Energies (kJ/mol)
           Bond          Angle    Proper Dih. Per. Imp. Dih.          LJ-14
    7.52771e+03    1.93207e+04    2.40702e+04    1.10272e+03    8.70160e+03
     Coulomb-14        LJ (SR)  Disper. corr.   Coulomb (SR)   Coul. recip.
    1.02887e+05    5.08719e+05   -3.11614e+04   -4.17596e+06    2.38269e+04
      Potential    Kinetic En.   Total Energy  Conserved En.    Temperature
   -3.51097e+06    6.41144e+05   -2.86982e+06   -2.72424e+06    3.00686e+02
 Pres. DC (bar) Pressure (bar)   Constr. rmsd
   -2.02096e+02    2.21703e+01    0.00000e+00

           Step           Time
        3650000     7300.00000

   Energies (kJ/mol)
           Bond          Angle    Proper Dih. Per. Imp. Dih.          LJ-14
    7.40203e+03    1.96231e+04    2.39895e+04    1.14489e+03    8.79444e+03
     Coulomb-14        LJ (SR)  Disper. corr.   Coulomb (SR)   Coul. recip.
    1.03157e+05    5.09936e+05   -3.11902e+04   -4.18051e+06    2.37742e+04
      Potential    Kinetic En.   Total Energy  Conserved En.    Temperature
   -3.51388e+06    6.41677e+05   -2.87221e+06   -2.72210e+06    3.00936e+02
 Pres. DC (bar) Pressure (bar)   Constr. rmsd
   -2.02469e+02    4.67922e+01    0.00000e+00

           Step           Time
        3700000     7400.00000

   Energies (kJ/mol)
           Bond          Angle    Proper Dih. Per. Imp. Dih.          LJ-14
    7.18315e+03    1.95142e+04    2.39624e+04    1.23657e+03    8.94770e+03
     Coulomb-14        LJ (SR)  Disper. corr.   Coulomb (SR)   Coul. recip.
    1.03020e+05    5.04028e+05   -3.11880e+04   -4.17088e+06    2.37428e+04
      Potential    Kinetic En.   Total Energy  Conserved En.    Temperature
   -3.51043e+06    6.42859e+05   -2.86757e+06   -2.71960e+06    3.01490e+02
 Pres. DC (bar) Pressure (bar)   Constr. rmsd
   -2.02440e+02   -1.24854e+01    0.00000e+00

Writing checkpoint, step 3733100 at Tue Sep 29 03:57:39 2026


           Step           Time
        3750000     7500.00000

   Energies (kJ/mol)
           Bond          Angle    Proper Dih. Per. Imp. Dih.          LJ-14
    7.35945e+03    1.94308e+04    2.40752e+04    1.09654e+03    8.90194e+03
     Coulomb-14        LJ (SR)  Disper. corr.   Coulomb (SR)   Coul. recip.
    1.02960e+05    5.06272e+05   -3.12118e+04   -4.17590e+06    2.37745e+04
      Potential    Kinetic En.   Total Energy  Conserved En.    Temperature
   -3.51324e+06    6.40148e+05   -2.87309e+06   -2.71819e+06    3.00219e+02
 Pres. DC (bar) Pressure (bar)   Constr. rmsd
   -2.02749e+02    1.56843e+01    0.00000e+00

           Step           Time
        3800000     7600.00000

   Energies (kJ/mol)
           Bond          Angle    Proper Dih. Per. Imp. Dih.          LJ-14
    7.26607e+03    1.92412e+04    2.41858e+04    1.21012e+03    8.84873e+03
     Coulomb-14        LJ (SR)  Disper. corr.   Coulomb (SR)   Coul. recip.
    1.02765e+05    5.05738e+05   -3.12556e+04   -4.17465e+06    2.37154e+04
      Potential    Kinetic En.   Total Energy  Conserved En.    Temperature
   -3.51293e+06    6.41407e+05   -2.87153e+06   -2.71653e+06    3.00810e+02
 Pres. DC (bar) Pressure (bar)   Constr. rmsd
   -2.03317e+02   -9.50760e+00    0.00000e+00

           Step           Time
        3850000     7700.00000

   Energies (kJ/mol)
           Bond          Angle    Proper Dih. Per. Imp. Dih.          LJ-14
    7.24374e+03    1.90792e+04    2.43041e+04    1.15422e+03    8.83905e+03
     Coulomb-14        LJ (SR)  Disper. corr.   Coulomb (SR)   Coul. recip.
    1.02800e+05    5.05452e+05   -3.12212e+04   -4.17521e+06    2.35339e+04
      Potential    Kinetic En.   Total Energy  Conserved En.    Temperature
   -3.51402e+06    6.38775e+05   -2.87525e+06   -2.71429e+06    2.99575e+02
 Pres. DC (bar) Pressure (bar)   Constr. rmsd
   -2.02871e+02   -2.21957e+01    0.00000e+00

           Step           Time
        3900000     7800.00000

   Energies (kJ/mol)
           Bond          Angle    Proper Dih. Per. Imp. Dih.          LJ-14
    7.10005e+03    1.91871e+04    2.41146e+04    1.21597e+03    8.95402e+03
     Coulomb-14        LJ (SR)  Disper. corr.   Coulomb (SR)   Coul. recip.
    1.02990e+05    5.10931e+05   -3.12989e+04   -4.18523e+06    2.34781e+04
      Potential    Kinetic En.   Total Energy  Conserved En.    Temperature
   -3.51856e+06    6.38446e+05   -2.88011e+06   -2.71236e+06    2.99421e+02
 Pres. DC (bar) Pressure (bar)   Constr. rmsd
   -2.03881e+02    1.30820e+02    0.00000e+00

           Step           Time
        3950000     7900.00000

   Energies (kJ/mol)
           Bond          Angle    Proper Dih. Per. Imp. Dih.          LJ-14
    7.18626e+03    1.92120e+04    2.41869e+04    1.18934e+03    8.71912e+03
     Coulomb-14        LJ (SR)  Disper. corr.   Coulomb (SR)   Coul. recip.
    1.02885e+05    5.08308e+05   -3.11364e+04   -4.17736e+06    2.35798e+04
      Potential    Kinetic En.   Total Energy  Conserved En.    Temperature
   -3.51323e+06    6.38609e+05   -2.87462e+06   -2.71018e+06    2.99497e+02
 Pres. DC (bar) Pressure (bar)   Constr. rmsd
   -2.01772e+02   -1.50068e+01    0.00000e+00

           Step           Time
        4000000     8000.00000

   Energies (kJ/mol)
           Bond          Angle    Proper Dih. Per. Imp. Dih.          LJ-14
    7.41798e+03    1.89977e+04    2.40492e+04    1.20763e+03    8.88595e+03
     Coulomb-14        LJ (SR)  Disper. corr.   Coulomb (SR)   Coul. recip.
    1.02984e+05    5.05632e+05   -3.11996e+04   -4.17545e+06    2.34627e+04
      Potential    Kinetic En.   Total Energy  Conserved En.    Temperature
   -3.51401e+06    6.39859e+05   -2.87415e+06   -2.70849e+06    3.00084e+02
 Pres. DC (bar) Pressure (bar)   Constr. rmsd
   -2.02590e+02   -2.80132e+01    0.00000e+00

           Step           Time
        4050000     8100.00000

   Energies (kJ/mol)
           Bond          Angle    Proper Dih. Per. Imp. Dih.          LJ-14
    7.24981e+03    1.92535e+04    2.42031e+04    1.24159e+03    8.94132e+03
     Coulomb-14        LJ (SR)  Disper. corr.   Coulomb (SR)   Coul. recip.
    1.03111e+05    5.06971e+05   -3.11482e+04   -4.17806e+06    2.37586e+04
      Potential    Kinetic En.   Total Energy  Conserved En.    Temperature
   -3.51448e+06    6.38358e+05   -2.87612e+06   -2.70671e+06    2.99379e+02
 Pres. DC (bar) Pressure (bar)   Constr. rmsd
   -2.01925e+02   -4.26795e+01    0.00000e+00

Writing checkpoint, step 4075200 at Tue Sep 29 04:12:39 2026


           Step           Time
        4100000     8200.00000

   Energies (kJ/mol)
           Bond          Angle    Proper Dih. Per. Imp. Dih.          LJ-14
    7.19144e+03    1.90736e+04    2.43175e+04    1.12475e+03    8.93136e+03
     Coulomb-14        LJ (SR)  Disper. corr.   Coulomb (SR)   Coul. recip.
    1.03790e+05    5.08423e+05   -3.13066e+04   -4.18161e+06    2.35924e+04
      Potential    Kinetic En.   Total Energy  Conserved En.    Temperature
   -3.51648e+06    6.40123e+05   -2.87636e+06   -2.70479e+06    3.00207e+02
 Pres. DC (bar) Pressure (bar)   Constr. rmsd
   -2.03981e+02    6.43444e+01    0.00000e+00

           Step           Time
        4150000     8300.00000

   Energies (kJ/mol)
           Bond          Angle    Proper Dih. Per. Imp. Dih.          LJ-14
    7.34525e+03    1.90704e+04    2.42866e+04    1.23438e+03    8.78489e+03
     Coulomb-14        LJ (SR)  Disper. corr.   Coulomb (SR)   Coul. recip.
    1.02823e+05    5.08533e+05   -3.12365e+04   -4.18119e+06    2.34167e+04
      Potential    Kinetic En.   Total Energy  Conserved En.    Temperature
   -3.51694e+06    6.40116e+05   -2.87682e+06   -2.70332e+06    3.00204e+02
 Pres. DC (bar) Pressure (bar)   Constr. rmsd
   -2.03070e+02    3.58224e+01    0.00000e+00

           Step           Time
        4200000     8400.00000

   Energies (kJ/mol)
           Bond          Angle    Proper Dih. Per. Imp. Dih.          LJ-14
    7.21145e+03    1.96283e+04    2.39054e+04    1.16804e+03    8.89314e+03
     Coulomb-14        LJ (SR)  Disper. corr.   Coulomb (SR)   Coul. recip.
    1.02868e+05    5.07904e+05   -3.12633e+04   -4.17840e+06    2.34013e+04
      Potential    Kinetic En.   Total Energy  Conserved En.    Temperature
   -3.51468e+06    6.41896e+05   -2.87279e+06   -2.70170e+06    3.01039e+02
 Pres. DC (bar) Pressure (bar)   Constr. rmsd
   -2.03418e+02    9.58480e+01    0.00000e+00

           Step           Time
        4250000     8500.00000

   Energies (kJ/mol)
           Bond          Angle    Proper Dih. Per. Imp. Dih.          LJ-14
    7.35762e+03    1.93088e+04    2.41234e+04    1.23419e+03    8.86574e+03
     Coulomb-14        LJ (SR)  Disper. corr.   Coulomb (SR)   Coul. recip.
    1.03399e+05    5.09269e+05   -3.12735e+04   -4.17786e+06    2.36444e+04
      Potential    Kinetic En.   Total Energy  Conserved En.    Temperature
   -3.51193e+06    6.41858e+05   -2.87007e+06   -2.69953e+06    3.01021e+02
 Pres. DC (bar) Pressure (bar)   Constr. rmsd
   -2.03551e+02    1.25445e+02    0.00000e+00

           Step           Time
        4300000     8600.00000

   Energies (kJ/mol)
           Bond          Angle    Proper Dih. Per. Imp. Dih.          LJ-14
    7.63213e+03    1.92812e+04    2.42720e+04    1.18663e+03    8.95448e+03
     Coulomb-14        LJ (SR)  Disper. corr.   Coulomb (SR)   Coul. recip.
    1.03203e+05    5.10314e+05   -3.12316e+04   -4.18229e+06    2.35020e+04
      Potential    Kinetic En.   Total Energy  Conserved En.    Temperature
   -3.51518e+06    6.39363e+05   -2.87581e+06   -2.69742e+06    2.99851e+02
 Pres. DC (bar) Pressure (bar)   Constr. rmsd
   -2.03007e+02    9.29599e+01    0.00000e+00

           Step           Time
        4350000     8700.00000

   Energies (kJ/mol)
           Bond          Angle    Proper Dih. Per. Imp. Dih.          LJ-14
    7.41610e+03    1.94552e+04    2.41819e+04    1.13327e+03    8.75281e+03
     Coulomb-14        LJ (SR)  Disper. corr.   Coulomb (SR)   Coul. recip.
    1.02910e+05    5.04041e+05   -3.12186e+04   -4.17103e+06    2.32041e+04
      Potential    Kinetic En.   Total Energy  Conserved En.    Temperature
   -3.51115e+06    6.38507e+05   -2.87264e+06   -2.69564e+06    2.99450e+02
 Pres. DC (bar) Pressure (bar)   Constr. rmsd
   -2.02837e+02   -2.72463e+01    0.00000e+00

           Step           Time
        4400000     8800.00000

   Energies (kJ/mol)
           Bond          Angle    Proper Dih. Per. Imp. Dih.          LJ-14
    7.37092e+03    1.91515e+04    2.41163e+04    1.14527e+03    8.77582e+03
     Coulomb-14        LJ (SR)  Disper. corr.   Coulomb (SR)   Coul. recip.
    1.03012e+05    5.07338e+05   -3.11950e+04   -4.17601e+06    2.37987e+04
      Potential    Kinetic En.   Total Energy  Conserved En.    Temperature
   -3.51250e+06    6.38649e+05   -2.87385e+06   -2.69427e+06    2.99516e+02
 Pres. DC (bar) Pressure (bar)   Constr. rmsd
   -2.02531e+02   -2.27144e+01    0.00000e+00

Writing checkpoint, step 4417200 at Tue Sep 29 04:27:39 2026


           Step           Time
        4450000     8900.00000

   Energies (kJ/mol)
           Bond          Angle    Proper Dih. Per. Imp. Dih.          LJ-14
    7.16906e+03    1.92684e+04    2.40873e+04    1.13324e+03    8.84713e+03
     Coulomb-14        LJ (SR)  Disper. corr.   Coulomb (SR)   Coul. recip.
    1.03257e+05    5.06709e+05   -3.11565e+04   -4.17722e+06    2.35141e+04
      Potential    Kinetic En.   Total Energy  Conserved En.    Temperature
   -3.51439e+06    6.39707e+05   -2.87468e+06   -2.69189e+06    3.00012e+02
 Pres. DC (bar) Pressure (bar)   Constr. rmsd
   -2.02031e+02   -8.53360e-01    0.00000e+00

           Step           Time
        4500000     9000.00000

   Energies (kJ/mol)
           Bond          Angle    Proper Dih. Per. Imp. Dih.          LJ-14
    7.20049e+03    1.93146e+04    2.40992e+04    1.15519e+03    8.91782e+03
     Coulomb-14        LJ (SR)  Disper. corr.   Coulomb (SR)   Coul. recip.
    1.02844e+05    5.05722e+05   -3.11480e+04   -4.17554e+06    2.35056e+04
      Potential    Kinetic En.   Total Energy  Conserved En.    Temperature
   -3.51393e+06    6.38502e+05   -2.87543e+06   -2.69005e+06    2.99447e+02
 Pres. DC (bar) Pressure (bar)   Constr. rmsd
   -2.01922e+02   -4.83790e+01    0.00000e+00

           Step           Time
        4550000     9100.00000

   Energies (kJ/mol)
           Bond          Angle    Proper Dih. Per. Imp. Dih.          LJ-14
    7.11793e+03    1.91208e+04    2.42524e+04    1.05270e+03    8.95713e+03
     Coulomb-14        LJ (SR)  Disper. corr.   Coulomb (SR)   Coul. recip.
    1.03136e+05    5.04867e+05   -3.11394e+04   -4.17436e+06    2.34428e+04
      Potential    Kinetic En.   Total Energy  Conserved En.    Temperature
   -3.51355e+06    6.40116e+05   -2.87343e+06   -2.68820e+06    3.00204e+02
 Pres. DC (bar) Pressure (bar)   Constr. rmsd
   -2.01811e+02   -2.52191e+01    0.00000e+00

           Step           Time
        4600000     9200.00000

   Energies (kJ/mol)
           Bond          Angle    Proper Dih. Per. Imp. Dih.          LJ-14
    7.24492e+03    1.93537e+04    2.40134e+04    1.19952e+03    8.89542e+03
     Coulomb-14        LJ (SR)  Disper. corr.   Coulomb (SR)   Coul. recip.
    1.03060e+05    5.04363e+05   -3.12499e+04   -4.17188e+06    2.37277e+04
      Potential    Kinetic En.   Total Energy  Conserved En.    Temperature
   -3.51128e+06    6.38372e+05   -2.87290e+06   -2.68588e+06    2.99386e+02
 Pres. DC (bar) Pressure (bar)   Constr. rmsd
   -2.03244e+02    2.17684e-01    0.00000e+00

           Step           Time
        4650000     9300.00000

   Energies (kJ/mol)
           Bond          Angle    Proper Dih. Per. Imp. Dih.          LJ-14
    7.16880e+03    1.91082e+04    2.41904e+04    1.21500e+03    9.00297e+03
     Coulomb-14        LJ (SR)  Disper. corr.   Coulomb (SR)   Coul. recip.
    1.02926e+05    5.09014e+05   -3.11829e+04   -4.17809e+06    2.38906e+04
      Potential    Kinetic En.   Total Energy  Conserved En.    Temperature
   -3.51276e+06    6.41349e+05   -2.87141e+06   -2.68439e+06    3.00783e+02
 Pres. DC (bar) Pressure (bar)   Constr. rmsd
   -2.02374e+02    7.43057e+01    0.00000e+00

           Step           Time
        4700000     9400.00000

   Energies (kJ/mol)
           Bond          Angle    Proper Dih. Per. Imp. Dih.          LJ-14
    7.39796e+03    1.88917e+04    2.40901e+04    1.16458e+03    8.96685e+03
     Coulomb-14        LJ (SR)  Disper. corr.   Coulomb (SR)   Coul. recip.
    1.03065e+05    5.06039e+05   -3.12421e+04   -4.17989e+06    2.34874e+04
      Potential    Kinetic En.   Total Energy  Conserved En.    Temperature
   -3.51803e+06    6.40498e+05   -2.87754e+06   -2.68249e+06    3.00383e+02
 Pres. DC (bar) Pressure (bar)   Constr. rmsd
   -2.03142e+02   -2.47808e+01    0.00000e+00

           Step           Time
        4750000     9500.00000

   Energies (kJ/mol)
           Bond          Angle    Proper Dih. Per. Imp. Dih.          LJ-14
    7.27256e+03    1.89663e+04    2.40778e+04    1.13273e+03    8.87765e+03
     Coulomb-14        LJ (SR)  Disper. corr.   Coulomb (SR)   Coul. recip.
    1.03209e+05    5.11780e+05   -3.13373e+04   -4.18190e+06    2.33246e+04
      Potential    Kinetic En.   Total Energy  Conserved En.    Temperature
   -3.51460e+06    6.41011e+05   -2.87359e+06   -2.68063e+06    3.00624e+02
 Pres. DC (bar) Pressure (bar)   Constr. rmsd
   -2.04380e+02    2.21489e+02    0.00000e+00

Writing checkpoint, step 4759400 at Tue Sep 29 04:42:39 2026


           Step           Time
        4800000     9600.00000

   Energies (kJ/mol)
           Bond          Angle    Proper Dih. Per. Imp. Dih.          LJ-14
    7.31133e+03    1.95285e+04    2.40241e+04    1.12860e+03    8.92248e+03
     Coulomb-14        LJ (SR)  Disper. corr.   Coulomb (SR)   Coul. recip.
    1.03195e+05    5.09764e+05   -3.12594e+04   -4.18285e+06    2.34663e+04
      Potential    Kinetic En.   Total Energy  Conserved En.    Temperature
   -3.51677e+06    6.40913e+05   -2.87585e+06   -2.67856e+06    3.00578e+02
 Pres. DC (bar) Pressure (bar)   Constr. rmsd
   -2.03367e+02    1.30661e+02    0.00000e+00

           Step           Time
        4850000     9700.00000

   Energies (kJ/mol)
           Bond          Angle    Proper Dih. Per. Imp. Dih.          LJ-14
    7.43301e+03    1.92417e+04    2.41098e+04    1.16734e+03    8.78313e+03
     Coulomb-14        LJ (SR)  Disper. corr.   Coulomb (SR)   Coul. recip.
    1.02689e+05    5.06752e+05   -3.12360e+04   -4.17657e+06    2.35448e+04
      Potential    Kinetic En.   Total Energy  Conserved En.    Temperature
   -3.51409e+06    6.41028e+05   -2.87306e+06   -2.67635e+06    3.00632e+02
 Pres. DC (bar) Pressure (bar)   Constr. rmsd
   -2.03063e+02   -3.52863e+01    0.00000e+00

           Step           Time
        4900000     9800.00000

   Energies (kJ/mol)
           Bond          Angle    Proper Dih. Per. Imp. Dih.          LJ-14
    7.37193e+03    1.95427e+04    2.41640e+04    1.21278e+03    8.86898e+03
     Coulomb-14        LJ (SR)  Disper. corr.   Coulomb (SR)   Coul. recip.
    1.02995e+05    5.08266e+05   -3.12069e+04   -4.17902e+06    2.32929e+04
      Potential    Kinetic En.   Total Energy  Conserved En.    Temperature
   -3.51451e+06    6.41650e+05   -2.87286e+06   -2.67462e+06    3.00924e+02
 Pres. DC (bar) Pressure (bar)   Constr. rmsd
   -2.02686e+02    4.10376e+01    0.00000e+00

           Step           Time
        4950000     9900.00000

   Energies (kJ/mol)
           Bond          Angle    Proper Dih. Per. Imp. Dih.          LJ-14
    7.41180e+03    1.91129e+04    2.42417e+04    1.24746e+03    8.78228e+03
     Coulomb-14        LJ (SR)  Disper. corr.   Coulomb (SR)   Coul. recip.
    1.03016e+05    5.05698e+05   -3.11733e+04   -4.17442e+06    2.37212e+04
      Potential    Kinetic En.   Total Energy  Conserved En.    Temperature
   -3.51236e+06    6.39228e+05   -2.87313e+06   -2.67274e+06    2.99788e+02
 Pres. DC (bar) Pressure (bar)   Constr. rmsd
   -2.02249e+02   -5.37284e+01    0.00000e+00

           Step           Time
        5000000    10000.00000

   Energies (kJ/mol)
           Bond          Angle    Proper Dih. Per. Imp. Dih.          LJ-14
    7.24153e+03    1.93311e+04    2.42748e+04    1.19470e+03    8.86245e+03
     Coulomb-14        LJ (SR)  Disper. corr.   Coulomb (SR)   Coul. recip.
    1.02634e+05    5.05450e+05   -3.11848e+04   -4.17422e+06    2.33263e+04
      Potential    Kinetic En.   Total Energy  Conserved En.    Temperature
   -3.51309e+06    6.39852e+05   -2.87324e+06   -2.67089e+06    3.00080e+02
 Pres. DC (bar) Pressure (bar)   Constr. rmsd
   -2.02398e+02   -2.62458e+01    0.00000e+00

           Step           Time
        5050000    10100.00000

   Energies (kJ/mol)
           Bond          Angle    Proper Dih. Per. Imp. Dih.          LJ-14
    7.18335e+03    1.94288e+04    2.41178e+04    1.12350e+03    8.78699e+03
     Coulomb-14        LJ (SR)  Disper. corr.   Coulomb (SR)   Coul. recip.
    1.03036e+05    5.08910e+05   -3.11674e+04   -4.17630e+06    2.35331e+04
      Potential    Kinetic En.   Total Energy  Conserved En.    Temperature
   -3.51134e+06    6.37030e+05   -2.87431e+06   -2.66902e+06    2.98757e+02
 Pres. DC (bar) Pressure (bar)   Constr. rmsd
   -2.02174e+02    1.37287e+01    0.00000e+00

           Step           Time
        5100000    10200.00000

   Energies (kJ/mol)
           Bond          Angle    Proper Dih. Per. Imp. Dih.          LJ-14
    7.40006e+03    1.93016e+04    2.41145e+04    1.23526e+03    8.83675e+03
     Coulomb-14        LJ (SR)  Disper. corr.   Coulomb (SR)   Coul. recip.
    1.02800e+05    5.10067e+05   -3.12567e+04   -4.17937e+06    2.35047e+04
      Potential    Kinetic En.   Total Energy  Conserved En.    Temperature
   -3.51336e+06    6.38463e+05   -2.87490e+06   -2.66732e+06    2.99429e+02
 Pres. DC (bar) Pressure (bar)   Constr. rmsd
   -2.03332e+02    9.16164e+01    0.00000e+00

Writing checkpoint, step 5101600 at Tue Sep 29 04:57:39 2026


           Step           Time
        5150000    10300.00000

   Energies (kJ/mol)
           Bond          Angle    Proper Dih. Per. Imp. Dih.          LJ-14
    7.43368e+03    1.89904e+04    2.40239e+04    1.15188e+03    8.91145e+03
     Coulomb-14        LJ (SR)  Disper. corr.   Coulomb (SR)   Coul. recip.
    1.03100e+05    5.01684e+05   -3.10750e+04   -4.17237e+06    2.37166e+04
      Potential    Kinetic En.   Total Energy  Conserved En.    Temperature
   -3.51443e+06    6.41922e+05   -2.87251e+06   -2.66604e+06    3.01051e+02
 Pres. DC (bar) Pressure (bar)   Constr. rmsd
   -2.00978e+02   -1.60792e+02    0.00000e+00

           Step           Time
        5200000    10400.00000

   Energies (kJ/mol)
           Bond          Angle    Proper Dih. Per. Imp. Dih.          LJ-14
    7.38748e+03    1.89294e+04    2.42423e+04    1.23336e+03    8.86346e+03
     Coulomb-14        LJ (SR)  Disper. corr.   Coulomb (SR)   Coul. recip.
    1.02681e+05    5.07690e+05   -3.12796e+04   -4.17957e+06    2.33453e+04
      Potential    Kinetic En.   Total Energy  Conserved En.    Temperature
   -3.51648e+06    6.38458e+05   -2.87802e+06   -2.66390e+06    2.99427e+02
 Pres. DC (bar) Pressure (bar)   Constr. rmsd
   -2.03629e+02    2.14486e+01    0.00000e+00

           Step           Time
        5250000    10500.00000

   Energies (kJ/mol)
           Bond          Angle    Proper Dih. Per. Imp. Dih.          LJ-14
    7.42743e+03    1.93356e+04    2.41455e+04    1.12086e+03    8.82051e+03
     Coulomb-14        LJ (SR)  Disper. corr.   Coulomb (SR)   Coul. recip.
    1.02577e+05    5.06759e+05   -3.11681e+04   -4.17610e+06    2.37387e+04
      Potential    Kinetic En.   Total Energy  Conserved En.    Temperature
   -3.51334e+06    6.41911e+05   -2.87143e+06   -2.66200e+06    3.01046e+02
 Pres. DC (bar) Pressure (bar)   Constr. rmsd
   -2.02182e+02   -2.07556e+01    0.00000e+00

           Step           Time
        5300000    10600.00000

   Energies (kJ/mol)
           Bond          Angle    Proper Dih. Per. Imp. Dih.          LJ-14
    7.38636e+03    1.90490e+04    2.41342e+04    1.16741e+03    8.96137e+03
     Coulomb-14        LJ (SR)  Disper. corr.   Coulomb (SR)   Coul. recip.
    1.02544e+05    5.12641e+05   -3.12319e+04   -4.18365e+06    2.34357e+04
      Potential    Kinetic En.   Total Energy  Conserved En.    Temperature
   -3.51556e+06    6.38761e+05   -2.87680e+06   -2.66036e+06    2.99569e+02
 Pres. DC (bar) Pressure (bar)   Constr. rmsd
   -2.03010e+02    1.37213e+02    0.00000e+00

           Step           Time
        5350000    10700.00000

   Energies (kJ/mol)
           Bond          Angle    Proper Dih. Per. Imp. Dih.          LJ-14
    7.23696e+03    1.95368e+04    2.41419e+04    1.18557e+03    8.94848e+03
     Coulomb-14        LJ (SR)  Disper. corr.   Coulomb (SR)   Coul. recip.
    1.03231e+05    5.07432e+05   -3.11785e+04   -4.18037e+06    2.36212e+04
      Potential    Kinetic En.   Total Energy  Conserved En.    Temperature
   -3.51621e+06    6.38599e+05   -2.87761e+06   -2.65887e+06    2.99493e+02
 Pres. DC (bar) Pressure (bar)   Constr. rmsd
   -2.02316e+02   -1.35523e+01    0.00000e+00

           Step           Time
        5400000    10800.00000

   Energies (kJ/mol)
           Bond          Angle    Proper Dih. Per. Imp. Dih.          LJ-14
    7.37543e+03    1.91189e+04    2.42222e+04    1.11245e+03    8.94010e+03
     Coulomb-14        LJ (SR)  Disper. corr.   Coulomb (SR)   Coul. recip.
    1.02909e+05    5.03800e+05   -3.11558e+04   -4.17237e+06    2.34563e+04
      Potential    Kinetic En.   Total Energy  Conserved En.    Temperature
   -3.51259e+06    6.38511e+05   -2.87408e+06   -2.65727e+06    2.99451e+02
 Pres. DC (bar) Pressure (bar)   Constr. rmsd
   -2.02023e+02   -6.10617e+01    0.00000e+00

Writing checkpoint, step 5444000 at Tue Sep 29 05:12:39 2026


           Step           Time
        5450000    10900.00000

   Energies (kJ/mol)
           Bond          Angle    Proper Dih. Per. Imp. Dih.          LJ-14
    7.22716e+03    1.96608e+04    2.43142e+04    1.25972e+03    8.99439e+03
     Coulomb-14        LJ (SR)  Disper. corr.   Coulomb (SR)   Coul. recip.
    1.03035e+05    5.05561e+05   -3.12068e+04   -4.17629e+06    2.35759e+04
      Potential    Kinetic En.   Total Energy  Conserved En.    Temperature
   -3.51387e+06    6.40106e+05   -2.87376e+06   -2.65532e+06    3.00199e+02
 Pres. DC (bar) Pressure (bar)   Constr. rmsd
   -2.02684e+02   -2.33089e+01    0.00000e+00

           Step           Time
        5500000    11000.00000

   Energies (kJ/mol)
           Bond          Angle    Proper Dih. Per. Imp. Dih.          LJ-14
    7.35477e+03    1.92702e+04    2.39993e+04    1.18419e+03    8.89539e+03
     Coulomb-14        LJ (SR)  Disper. corr.   Coulomb (SR)   Coul. recip.
    1.03212e+05    5.07852e+05   -3.11421e+04   -4.17509e+06    2.34693e+04
      Potential    Kinetic En.   Total Energy  Conserved En.    Temperature
   -3.51099e+06    6.37711e+05   -2.87328e+06   -2.65339e+06    2.99076e+02
 Pres. DC (bar) Pressure (bar)   Constr. rmsd
   -2.01845e+02    1.89244e+01    0.00000e+00

           Step           Time
        5550000    11100.00000

   Energies (kJ/mol)
           Bond          Angle    Proper Dih. Per. Imp. Dih.          LJ-14
    7.27496e+03    1.92912e+04    2.41162e+04    1.12398e+03    8.87013e+03
     Coulomb-14        LJ (SR)  Disper. corr.   Coulomb (SR)   Coul. recip.
    1.02967e+05    5.05922e+05   -3.12250e+04   -4.17738e+06    2.35845e+04
      Potential    Kinetic En.   Total Energy  Conserved En.    Temperature
   -3.51546e+06    6.40595e+05   -2.87486e+06   -2.65132e+06    3.00429e+02
 Pres. DC (bar) Pressure (bar)   Constr. rmsd
   -2.02920e+02   -3.65212e+01    0.00000e+00

           Step           Time
        5600000    11200.00000

   Energies (kJ/mol)
           Bond          Angle    Proper Dih. Per. Imp. Dih.          LJ-14
    7.46223e+03    1.93264e+04    2.42239e+04    1.19372e+03    8.82864e+03
     Coulomb-14        LJ (SR)  Disper. corr.   Coulomb (SR)   Coul. recip.
    1.03182e+05    5.06245e+05   -3.12364e+04   -4.17611e+06    2.37960e+04
      Potential    Kinetic En.   Total Energy  Conserved En.    Temperature
   -3.51308e+06    6.40470e+05   -2.87261e+06   -2.64919e+06    3.00370e+02
 Pres. DC (bar) Pressure (bar)   Constr. rmsd
   -2.03068e+02   -3.11405e+01    0.00000e+00

           Step           Time
        5650000    11300.00000

   Energies (kJ/mol)
           Bond          Angle    Proper Dih. Per. Imp. Dih.          LJ-14
    7.22210e+03    1.93157e+04    2.42083e+04    1.13840e+03    8.91385e+03
     Coulomb-14        LJ (SR)  Disper. corr.   Coulomb (SR)   Coul. recip.
    1.03198e+05    5.13674e+05   -3.13217e+04   -4.18834e+06    2.35378e+04
      Potential    Kinetic En.   Total Energy  Conserved En.    Temperature
   -3.51846e+06    6.42801e+05   -2.87566e+06   -2.64758e+06    3.01463e+02
 Pres. DC (bar) Pressure (bar)   Constr. rmsd
   -2.04178e+02    1.96469e+02    0.00000e+00

           Step           Time
        5700000    11400.00000

   Energies (kJ/mol)
           Bond          Angle    Proper Dih. Per. Imp. Dih.          LJ-14
    7.23280e+03    1.94602e+04    2.40216e+04    1.17470e+03    8.87738e+03
     Coulomb-14        LJ (SR)  Disper. corr.   Coulomb (SR)   Coul. recip.
    1.02654e+05    5.10449e+05   -3.12497e+04   -4.18202e+06    2.36319e+04
      Potential    Kinetic En.   Total Energy  Conserved En.    Temperature
   -3.51577e+06    6.39711e+05   -2.87606e+06   -2.64593e+06    3.00014e+02
 Pres. DC (bar) Pressure (bar)   Constr. rmsd
   -2.03241e+02    1.08330e+02    0.00000e+00

           Step           Time
        5750000    11500.00000

   Energies (kJ/mol)
           Bond          Angle    Proper Dih. Per. Imp. Dih.          LJ-14
    7.42760e+03    1.94863e+04    2.42758e+04    1.19553e+03    8.92171e+03
     Coulomb-14        LJ (SR)  Disper. corr.   Coulomb (SR)   Coul. recip.
    1.02593e+05    5.06933e+05   -3.12005e+04   -4.17447e+06    2.37518e+04
      Potential    Kinetic En.   Total Energy  Conserved En.    Temperature
   -3.51109e+06    6.38499e+05   -2.87259e+06   -2.64428e+06    2.99446e+02
 Pres. DC (bar) Pressure (bar)   Constr. rmsd
   -2.02602e+02    3.57420e+01    0.00000e+00

Writing checkpoint, step 5786300 at Tue Sep 29 05:27:39 2026


           Step           Time
        5800000    11600.00000

   Energies (kJ/mol)
           Bond          Angle    Proper Dih. Per. Imp. Dih.          LJ-14
    7.30695e+03    1.92613e+04    2.40114e+04    1.15142e+03    8.75062e+03
     Coulomb-14        LJ (SR)  Disper. corr.   Coulomb (SR)   Coul. recip.
    1.02643e+05    5.04438e+05   -3.12466e+04   -4.17408e+06    2.38188e+04
      Potential    Kinetic En.   Total Energy  Conserved En.    Temperature
   -3.51394e+06    6.39044e+05   -2.87490e+06   -2.64263e+06    2.99702e+02
 Pres. DC (bar) Pressure (bar)   Constr. rmsd
   -2.03201e+02   -5.52455e+01    0.00000e+00

           Step           Time
        5850000    11700.00000

   Energies (kJ/mol)
           Bond          Angle    Proper Dih. Per. Imp. Dih.          LJ-14
    7.09137e+03    1.96620e+04    2.39498e+04    1.19714e+03    8.90228e+03
     Coulomb-14        LJ (SR)  Disper. corr.   Coulomb (SR)   Coul. recip.
    1.02700e+05    5.05996e+05   -3.12431e+04   -4.17517e+06    2.36536e+04
      Potential    Kinetic En.   Total Energy  Conserved En.    Temperature
   -3.51326e+06    6.39062e+05   -2.87420e+06   -2.64097e+06    2.99710e+02
 Pres. DC (bar) Pressure (bar)   Constr. rmsd
   -2.03156e+02    3.12229e+01    0.00000e+00

           Step           Time
        5900000    11800.00000

   Energies (kJ/mol)
           Bond          Angle    Proper Dih. Per. Imp. Dih.          LJ-14
    7.33845e+03    1.94604e+04    2.42630e+04    1.19096e+03    8.95023e+03
     Coulomb-14        LJ (SR)  Disper. corr.   Coulomb (SR)   Coul. recip.
    1.02673e+05    5.06295e+05   -3.12206e+04   -4.17512e+06    2.36346e+04
      Potential    Kinetic En.   Total Energy  Conserved En.    Temperature
   -3.51254e+06    6.39248e+05   -2.87329e+06   -2.63945e+06    2.99797e+02
 Pres. DC (bar) Pressure (bar)   Constr. rmsd
   -2.02863e+02   -3.07377e+01    0.00000e+00

           Step           Time
        5950000    11900.00000

   Energies (kJ/mol)
           Bond          Angle    Proper Dih. Per. Imp. Dih.          LJ-14
    7.29852e+03    1.92244e+04    2.41652e+04    1.17314e+03    9.01664e+03
     Coulomb-14        LJ (SR)  Disper. corr.   Coulomb (SR)   Coul. recip.
    1.02824e+05    5.11440e+05   -3.12267e+04   -4.18130e+06    2.36992e+04
      Potential    Kinetic En.   Total Energy  Conserved En.    Temperature
   -3.51369e+06    6.40401e+05   -2.87329e+06   -2.63697e+06    3.00338e+02
 Pres. DC (bar) Pressure (bar)   Constr. rmsd
   -2.02942e+02    1.15618e+02    0.00000e+00

           Step           Time
        6000000    12000.00000

   Energies (kJ/mol)
           Bond          Angle    Proper Dih. Per. Imp. Dih.          LJ-14
    7.45490e+03    1.90130e+04    2.38859e+04    1.24705e+03    8.96252e+03
     Coulomb-14        LJ (SR)  Disper. corr.   Coulomb (SR)   Coul. recip.
    1.02842e+05    5.06117e+05   -3.11744e+04   -4.17438e+06    2.35658e+04
      Potential    Kinetic En.   Total Energy  Conserved En.    Temperature
   -3.51246e+06    6.38569e+05   -2.87389e+06   -2.63517e+06    2.99479e+02
 Pres. DC (bar) Pressure (bar)   Constr. rmsd
   -2.02264e+02   -6.08434e+00    0.00000e+00

           Step           Time
        6050000    12100.00000

   Energies (kJ/mol)
           Bond          Angle    Proper Dih. Per. Imp. Dih.          LJ-14
    7.40835e+03    1.88189e+04    2.42570e+04    1.21560e+03    8.93940e+03
     Coulomb-14        LJ (SR)  Disper. corr.   Coulomb (SR)   Coul. recip.
    1.02766e+05    5.04745e+05   -3.11961e+04   -4.17334e+06    2.35457e+04
      Potential    Kinetic En.   Total Energy  Conserved En.    Temperature
   -3.51284e+06    6.39829e+05   -2.87301e+06   -2.63345e+06    3.00070e+02
 Pres. DC (bar) Pressure (bar)   Constr. rmsd
   -2.02546e+02   -4.79197e+01    0.00000e+00

           Step           Time
        6100000    12200.00000

   Energies (kJ/mol)
           Bond          Angle    Proper Dih. Per. Imp. Dih.          LJ-14
    7.11567e+03    1.94267e+04    2.42187e+04    1.18762e+03    8.92382e+03
     Coulomb-14        LJ (SR)  Disper. corr.   Coulomb (SR)   Coul. recip.
    1.03040e+05    5.06193e+05   -3.12545e+04   -4.17747e+06    2.35509e+04
      Potential    Kinetic En.   Total Energy  Conserved En.    Temperature
   -3.51507e+06    6.39960e+05   -2.87511e+06   -2.63127e+06    3.00131e+02
 Pres. DC (bar) Pressure (bar)   Constr. rmsd
   -2.03304e+02    2.42228e+01    0.00000e+00

Writing checkpoint, step 6128600 at Tue Sep 29 05:42:39 2026


           Step           Time
        6150000    12300.00000

   Energies (kJ/mol)
           Bond          Angle    Proper Dih. Per. Imp. Dih.          LJ-14
    7.49909e+03    1.90762e+04    2.40971e+04    1.13152e+03    8.83600e+03
     Coulomb-14        LJ (SR)  Disper. corr.   Coulomb (SR)   Coul. recip.
    1.02937e+05    5.09283e+05   -3.12116e+04   -4.18230e+06    2.37431e+04
      Potential    Kinetic En.   Total Energy  Conserved En.    Temperature
   -3.51691e+06    6.39303e+05   -2.87761e+06   -2.62982e+06    2.99823e+02
 Pres. DC (bar) Pressure (bar)   Constr. rmsd
   -2.02747e+02    2.12083e+01    0.00000e+00

           Step           Time
        6200000    12400.00000

   Energies (kJ/mol)
           Bond          Angle    Proper Dih. Per. Imp. Dih.          LJ-14
    7.15018e+03    1.93807e+04    2.42299e+04    1.22813e+03    8.88954e+03
     Coulomb-14        LJ (SR)  Disper. corr.   Coulomb (SR)   Coul. recip.
    1.03171e+05    5.06503e+05   -3.12290e+04   -4.17537e+06    2.35838e+04
      Potential    Kinetic En.   Total Energy  Conserved En.    Temperature
   -3.51246e+06    6.41329e+05   -2.87113e+06   -2.62795e+06    3.00773e+02
 Pres. DC (bar) Pressure (bar)   Constr. rmsd
   -2.02973e+02    5.80344e+01    0.00000e+00

           Step           Time
        6250000    12500.00000

   Energies (kJ/mol)
           Bond          Angle    Proper Dih. Per. Imp. Dih.          LJ-14
    7.23923e+03    1.95439e+04    2.40925e+04    1.23638e+03    8.83217e+03
     Coulomb-14        LJ (SR)  Disper. corr.   Coulomb (SR)   Coul. recip.
    1.03247e+05    5.08891e+05   -3.12498e+04   -4.17862e+06    2.34607e+04
      Potential    Kinetic En.   Total Energy  Conserved En.    Temperature
   -3.51333e+06    6.41368e+05   -2.87196e+06   -2.62592e+06    3.00791e+02
 Pres. DC (bar) Pressure (bar)   Constr. rmsd
   -2.03242e+02    7.46383e+01    0.00000e+00

           Step           Time
        6300000    12600.00000

   Energies (kJ/mol)
           Bond          Angle    Proper Dih. Per. Imp. Dih.          LJ-14
    7.40459e+03    1.94523e+04    2.41013e+04    1.22669e+03    8.83211e+03
     Coulomb-14        LJ (SR)  Disper. corr.   Coulomb (SR)   Coul. recip.
    1.02717e+05    5.06185e+05   -3.11487e+04   -4.17755e+06    2.36904e+04
      Potential    Kinetic En.   Total Energy  Conserved En.    Temperature
   -3.51509e+06    6.42134e+05   -2.87295e+06   -2.62359e+06    3.01151e+02
 Pres. DC (bar) Pressure (bar)   Constr. rmsd
   -2.01931e+02   -7.82589e+01    0.00000e+00

           Step           Time
        6350000    12700.00000

   Energies (kJ/mol)
           Bond          Angle    Proper Dih. Per. Imp. Dih.          LJ-14
    7.23573e+03    1.92544e+04    2.39311e+04    1.14982e+03    8.83110e+03
     Coulomb-14        LJ (SR)  Disper. corr.   Coulomb (SR)   Coul. recip.
    1.03251e+05    5.05992e+05   -3.11575e+04   -4.17805e+06    2.36112e+04
      Potential    Kinetic En.   Total Energy  Conserved En.    Temperature
   -3.51595e+06    6.39116e+05   -2.87683e+06   -2.62155e+06    2.99735e+02
 Pres. DC (bar) Pressure (bar)   Constr. rmsd
   -2.02045e+02   -5.06673e+01    0.00000e+00

           Step           Time
        6400000    12800.00000

   Energies (kJ/mol)
           Bond          Angle    Proper Dih. Per. Imp. Dih.          LJ-14
    7.49740e+03    1.95361e+04    2.41321e+04    1.20401e+03    8.61498e+03
     Coulomb-14        LJ (SR)  Disper. corr.   Coulomb (SR)   Coul. recip.
    1.02811e+05    5.06793e+05   -3.12140e+04   -4.17856e+06    2.34836e+04
      Potential    Kinetic En.   Total Energy  Conserved En.    Temperature
   -3.51570e+06    6.38376e+05   -2.87732e+06   -2.61998e+06    2.99388e+02
 Pres. DC (bar) Pressure (bar)   Constr. rmsd
   -2.02778e+02   -5.53016e+01    0.00000e+00

           Step           Time
        6450000    12900.00000

   Energies (kJ/mol)
           Bond          Angle    Proper Dih. Per. Imp. Dih.          LJ-14
    7.32794e+03    1.92357e+04    2.39763e+04    1.16475e+03    8.93230e+03
     Coulomb-14        LJ (SR)  Disper. corr.   Coulomb (SR)   Coul. recip.
    1.03270e+05    5.11530e+05   -3.13126e+04   -4.18663e+06    2.34682e+04
      Potential    Kinetic En.   Total Energy  Conserved En.    Temperature
   -3.51904e+06    6.39416e+05   -2.87962e+06   -2.61783e+06    2.99876e+02
 Pres. DC (bar) Pressure (bar)   Constr. rmsd
   -2.04059e+02    1.26519e+02    0.00000e+00

Writing checkpoint, step 6471000 at Tue Sep 29 05:57:39 2026


           Step           Time
        6500000    13000.00000

   Energies (kJ/mol)
           Bond          Angle    Proper Dih. Per. Imp. Dih.          LJ-14
    7.38659e+03    1.90796e+04    2.40003e+04    1.19230e+03    8.91021e+03
     Coulomb-14        LJ (SR)  Disper. corr.   Coulomb (SR)   Coul. recip.
    1.02965e+05    5.09488e+05   -3.11873e+04   -4.17896e+06    2.36479e+04
      Potential    Kinetic En.   Total Energy  Conserved En.    Temperature
   -3.51348e+06    6.38942e+05   -2.87454e+06   -2.61635e+06    2.99653e+02
 Pres. DC (bar) Pressure (bar)   Constr. rmsd
   -2.02432e+02    3.14907e+01    0.00000e+00

           Step           Time
        6550000    13100.00000

   Energies (kJ/mol)
           Bond          Angle    Proper Dih. Per. Imp. Dih.          LJ-14
    7.20777e+03    1.91313e+04    2.40130e+04    1.14495e+03    8.96047e+03
     Coulomb-14        LJ (SR)  Disper. corr.   Coulomb (SR)   Coul. recip.
    1.03081e+05    5.08142e+05   -3.12026e+04   -4.18035e+06    2.37757e+04
      Potential    Kinetic En.   Total Energy  Conserved En.    Temperature
   -3.51610e+06    6.38312e+05   -2.87779e+06   -2.61446e+06    2.99358e+02
 Pres. DC (bar) Pressure (bar)   Constr. rmsd
   -2.02629e+02    4.91550e+00    0.00000e+00

           Step           Time
        6600000    13200.00000

   Energies (kJ/mol)
           Bond          Angle    Proper Dih. Per. Imp. Dih.          LJ-14
    7.31275e+03    1.92574e+04    2.39720e+04    1.20372e+03    8.86341e+03
     Coulomb-14        LJ (SR)  Disper. corr.   Coulomb (SR)   Coul. recip.
    1.02888e+05    5.05306e+05   -3.11907e+04   -4.17350e+06    2.35301e+04
      Potential    Kinetic En.   Total Energy  Conserved En.    Temperature
   -3.51236e+06    6.38828e+05   -2.87353e+06   -2.61249e+06    2.99600e+02
 Pres. DC (bar) Pressure (bar)   Constr. rmsd
   -2.02475e+02   -3.46273e+01    0.00000e+00

           Step           Time
        6650000    13300.00000

   Energies (kJ/mol)
           Bond          Angle    Proper Dih. Per. Imp. Dih.          LJ-14
    7.29042e+03    1.95935e+04    2.41220e+04    1.16969e+03    8.86233e+03
     Coulomb-14        LJ (SR)  Disper. corr.   Coulomb (SR)   Coul. recip.
    1.03405e+05    5.06041e+05   -3.11463e+04   -4.17571e+06    2.36217e+04
      Potential    Kinetic En.   Total Energy  Conserved En.    Temperature
   -3.51275e+06    6.39567e+05   -2.87318e+06   -2.60994e+06    2.99947e+02
 Pres. DC (bar) Pressure (bar)   Constr. rmsd
   -2.01899e+02   -7.95774e+00    0.00000e+00

           Step           Time
        6700000    13400.00000

   Energies (kJ/mol)
           Bond          Angle    Proper Dih. Per. Imp. Dih.          LJ-14
    7.49428e+03    1.94489e+04    2.41521e+04    1.15647e+03    8.79541e+03
     Coulomb-14        LJ (SR)  Disper. corr.   Coulomb (SR)   Coul. recip.
    1.03062e+05    5.07250e+05   -3.11937e+04   -4.17848e+06    2.35722e+04
      Potential    Kinetic En.   Total Energy  Conserved En.    Temperature
   -3.51474e+06    6.41748e+05   -2.87300e+06   -2.60836e+06    3.00970e+02
 Pres. DC (bar) Pressure (bar)   Constr. rmsd
   -2.02514e+02   -1.53424e+01    0.00000e+00

           Step           Time
        6750000    13500.00000

   Energies (kJ/mol)
           Bond          Angle    Proper Dih. Per. Imp. Dih.          LJ-14
    7.20976e+03    1.94236e+04    2.39934e+04    1.17011e+03    8.91452e+03
     Coulomb-14        LJ (SR)  Disper. corr.   Coulomb (SR)   Coul. recip.
    1.03167e+05    5.08378e+05   -3.13030e+04   -4.18090e+06    2.34485e+04
      Potential    Kinetic En.   Total Energy  Conserved En.    Temperature
   -3.51650e+06    6.39679e+05   -2.87682e+06   -2.60707e+06    2.99999e+02
 Pres. DC (bar) Pressure (bar)   Constr. rmsd
   -2.03935e+02    5.50464e+01    0.00000e+00

           Step           Time
        6800000    13600.00000

   Energies (kJ/mol)
           Bond          Angle    Proper Dih. Per. Imp. Dih.          LJ-14
    7.30744e+03    1.94971e+04    2.41628e+04    1.20475e+03    8.87997e+03
     Coulomb-14        LJ (SR)  Disper. corr.   Coulomb (SR)   Coul. recip.
    1.02641e+05    5.09273e+05   -3.12796e+04   -4.17789e+06    2.36137e+04
      Potential    Kinetic En.   Total Energy  Conserved En.    Temperature
   -3.51259e+06    6.40015e+05   -2.87257e+06   -2.60542e+06    3.00157e+02
 Pres. DC (bar) Pressure (bar)   Constr. rmsd
   -2.03629e+02    1.00839e+02    0.00000e+00

Writing checkpoint, step 6813300 at Tue Sep 29 06:12:39 2026


           Step           Time
        6850000    13700.00000

   Energies (kJ/mol)
           Bond          Angle    Proper Dih. Per. Imp. Dih.          LJ-14
    7.51755e+03    1.96860e+04    2.41389e+04    1.24514e+03    8.80545e+03
     Coulomb-14        LJ (SR)  Disper. corr.   Coulomb (SR)   Coul. recip.
    1.02787e+05    5.08032e+05   -3.12132e+04   -4.17484e+06    2.37398e+04
      Potential    Kinetic En.   Total Energy  Conserved En.    Temperature
   -3.51011e+06    6.38835e+05   -2.87127e+06   -2.60390e+06    2.99604e+02
 Pres. DC (bar) Pressure (bar)   Constr. rmsd
   -2.02767e+02    1.59875e+01    0.00000e+00

           Step           Time
        6900000    13800.00000

   Energies (kJ/mol)
           Bond          Angle    Proper Dih. Per. Imp. Dih.          LJ-14
    7.53609e+03    1.95355e+04    2.40492e+04    1.17760e+03    8.84172e+03
     Coulomb-14        LJ (SR)  Disper. corr.   Coulomb (SR)   Coul. recip.
    1.03111e+05    5.03386e+05   -3.11498e+04   -4.17190e+06    2.35980e+04
      Potential    Kinetic En.   Total Energy  Conserved En.    Temperature
   -3.51182e+06    6.39898e+05   -2.87192e+06   -2.60191e+06    3.00102e+02
 Pres. DC (bar) Pressure (bar)   Constr. rmsd
   -2.01945e+02   -1.00871e+02    0.00000e+00

           Step           Time
        6950000    13900.00000

   Energies (kJ/mol)
           Bond          Angle    Proper Dih. Per. Imp. Dih.          LJ-14
    7.27294e+03    1.91811e+04    2.41914e+04    1.12306e+03    8.75027e+03
     Coulomb-14        LJ (SR)  Disper. corr.   Coulomb (SR)   Coul. recip.
    1.02479e+05    5.09528e+05   -3.12517e+04   -4.17992e+06    2.36421e+04
      Potential    Kinetic En.   Total Energy  Conserved En.    Temperature
   -3.51500e+06    6.35974e+05   -2.87903e+06   -2.60003e+06    2.98261e+02
 Pres. DC (bar) Pressure (bar)   Constr. rmsd
   -2.03267e+02    4.35553e+01    0.00000e+00

           Step           Time
        7000000    14000.00000

   Energies (kJ/mol)
           Bond          Angle    Proper Dih. Per. Imp. Dih.          LJ-14
    7.34663e+03    1.90003e+04    2.41428e+04    1.13883e+03    8.87596e+03
     Coulomb-14        LJ (SR)  Disper. corr.   Coulomb (SR)   Coul. recip.
    1.03136e+05    5.07702e+05   -3.12115e+04   -4.17884e+06    2.35494e+04
      Potential    Kinetic En.   Total Energy  Conserved En.    Temperature
   -3.51516e+06    6.37582e+05   -2.87758e+06   -2.59828e+06    2.99016e+02
 Pres. DC (bar) Pressure (bar)   Constr. rmsd
   -2.02746e+02    4.79279e+01    0.00000e+00

           Step           Time
        7050000    14100.00000

   Energies (kJ/mol)
           Bond          Angle    Proper Dih. Per. Imp. Dih.          LJ-14
    7.31596e+03    1.96636e+04    2.42054e+04    1.18487e+03    8.84483e+03
     Coulomb-14        LJ (SR)  Disper. corr.   Coulomb (SR)   Coul. recip.
    1.02590e+05    5.08440e+05   -3.11598e+04   -4.17371e+06    2.35234e+04
      Potential    Kinetic En.   Total Energy  Conserved En.    Temperature
   -3.50911e+06    6.39079e+05   -2.87003e+06   -2.59645e+06    2.99718e+02
 Pres. DC (bar) Pressure (bar)   Constr. rmsd
   -2.02074e+02    5.25264e+01    0.00000e+00

           Step           Time
        7100000    14200.00000

   Energies (kJ/mol)
           Bond          Angle    Proper Dih. Per. Imp. Dih.          LJ-14
    7.06083e+03    1.92270e+04    2.42073e+04    1.17045e+03    8.88018e+03
     Coulomb-14        LJ (SR)  Disper. corr.   Coulomb (SR)   Coul. recip.
    1.02932e+05    5.07594e+05   -3.11954e+04   -4.17727e+06    2.35992e+04
      Potential    Kinetic En.   Total Energy  Conserved En.    Temperature
   -3.51379e+06    6.41081e+05   -2.87271e+06   -2.59467e+06    3.00657e+02
 Pres. DC (bar) Pressure (bar)   Constr. rmsd
   -2.02536e+02    1.88575e+01    0.00000e+00

           Step           Time
        7150000    14300.00000

   Energies (kJ/mol)
           Bond          Angle    Proper Dih. Per. Imp. Dih.          LJ-14
    7.36680e+03    1.94489e+04    2.41616e+04    1.16289e+03    8.85176e+03
     Coulomb-14        LJ (SR)  Disper. corr.   Coulomb (SR)   Coul. recip.
    1.02759e+05    5.09097e+05   -3.12164e+04   -4.18064e+06    2.34965e+04
      Potential    Kinetic En.   Total Energy  Conserved En.    Temperature
   -3.51552e+06    6.38648e+05   -2.87687e+06   -2.59281e+06    2.99516e+02
 Pres. DC (bar) Pressure (bar)   Constr. rmsd
   -2.02809e+02    2.88329e+01    0.00000e+00

Writing checkpoint, step 7155500 at Tue Sep 29 06:27:39 2026


           Step           Time
        7200000    14400.00000

   Energies (kJ/mol)
           Bond          Angle    Proper Dih. Per. Imp. Dih.          LJ-14
    7.12936e+03    1.94063e+04    2.41982e+04    1.17249e+03    8.80704e+03
     Coulomb-14        LJ (SR)  Disper. corr.   Coulomb (SR)   Coul. recip.
    1.02936e+05    5.04951e+05   -3.12219e+04   -4.17475e+06    2.35207e+04
      Potential    Kinetic En.   Total Energy  Conserved En.    Temperature
   -3.51385e+06    6.39655e+05   -2.87419e+06   -2.59072e+06    2.99988e+02
 Pres. DC (bar) Pressure (bar)   Constr. rmsd
   -2.02880e+02   -1.79519e+01    0.00000e+00

           Step           Time
        7250000    14500.00000

   Energies (kJ/mol)
           Bond          Angle    Proper Dih. Per. Imp. Dih.          LJ-14
    7.36104e+03    1.92267e+04    2.40527e+04    1.19415e+03    8.95085e+03
     Coulomb-14        LJ (SR)  Disper. corr.   Coulomb (SR)   Coul. recip.
    1.02871e+05    5.06265e+05   -3.12486e+04   -4.17782e+06    2.37176e+04
      Potential    Kinetic En.   Total Energy  Conserved En.    Temperature
   -3.51543e+06    6.38709e+05   -2.87672e+06   -2.58849e+06    2.99544e+02
 Pres. DC (bar) Pressure (bar)   Constr. rmsd
   -2.03226e+02    1.57438e+01    0.00000e+00

           Step           Time
        7300000    14600.00000

   Energies (kJ/mol)
           Bond          Angle    Proper Dih. Per. Imp. Dih.          LJ-14
    7.39833e+03    1.93223e+04    2.41151e+04    1.07365e+03    8.93605e+03
     Coulomb-14        LJ (SR)  Disper. corr.   Coulomb (SR)   Coul. recip.
    1.03083e+05    5.05022e+05   -3.12560e+04   -4.17681e+06    2.36089e+04
      Potential    Kinetic En.   Total Energy  Conserved En.    Temperature
   -3.51551e+06    6.41266e+05   -2.87424e+06   -2.58640e+06    3.00744e+02
 Pres. DC (bar) Pressure (bar)   Constr. rmsd
   -2.03323e+02    9.49270e+00    0.00000e+00

           Step           Time
        7350000    14700.00000

   Energies (kJ/mol)
           Bond          Angle    Proper Dih. Per. Imp. Dih.          LJ-14
    7.36416e+03    1.93907e+04    2.40524e+04    1.14464e+03    9.04450e+03
     Coulomb-14        LJ (SR)  Disper. corr.   Coulomb (SR)   Coul. recip.
    1.02905e+05    5.06644e+05   -3.12216e+04   -4.17860e+06    2.34408e+04
      Potential    Kinetic En.   Total Energy  Conserved En.    Temperature
   -3.51584e+06    6.39494e+05   -2.87635e+06   -2.58454e+06    2.99912e+02
 Pres. DC (bar) Pressure (bar)   Constr. rmsd
   -2.02876e+02    1.18917e+01    0.00000e+00

           Step           Time
        7400000    14800.00000

   Energies (kJ/mol)
           Bond          Angle    Proper Dih. Per. Imp. Dih.          LJ-14
    7.26881e+03    1.91574e+04    2.41796e+04    1.16540e+03    8.93896e+03
     Coulomb-14        LJ (SR)  Disper. corr.   Coulomb (SR)   Coul. recip.
    1.03045e+05    5.03765e+05   -3.11053e+04   -4.17049e+06    2.37662e+04
      Potential    Kinetic En.   Total Energy  Conserved En.    Temperature
   -3.51031e+06    6.39571e+05   -2.87074e+06   -2.58269e+06    2.99949e+02
 Pres. DC (bar) Pressure (bar)   Constr. rmsd
   -2.01369e+02   -8.81278e+01    0.00000e+00

           Step           Time
        7450000    14900.00000

   Energies (kJ/mol)
           Bond          Angle    Proper Dih. Per. Imp. Dih.          LJ-14
    7.22072e+03    1.93333e+04    2.40647e+04    1.19009e+03    8.75411e+03
     Coulomb-14        LJ (SR)  Disper. corr.   Coulomb (SR)   Coul. recip.
    1.02524e+05    5.07018e+05   -3.12904e+04   -4.17928e+06    2.33487e+04
      Potential    Kinetic En.   Total Energy  Conserved En.    Temperature
   -3.51712e+06    6.40948e+05   -2.87617e+06   -2.58075e+06    3.00594e+02
 Pres. DC (bar) Pressure (bar)   Constr. rmsd
   -2.03771e+02    1.27426e+01    0.00000e+00

Writing checkpoint, step 7497900 at Tue Sep 29 06:42:39 2026


           Step           Time
        7500000    15000.00000

   Energies (kJ/mol)
           Bond          Angle    Proper Dih. Per. Imp. Dih.          LJ-14
    7.51821e+03    1.88782e+04    2.40590e+04    1.19607e+03    8.99164e+03
     Coulomb-14        LJ (SR)  Disper. corr.   Coulomb (SR)   Coul. recip.
    1.02835e+05    5.06984e+05   -3.12332e+04   -4.17470e+06    2.37965e+04
      Potential    Kinetic En.   Total Energy  Conserved En.    Temperature
   -3.51167e+06    6.41713e+05   -2.86996e+06   -2.57928e+06    3.00953e+02
 Pres. DC (bar) Pressure (bar)   Constr. rmsd
   -2.03026e+02    2.81323e+01    0.00000e+00

           Step           Time
        7550000    15100.00000

   Energies (kJ/mol)
           Bond          Angle    Proper Dih. Per. Imp. Dih.          LJ-14
    7.47434e+03    1.93338e+04    2.42065e+04    1.19660e+03    8.91291e+03
     Coulomb-14        LJ (SR)  Disper. corr.   Coulomb (SR)   Coul. recip.
    1.03084e+05    5.03522e+05   -3.11723e+04   -4.17307e+06    2.36429e+04
      Potential    Kinetic En.   Total Energy  Conserved En.    Temperature
   -3.51287e+06    6.38948e+05   -2.87392e+06   -2.57744e+06    2.99656e+02
 Pres. DC (bar) Pressure (bar)   Constr. rmsd
   -2.02236e+02   -8.21122e+01    0.00000e+00

           Step           Time
        7600000    15200.00000

   Energies (kJ/mol)
           Bond          Angle    Proper Dih. Per. Imp. Dih.          LJ-14
    7.17922e+03    1.91399e+04    2.40945e+04    1.19892e+03    8.69807e+03
     Coulomb-14        LJ (SR)  Disper. corr.   Coulomb (SR)   Coul. recip.
    1.02825e+05    5.04860e+05   -3.12183e+04   -4.17408e+06    2.32915e+04
      Potential    Kinetic En.   Total Energy  Conserved En.    Temperature
   -3.51401e+06    6.37673e+05   -2.87634e+06   -2.57542e+06    2.99058e+02
 Pres. DC (bar) Pressure (bar)   Constr. rmsd
   -2.02833e+02   -2.78731e+01    0.00000e+00

           Step           Time
        7650000    15300.00000

   Energies (kJ/mol)
           Bond          Angle    Proper Dih. Per. Imp. Dih.          LJ-14
    7.52520e+03    1.94113e+04    2.40337e+04    1.18005e+03    8.80938e+03
     Coulomb-14        LJ (SR)  Disper. corr.   Coulomb (SR)   Coul. recip.
    1.02670e+05    5.07137e+05   -3.11714e+04   -4.17935e+06    2.38078e+04
      Potential    Kinetic En.   Total Energy  Conserved En.    Temperature
   -3.51595e+06    6.40821e+05   -2.87513e+06   -2.57341e+06    3.00535e+02
 Pres. DC (bar) Pressure (bar)   Constr. rmsd
   -2.02225e+02   -3.64706e+01    0.00000e+00

           Step           Time
        7700000    15400.00000

   Energies (kJ/mol)
           Bond          Angle    Proper Dih. Per. Imp. Dih.          LJ-14
    7.09137e+03    1.89989e+04    2.40998e+04    1.16729e+03    9.01430e+03
     Coulomb-14        LJ (SR)  Disper. corr.   Coulomb (SR)   Coul. recip.
    1.03257e+05    5.05467e+05   -3.11285e+04   -4.17209e+06    2.38369e+04
      Potential    Kinetic En.   Total Energy  Conserved En.    Temperature
   -3.51029e+06    6.39625e+05   -2.87066e+06   -2.57180e+06    2.99974e+02
 Pres. DC (bar) Pressure (bar)   Constr. rmsd
   -2.01670e+02   -1.74637e+01    0.00000e+00

           Step           Time
        7750000    15500.00000

   Energies (kJ/mol)
           Bond          Angle    Proper Dih. Per. Imp. Dih.          LJ-14
    7.14765e+03    1.95098e+04    2.40924e+04    1.18242e+03    8.90693e+03
     Coulomb-14        LJ (SR)  Disper. corr.   Coulomb (SR)   Coul. recip.
    1.03307e+05    5.08950e+05   -3.11812e+04   -4.17910e+06    2.36317e+04
      Potential    Kinetic En.   Total Energy  Conserved En.    Temperature
   -3.51355e+06    6.39243e+05   -2.87431e+06   -2.56999e+06    2.99795e+02
 Pres. DC (bar) Pressure (bar)   Constr. rmsd
   -2.02352e+02    4.30483e+01    0.00000e+00

           Step           Time
        7800000    15600.00000

   Energies (kJ/mol)
           Bond          Angle    Proper Dih. Per. Imp. Dih.          LJ-14
    7.24049e+03    1.94251e+04    2.41032e+04    1.20847e+03    8.80892e+03
     Coulomb-14        LJ (SR)  Disper. corr.   Coulomb (SR)   Coul. recip.
    1.02809e+05    5.04470e+05   -3.11953e+04   -4.17216e+06    2.36176e+04
      Potential    Kinetic En.   Total Energy  Conserved En.    Temperature
   -3.51167e+06    6.39323e+05   -2.87235e+06   -2.56769e+06    2.99832e+02
 Pres. DC (bar) Pressure (bar)   Constr. rmsd
   -2.02535e+02   -6.87422e+01    0.00000e+00

Writing checkpoint, step 7840300 at Tue Sep 29 06:57:39 2026


           Step           Time
        7850000    15700.00000

   Energies (kJ/mol)
           Bond          Angle    Proper Dih. Per. Imp. Dih.          LJ-14
    7.23287e+03    1.93038e+04    2.42118e+04    1.20433e+03    8.91311e+03
     Coulomb-14        LJ (SR)  Disper. corr.   Coulomb (SR)   Coul. recip.
    1.03133e+05    5.08054e+05   -3.12641e+04   -4.17956e+06    2.36579e+04
      Potential    Kinetic En.   Total Energy  Conserved En.    Temperature
   -3.51511e+06    6.40758e+05   -2.87436e+06   -2.56530e+06    3.00505e+02
 Pres. DC (bar) Pressure (bar)   Constr. rmsd
   -2.03428e+02    2.80846e+01    0.00000e+00

           Step           Time
        7900000    15800.00000

   Energies (kJ/mol)
           Bond          Angle    Proper Dih. Per. Imp. Dih.          LJ-14
    7.47922e+03    1.90762e+04    2.42476e+04    1.19755e+03    8.91077e+03
     Coulomb-14        LJ (SR)  Disper. corr.   Coulomb (SR)   Coul. recip.
    1.02476e+05    5.09108e+05   -3.13087e+04   -4.17972e+06    2.36558e+04
      Potential    Kinetic En.   Total Energy  Conserved En.    Temperature
   -3.51488e+06    6.39160e+05   -2.87572e+06   -2.56333e+06    2.99756e+02
 Pres. DC (bar) Pressure (bar)   Constr. rmsd
   -2.04009e+02    8.88319e+01    0.00000e+00

           Step           Time
        7950000    15900.00000

   Energies (kJ/mol)
           Bond          Angle    Proper Dih. Per. Imp. Dih.          LJ-14
    7.41905e+03    1.91212e+04    2.41193e+04    1.20703e+03    8.86764e+03
     Coulomb-14        LJ (SR)  Disper. corr.   Coulomb (SR)   Coul. recip.
    1.02802e+05    5.03715e+05   -3.11117e+04   -4.17330e+06    2.39956e+04
      Potential    Kinetic En.   Total Energy  Conserved En.    Temperature
   -3.51316e+06    6.38706e+05   -2.87446e+06   -2.56131e+06    2.99543e+02
 Pres. DC (bar) Pressure (bar)   Constr. rmsd
   -2.01452e+02   -9.54014e+01    0.00000e+00

           Step           Time
        8000000    16000.00000

   Energies (kJ/mol)
           Bond          Angle    Proper Dih. Per. Imp. Dih.          LJ-14
    7.37586e+03    1.93469e+04    2.42112e+04    1.08068e+03    8.88691e+03
     Coulomb-14        LJ (SR)  Disper. corr.   Coulomb (SR)   Coul. recip.
    1.02906e+05    5.05728e+05   -3.11502e+04   -4.17367e+06    2.37354e+04
      Potential    Kinetic En.   Total Energy  Conserved En.    Temperature
   -3.51154e+06    6.38859e+05   -2.87269e+06   -2.55927e+06    2.99615e+02
 Pres. DC (bar) Pressure (bar)   Constr. rmsd
   -2.01950e+02   -3.27453e+01    0.00000e+00

           Step           Time
        8050000    16100.00000

   Energies (kJ/mol)
           Bond          Angle    Proper Dih. Per. Imp. Dih.          LJ-14
    7.51896e+03    1.92855e+04    2.41748e+04    1.21674e+03    8.81005e+03
     Coulomb-14        LJ (SR)  Disper. corr.   Coulomb (SR)   Coul. recip.
    1.02421e+05    5.09555e+05   -3.12403e+04   -4.18091e+06    2.36951e+04
      Potential    Kinetic En.   Total Energy  Conserved En.    Temperature
   -3.51547e+06    6.39234e+05   -2.87624e+06   -2.55718e+06    2.99791e+02
 Pres. DC (bar) Pressure (bar)   Constr. rmsd
   -2.03118e+02    3.24173e+01    0.00000e+00

           Step           Time
        8100000    16200.00000

   Energies (kJ/mol)
           Bond          Angle    Proper Dih. Per. Imp. Dih.          LJ-14
    7.48842e+03    1.92025e+04    2.39464e+04    1.21245e+03    8.86631e+03
     Coulomb-14        LJ (SR)  Disper. corr.   Coulomb (SR)   Coul. recip.
    1.02809e+05    5.03765e+05   -3.12277e+04   -4.17459e+06    2.33778e+04
      Potential    Kinetic En.   Total Energy  Conserved En.    Temperature
   -3.51515e+06    6.40337e+05   -2.87481e+06   -2.55474e+06    3.00308e+02
 Pres. DC (bar) Pressure (bar)   Constr. rmsd
   -2.02956e+02   -6.91521e+01    0.00000e+00

           Step           Time
        8150000    16300.00000

   Energies (kJ/mol)
           Bond          Angle    Proper Dih. Per. Imp. Dih.          LJ-14
    6.94794e+03    1.94434e+04    2.40214e+04    1.09560e+03    9.02879e+03
     Coulomb-14        LJ (SR)  Disper. corr.   Coulomb (SR)   Coul. recip.
    1.03350e+05    5.07512e+05   -3.11746e+04   -4.17645e+06    2.37735e+04
      Potential    Kinetic En.   Total Energy  Conserved En.    Temperature
   -3.51245e+06    6.41434e+05   -2.87101e+06   -2.55310e+06    3.00822e+02
 Pres. DC (bar) Pressure (bar)   Constr. rmsd
   -2.02266e+02    3.49395e+01    0.00000e+00

Writing checkpoint, step 8182700 at Tue Sep 29 07:12:39 2026


           Step           Time
        8200000    16400.00000

   Energies (kJ/mol)
           Bond          Angle    Proper Dih. Per. Imp. Dih.          LJ-14
    7.28147e+03    1.92706e+04    2.41511e+04    1.27159e+03    8.87012e+03
     Coulomb-14        LJ (SR)  Disper. corr.   Coulomb (SR)   Coul. recip.
    1.02866e+05    5.08502e+05   -3.12544e+04   -4.18013e+06    2.34075e+04
      Potential    Kinetic En.   Total Energy  Conserved En.    Temperature
   -3.51577e+06    6.39517e+05   -2.87625e+06   -2.55171e+06    2.99923e+02
 Pres. DC (bar) Pressure (bar)   Constr. rmsd
   -2.03302e+02    1.24311e+01    0.00000e+00

           Step           Time
        8250000    16500.00000

   Energies (kJ/mol)
           Bond          Angle    Proper Dih. Per. Imp. Dih.          LJ-14
    7.27984e+03    1.92681e+04    2.42260e+04    1.23027e+03    8.78963e+03
     Coulomb-14        LJ (SR)  Disper. corr.   Coulomb (SR)   Coul. recip.
    1.03044e+05    5.06039e+05   -3.12983e+04   -4.17862e+06    2.34684e+04
      Potential    Kinetic En.   Total Energy  Conserved En.    Temperature
   -3.51657e+06    6.38757e+05   -2.87781e+06   -2.54979e+06    2.99567e+02
 Pres. DC (bar) Pressure (bar)   Constr. rmsd
   -2.03872e+02   -2.05538e+01    0.00000e+00

           Step           Time
        8300000    16600.00000

   Energies (kJ/mol)
           Bond          Angle    Proper Dih. Per. Imp. Dih.          LJ-14
    7.34297e+03    1.91134e+04    2.40998e+04    1.12530e+03    8.97985e+03
     Coulomb-14        LJ (SR)  Disper. corr.   Coulomb (SR)   Coul. recip.
    1.02821e+05    5.06985e+05   -3.12026e+04   -4.18047e+06    2.35580e+04
      Potential    Kinetic En.   Total Energy  Conserved En.    Temperature
   -3.51764e+06    6.39572e+05   -2.87807e+06   -2.54871e+06    2.99949e+02
 Pres. DC (bar) Pressure (bar)   Constr. rmsd
   -2.02629e+02    7.32869e+00    0.00000e+00

           Step           Time
        8350000    16700.00000

   Energies (kJ/mol)
           Bond          Angle    Proper Dih. Per. Imp. Dih.          LJ-14
    7.30199e+03    1.95764e+04    2.41901e+04    1.23656e+03    8.93358e+03
     Coulomb-14        LJ (SR)  Disper. corr.   Coulomb (SR)   Coul. recip.
    1.02551e+05    5.06234e+05   -3.12258e+04   -4.17431e+06    2.34868e+04
      Potential    Kinetic En.   Total Energy  Conserved En.    Temperature
   -3.51202e+06    6.41299e+05   -2.87073e+06   -2.54660e+06    3.00759e+02
 Pres. DC (bar) Pressure (bar)   Constr. rmsd
   -2.02930e+02    3.90339e+01    0.00000e+00

           Step           Time
        8400000    16800.00000

   Energies (kJ/mol)
           Bond          Angle    Proper Dih. Per. Imp. Dih.          LJ-14
    7.37249e+03    1.89436e+04    2.40023e+04    1.18372e+03    8.84860e+03
     Coulomb-14        LJ (SR)  Disper. corr.   Coulomb (SR)   Coul. recip.
    1.03094e+05    5.09460e+05   -3.12146e+04   -4.18131e+06    2.36913e+04
      Potential    Kinetic En.   Total Energy  Conserved En.    Temperature
   -3.51593e+06    6.38483e+05   -2.87745e+06   -2.54465e+06    2.99438e+02
 Pres. DC (bar) Pressure (bar)   Constr. rmsd
   -2.02786e+02    3.53577e+01    0.00000e+00

           Step           Time
        8450000    16900.00000

   Energies (kJ/mol)
           Bond          Angle    Proper Dih. Per. Imp. Dih.          LJ-14
    7.23798e+03    1.93065e+04    2.41938e+04    1.07158e+03    8.83688e+03
     Coulomb-14        LJ (SR)  Disper. corr.   Coulomb (SR)   Coul. recip.
    1.02902e+05    5.05780e+05   -3.11427e+04   -4.17364e+06    2.38542e+04
      Potential    Kinetic En.   Total Energy  Conserved En.    Temperature
   -3.51160e+06    6.38678e+05   -2.87293e+06   -2.54236e+06    2.99530e+02
 Pres. DC (bar) Pressure (bar)   Constr. rmsd
   -2.01854e+02   -2.73359e+01    0.00000e+00

           Step           Time
        8500000    17000.00000

   Energies (kJ/mol)
           Bond          Angle    Proper Dih. Per. Imp. Dih.          LJ-14
    7.28907e+03    1.92364e+04    2.40140e+04    1.16631e+03    8.85559e+03
     Coulomb-14        LJ (SR)  Disper. corr.   Coulomb (SR)   Coul. recip.
    1.02625e+05    5.06424e+05   -3.11896e+04   -4.17724e+06    2.38079e+04
      Potential    Kinetic En.   Total Energy  Conserved En.    Temperature
   -3.51501e+06    6.38175e+05   -2.87684e+06   -2.54031e+06    2.99294e+02
 Pres. DC (bar) Pressure (bar)   Constr. rmsd
   -2.02461e+02   -3.58731e+01    0.00000e+00

Writing checkpoint, step 8524800 at Tue Sep 29 07:27:39 2026


           Step           Time
        8550000    17100.00000

   Energies (kJ/mol)
           Bond          Angle    Proper Dih. Per. Imp. Dih.          LJ-14
    7.22200e+03    1.89063e+04    2.41442e+04    1.29247e+03    8.84053e+03
     Coulomb-14        LJ (SR)  Disper. corr.   Coulomb (SR)   Coul. recip.
    1.03187e+05    5.08484e+05   -3.12410e+04   -4.18081e+06    2.33852e+04
      Potential    Kinetic En.   Total Energy  Conserved En.    Temperature
   -3.51659e+06    6.39392e+05   -2.87720e+06   -2.53844e+06    2.99865e+02
 Pres. DC (bar) Pressure (bar)   Constr. rmsd
   -2.03128e+02    2.92903e+01    0.00000e+00

           Step           Time
        8600000    17200.00000

   Energies (kJ/mol)
           Bond          Angle    Proper Dih. Per. Imp. Dih.          LJ-14
    7.41268e+03    1.89036e+04    2.42996e+04    1.22159e+03    8.87622e+03
     Coulomb-14        LJ (SR)  Disper. corr.   Coulomb (SR)   Coul. recip.
    1.03024e+05    5.05818e+05   -3.11185e+04   -4.17618e+06    2.35117e+04
      Potential    Kinetic En.   Total Energy  Conserved En.    Temperature
   -3.51423e+06    6.39579e+05   -2.87465e+06   -2.53601e+06    2.99952e+02
 Pres. DC (bar) Pressure (bar)   Constr. rmsd
   -2.01540e+02   -8.87708e+01    0.00000e+00

           Step           Time
        8650000    17300.00000

   Energies (kJ/mol)
           Bond          Angle    Proper Dih. Per. Imp. Dih.          LJ-14
    7.19877e+03    1.91559e+04    2.43370e+04    1.20198e+03    8.96514e+03
     Coulomb-14        LJ (SR)  Disper. corr.   Coulomb (SR)   Coul. recip.
    1.02808e+05    5.09078e+05   -3.11885e+04   -4.17843e+06    2.35048e+04
      Potential    Kinetic En.   Total Energy  Conserved En.    Temperature
   -3.51337e+06    6.39545e+05   -2.87382e+06   -2.53420e+06    2.99936e+02
 Pres. DC (bar) Pressure (bar)   Constr. rmsd
   -2.02447e+02    4.86441e+01    0.00000e+00

           Step           Time
        8700000    17400.00000

   Energies (kJ/mol)
           Bond          Angle    Proper Dih. Per. Imp. Dih.          LJ-14
    7.21714e+03    1.90729e+04    2.41037e+04    1.20116e+03    8.93801e+03
     Coulomb-14        LJ (SR)  Disper. corr.   Coulomb (SR)   Coul. recip.
    1.02703e+05    5.08488e+05   -3.12912e+04   -4.17867e+06    2.35065e+04
      Potential    Kinetic En.   Total Energy  Conserved En.    Temperature
   -3.51473e+06    6.38342e+05   -2.87639e+06   -2.53278e+06    2.99372e+02
 Pres. DC (bar) Pressure (bar)   Constr. rmsd
   -2.03780e+02    5.35182e+01    0.00000e+00

           Step           Time
        8750000    17500.00000

   Energies (kJ/mol)
           Bond          Angle    Proper Dih. Per. Imp. Dih.          LJ-14
    7.40789e+03    1.95330e+04    2.41187e+04    1.23189e+03    8.77472e+03
     Coulomb-14        LJ (SR)  Disper. corr.   Coulomb (SR)   Coul. recip.
    1.02920e+05    5.06455e+05   -3.11686e+04   -4.17551e+06    2.37159e+04
      Potential    Kinetic En.   Total Energy  Conserved En.    Temperature
   -3.51253e+06    6.38068e+05   -2.87446e+06   -2.53127e+06    2.99244e+02
 Pres. DC (bar) Pressure (bar)   Constr. rmsd
   -2.02189e+02   -3.59763e+01    0.00000e+00

           Step           Time
        8800000    17600.00000

   Energies (kJ/mol)
           Bond          Angle    Proper Dih. Per. Imp. Dih.          LJ-14
    7.30063e+03    1.94155e+04    2.41927e+04    1.17328e+03    8.95732e+03
     Coulomb-14        LJ (SR)  Disper. corr.   Coulomb (SR)   Coul. recip.
    1.02495e+05    5.07274e+05   -3.12242e+04   -4.17898e+06    2.37988e+04
      Potential    Kinetic En.   Total Energy  Conserved En.    Temperature
   -3.51559e+06    6.39760e+05   -2.87584e+06   -2.52922e+06    3.00037e+02
 Pres. DC (bar) Pressure (bar)   Constr. rmsd
   -2.02909e+02    1.82804e+01    0.00000e+00

           Step           Time
        8850000    17700.00000

   Energies (kJ/mol)
           Bond          Angle    Proper Dih. Per. Imp. Dih.          LJ-14
    7.34453e+03    1.95276e+04    2.41735e+04    1.14844e+03    8.82233e+03
     Coulomb-14        LJ (SR)  Disper. corr.   Coulomb (SR)   Coul. recip.
    1.03021e+05    5.05740e+05   -3.10924e+04   -4.17331e+06    2.35875e+04
      Potential    Kinetic En.   Total Energy  Conserved En.    Temperature
   -3.51104e+06    6.40381e+05   -2.87066e+06   -2.52719e+06    3.00328e+02
 Pres. DC (bar) Pressure (bar)   Constr. rmsd
   -2.01203e+02   -3.09590e+01    0.00000e+00

Writing checkpoint, step 8867100 at Tue Sep 29 07:42:39 2026


           Step           Time
        8900000    17800.00000

   Energies (kJ/mol)
           Bond          Angle    Proper Dih. Per. Imp. Dih.          LJ-14
    7.20385e+03    1.92922e+04    2.41510e+04    1.13772e+03    9.14565e+03
     Coulomb-14        LJ (SR)  Disper. corr.   Coulomb (SR)   Coul. recip.
    1.03238e+05    5.06796e+05   -3.12182e+04   -4.17370e+06    2.35591e+04
      Potential    Kinetic En.   Total Energy  Conserved En.    Temperature
   -3.51040e+06    6.38656e+05   -2.87174e+06   -2.52560e+06    2.99520e+02
 Pres. DC (bar) Pressure (bar)   Constr. rmsd
   -2.02833e+02    9.09157e+01    0.00000e+00

           Step           Time
        8950000    17900.00000

   Energies (kJ/mol)
           Bond          Angle    Proper Dih. Per. Imp. Dih.          LJ-14
    7.18182e+03    1.93103e+04    2.41786e+04    1.09511e+03    8.80614e+03
     Coulomb-14        LJ (SR)  Disper. corr.   Coulomb (SR)   Coul. recip.
    1.03076e+05    5.06844e+05   -3.11338e+04   -4.17365e+06    2.36060e+04
      Potential    Kinetic En.   Total Energy  Conserved En.    Temperature
   -3.51069e+06    6.39963e+05   -2.87072e+06   -2.52345e+06    3.00132e+02
 Pres. DC (bar) Pressure (bar)   Constr. rmsd
   -2.01738e+02   -1.20550e+01    0.00000e+00

           Step           Time
        9000000    18000.00000

   Energies (kJ/mol)
           Bond          Angle    Proper Dih. Per. Imp. Dih.          LJ-14
    7.37655e+03    1.94373e+04    2.42451e+04    1.14067e+03    9.03812e+03
     Coulomb-14        LJ (SR)  Disper. corr.   Coulomb (SR)   Coul. recip.
    1.02531e+05    5.07629e+05   -3.12583e+04   -4.17908e+06    2.34790e+04
      Potential    Kinetic En.   Total Energy  Conserved En.    Temperature
   -3.51546e+06    6.39599e+05   -2.87587e+06   -2.52136e+06    2.99962e+02
 Pres. DC (bar) Pressure (bar)   Constr. rmsd
   -2.03352e+02    7.91482e+01    0.00000e+00

           Step           Time
        9050000    18100.00000

   Energies (kJ/mol)
           Bond          Angle    Proper Dih. Per. Imp. Dih.          LJ-14
    7.27911e+03    1.95939e+04    2.41992e+04    1.23348e+03    8.96424e+03
     Coulomb-14        LJ (SR)  Disper. corr.   Coulomb (SR)   Coul. recip.
    1.02474e+05    5.06881e+05   -3.12003e+04   -4.17512e+06    2.36617e+04
      Potential    Kinetic En.   Total Energy  Conserved En.    Temperature
   -3.51204e+06    6.41254e+05   -2.87078e+06   -2.51961e+06    3.00738e+02
 Pres. DC (bar) Pressure (bar)   Constr. rmsd
   -2.02600e+02    1.74337e+01    0.00000e+00

           Step           Time
        9100000    18200.00000

   Energies (kJ/mol)
           Bond          Angle    Proper Dih. Per. Imp. Dih.          LJ-14
    7.30072e+03    1.95113e+04    2.40399e+04    1.11254e+03    8.90611e+03
     Coulomb-14        LJ (SR)  Disper. corr.   Coulomb (SR)   Coul. recip.
    1.02870e+05    5.06638e+05   -3.12707e+04   -4.17859e+06    2.35902e+04
      Potential    Kinetic En.   Total Energy  Conserved En.    Temperature
   -3.51590e+06    6.39525e+05   -2.87637e+06   -2.51765e+06    2.99927e+02
 Pres. DC (bar) Pressure (bar)   Constr. rmsd
   -2.03514e+02    2.27074e+01    0.00000e+00

           Step           Time
        9150000    18300.00000

   Energies (kJ/mol)
           Bond          Angle    Proper Dih. Per. Imp. Dih.          LJ-14
    7.30774e+03    1.89665e+04    2.42703e+04    1.19971e+03    8.88936e+03
     Coulomb-14        LJ (SR)  Disper. corr.   Coulomb (SR)   Coul. recip.
    1.03026e+05    5.07772e+05   -3.11443e+04   -4.17967e+06    2.35991e+04
      Potential    Kinetic En.   Total Energy  Conserved En.    Temperature
   -3.51578e+06    6.39072e+05   -2.87671e+06   -2.51568e+06    2.99715e+02
 Pres. DC (bar) Pressure (bar)   Constr. rmsd
   -2.01874e+02   -2.03853e+01    0.00000e+00

           Step           Time
        9200000    18400.00000

   Energies (kJ/mol)
           Bond          Angle    Proper Dih. Per. Imp. Dih.          LJ-14
    7.32715e+03    1.94405e+04    2.40388e+04    1.17994e+03    8.86911e+03
     Coulomb-14        LJ (SR)  Disper. corr.   Coulomb (SR)   Coul. recip.
    1.03253e+05    5.08792e+05   -3.12878e+04   -4.18214e+06    2.33658e+04
      Potential    Kinetic En.   Total Energy  Conserved En.    Temperature
   -3.51716e+06    6.39300e+05   -2.87786e+06   -2.51380e+06    2.99822e+02
 Pres. DC (bar) Pressure (bar)   Constr. rmsd
   -2.03736e+02    5.05986e+01    0.00000e+00

Writing checkpoint, step 9209200 at Tue Sep 29 07:57:39 2026


           Step           Time
        9250000    18500.00000

   Energies (kJ/mol)
           Bond          Angle    Proper Dih. Per. Imp. Dih.          LJ-14
    7.39832e+03    1.91257e+04    2.43583e+04    1.19018e+03    9.03482e+03
     Coulomb-14        LJ (SR)  Disper. corr.   Coulomb (SR)   Coul. recip.
    1.02691e+05    5.08130e+05   -3.12363e+04   -4.17784e+06    2.36160e+04
      Potential    Kinetic En.   Total Energy  Conserved En.    Temperature
   -3.51353e+06    6.39939e+05   -2.87359e+06   -2.51124e+06    3.00121e+02
 Pres. DC (bar) Pressure (bar)   Constr. rmsd
   -2.03067e+02    4.97645e+01    0.00000e+00

           Step           Time
        9300000    18600.00000

   Energies (kJ/mol)
           Bond          Angle    Proper Dih. Per. Imp. Dih.          LJ-14
    7.35122e+03    1.93230e+04    2.42104e+04    1.14489e+03    8.92023e+03
     Coulomb-14        LJ (SR)  Disper. corr.   Coulomb (SR)   Coul. recip.
    1.02800e+05    5.10413e+05   -3.12352e+04   -4.18118e+06    2.35393e+04
      Potential    Kinetic En.   Total Energy  Conserved En.    Temperature
   -3.51471e+06    6.39425e+05   -2.87529e+06   -2.50950e+06    2.99880e+02
 Pres. DC (bar) Pressure (bar)   Constr. rmsd
   -2.03052e+02    6.79516e+01    0.00000e+00

           Step           Time
        9350000    18700.00000

   Energies (kJ/mol)
           Bond          Angle    Proper Dih. Per. Imp. Dih.          LJ-14
    7.26825e+03    1.90969e+04    2.40675e+04    1.19405e+03    8.94374e+03
     Coulomb-14        LJ (SR)  Disper. corr.   Coulomb (SR)   Coul. recip.
    1.03291e+05    5.07930e+05   -3.12893e+04   -4.18044e+06    2.34678e+04
      Potential    Kinetic En.   Total Energy  Conserved En.    Temperature
   -3.51648e+06    6.41319e+05   -2.87516e+06   -2.50756e+06    3.00768e+02
 Pres. DC (bar) Pressure (bar)   Constr. rmsd
   -2.03755e+02    3.56748e+01    0.00000e+00

           Step           Time
        9400000    18800.00000

   Energies (kJ/mol)
           Bond          Angle    Proper Dih. Per. Imp. Dih.          LJ-14
    7.24812e+03    1.91999e+04    2.41892e+04    1.12345e+03    8.91939e+03
     Coulomb-14        LJ (SR)  Disper. corr.   Coulomb (SR)   Coul. recip.
    1.03111e+05    5.05523e+05   -3.11927e+04   -4.17692e+06    2.36916e+04
      Potential    Kinetic En.   Total Energy  Conserved En.    Temperature
   -3.51511e+06    6.39429e+05   -2.87568e+06   -2.50519e+06    2.99882e+02
 Pres. DC (bar) Pressure (bar)   Constr. rmsd
   -2.02502e+02   -4.40251e+01    0.00000e+00

           Step           Time
        9450000    18900.00000

   Energies (kJ/mol)
           Bond          Angle    Proper Dih. Per. Imp. Dih.          LJ-14
    7.50318e+03    1.96621e+04    2.42431e+04    1.21012e+03    8.83808e+03
     Coulomb-14        LJ (SR)  Disper. corr.   Coulomb (SR)   Coul. recip.
    1.02323e+05    5.07973e+05   -3.11905e+04   -4.17639e+06    2.38337e+04
      Potential    Kinetic En.   Total Energy  Conserved En.    Temperature
   -3.51200e+06    6.41874e+05   -2.87012e+06   -2.50387e+06    3.01028e+02
 Pres. DC (bar) Pressure (bar)   Constr. rmsd
   -2.02473e+02    2.32142e+01    0.00000e+00

           Step           Time
        9500000    19000.00000

   Energies (kJ/mol)
           Bond          Angle    Proper Dih. Per. Imp. Dih.          LJ-14
    7.39029e+03    1.95310e+04    2.41143e+04    1.18484e+03    8.83445e+03
     Coulomb-14        LJ (SR)  Disper. corr.   Coulomb (SR)   Coul. recip.
    1.02745e+05    5.05759e+05   -3.11719e+04   -4.17379e+06    2.38132e+04
      Potential    Kinetic En.   Total Energy  Conserved En.    Temperature
   -3.51159e+06    6.40261e+05   -2.87133e+06   -2.50212e+06    3.00272e+02
 Pres. DC (bar) Pressure (bar)   Constr. rmsd
   -2.02232e+02   -3.06051e+01    0.00000e+00

           Step           Time
        9550000    19100.00000

   Energies (kJ/mol)
           Bond          Angle    Proper Dih. Per. Imp. Dih.          LJ-14
    7.61066e+03    1.94010e+04    2.41184e+04    1.19702e+03    8.82895e+03
     Coulomb-14        LJ (SR)  Disper. corr.   Coulomb (SR)   Coul. recip.
    1.02799e+05    5.06951e+05   -3.11899e+04   -4.17613e+06    2.37504e+04
      Potential    Kinetic En.   Total Energy  Conserved En.    Temperature
   -3.51266e+06    6.40119e+05   -2.87255e+06   -2.50042e+06    3.00206e+02
 Pres. DC (bar) Pressure (bar)   Constr. rmsd
   -2.02465e+02   -5.87085e+00    0.00000e+00

Writing checkpoint, step 9551400 at Tue Sep 29 08:12:39 2026


           Step           Time
        9600000    19200.00000

   Energies (kJ/mol)
           Bond          Angle    Proper Dih. Per. Imp. Dih.          LJ-14
    7.32899e+03    1.95088e+04    2.41976e+04    1.18005e+03    8.98969e+03
     Coulomb-14        LJ (SR)  Disper. corr.   Coulomb (SR)   Coul. recip.
    1.03496e+05    5.08033e+05   -3.13094e+04   -4.17851e+06    2.34263e+04
      Potential    Kinetic En.   Total Energy  Conserved En.    Temperature
   -3.51366e+06    6.40411e+05   -2.87324e+06   -2.49871e+06    3.00342e+02
 Pres. DC (bar) Pressure (bar)   Constr. rmsd
   -2.04018e+02    1.30539e+02    0.00000e+00

           Step           Time
        9650000    19300.00000

   Energies (kJ/mol)
           Bond          Angle    Proper Dih. Per. Imp. Dih.          LJ-14
    7.37784e+03    1.90248e+04    2.41265e+04    1.17525e+03    8.90986e+03
     Coulomb-14        LJ (SR)  Disper. corr.   Coulomb (SR)   Coul. recip.
    1.02863e+05    5.05188e+05   -3.11983e+04   -4.17578e+06    2.35457e+04
      Potential    Kinetic En.   Total Energy  Conserved En.    Temperature
   -3.51477e+06    6.39699e+05   -2.87507e+06   -2.49726e+06    3.00009e+02
 Pres. DC (bar) Pressure (bar)   Constr. rmsd
   -2.02574e+02   -6.68745e+01    0.00000e+00

           Step           Time
        9700000    19400.00000

   Energies (kJ/mol)
           Bond          Angle    Proper Dih. Per. Imp. Dih.          LJ-14
    7.20625e+03    1.90969e+04    2.41779e+04    1.12775e+03    8.93143e+03
     Coulomb-14        LJ (SR)  Disper. corr.   Coulomb (SR)   Coul. recip.
    1.03056e+05    5.09985e+05   -3.12169e+04   -4.18191e+06    2.35362e+04
      Potential    Kinetic En.   Total Energy  Conserved En.    Temperature
   -3.51601e+06    6.39893e+05   -2.87611e+06   -2.49541e+06    3.00100e+02
 Pres. DC (bar) Pressure (bar)   Constr. rmsd
   -2.02815e+02    3.29356e+01    0.00000e+00

           Step           Time
        9750000    19500.00000

   Energies (kJ/mol)
           Bond          Angle    Proper Dih. Per. Imp. Dih.          LJ-14
    7.14727e+03    1.94164e+04    2.42057e+04    1.26259e+03    8.69907e+03
     Coulomb-14        LJ (SR)  Disper. corr.   Coulomb (SR)   Coul. recip.
    1.02820e+05    5.05066e+05   -3.11524e+04   -4.17302e+06    2.37496e+04
      Potential    Kinetic En.   Total Energy  Conserved En.    Temperature
   -3.51181e+06    6.38203e+05   -2.87361e+06   -2.49311e+06    2.99307e+02
 Pres. DC (bar) Pressure (bar)   Constr. rmsd
   -2.01979e+02   -6.54719e+01    0.00000e+00

           Step           Time
        9800000    19600.00000

   Energies (kJ/mol)
           Bond          Angle    Proper Dih. Per. Imp. Dih.          LJ-14
    7.54242e+03    1.96042e+04    2.40644e+04    1.11340e+03    8.88208e+03
     Coulomb-14        LJ (SR)  Disper. corr.   Coulomb (SR)   Coul. recip.
    1.02993e+05    5.03887e+05   -3.11746e+04   -4.17313e+06    2.34676e+04
      Potential    Kinetic En.   Total Energy  Conserved En.    Temperature
   -3.51275e+06    6.40561e+05   -2.87219e+06   -2.49161e+06    3.00413e+02
 Pres. DC (bar) Pressure (bar)   Constr. rmsd
   -2.02266e+02   -1.05580e+02    0.00000e+00

           Step           Time
        9850000    19700.00000

   Energies (kJ/mol)
           Bond          Angle    Proper Dih. Per. Imp. Dih.          LJ-14
    7.28228e+03    1.94169e+04    2.39552e+04    1.10449e+03    8.83780e+03
     Coulomb-14        LJ (SR)  Disper. corr.   Coulomb (SR)   Coul. recip.
    1.02660e+05    5.04561e+05   -3.12589e+04   -4.17677e+06    2.37212e+04
      Potential    Kinetic En.   Total Energy  Conserved En.    Temperature
   -3.51649e+06    6.36898e+05   -2.87960e+06   -2.48961e+06    2.98695e+02
 Pres. DC (bar) Pressure (bar)   Constr. rmsd
   -2.03361e+02   -6.35647e+00    0.00000e+00

Writing checkpoint, step 9893400 at Tue Sep 29 08:27:39 2026


           Step           Time
        9900000    19800.00000

   Energies (kJ/mol)
           Bond          Angle    Proper Dih. Per. Imp. Dih.          LJ-14
    7.26943e+03    1.93776e+04    2.40758e+04    1.23784e+03    8.99305e+03
     Coulomb-14        LJ (SR)  Disper. corr.   Coulomb (SR)   Coul. recip.
    1.03000e+05    5.13012e+05   -3.13391e+04   -4.18503e+06    2.32212e+04
      Potential    Kinetic En.   Total Energy  Conserved En.    Temperature
   -3.51618e+06    6.38695e+05   -2.87749e+06   -2.48733e+06    2.99538e+02
 Pres. DC (bar) Pressure (bar)   Constr. rmsd
   -2.04404e+02    2.10069e+02    0.00000e+00

           Step           Time
        9950000    19900.00000

   Energies (kJ/mol)
           Bond          Angle    Proper Dih. Per. Imp. Dih.          LJ-14
    7.41653e+03    1.94058e+04    2.41979e+04    1.20837e+03    8.80639e+03
     Coulomb-14        LJ (SR)  Disper. corr.   Coulomb (SR)   Coul. recip.
    1.02957e+05    5.09430e+05   -3.13252e+04   -4.17828e+06    2.33568e+04
      Potential    Kinetic En.   Total Energy  Conserved En.    Temperature
   -3.51283e+06    6.40926e+05   -2.87190e+06   -2.48493e+06    3.00584e+02
 Pres. DC (bar) Pressure (bar)   Constr. rmsd
   -2.04223e+02    1.11314e+02    0.00000e+00

           Step           Time
       10000000    20000.00000

   Energies (kJ/mol)
           Bond          Angle    Proper Dih. Per. Imp. Dih.          LJ-14
    7.30746e+03    1.93612e+04    2.41345e+04    1.19716e+03    8.79270e+03
     Coulomb-14        LJ (SR)  Disper. corr.   Coulomb (SR)   Coul. recip.
    1.02913e+05    5.07475e+05   -3.11690e+04   -4.17800e+06    2.36096e+04
      Potential    Kinetic En.   Total Energy  Conserved En.    Temperature
   -3.51438e+06    6.40437e+05   -2.87394e+06   -2.48284e+06    3.00355e+02
 Pres. DC (bar) Pressure (bar)   Constr. rmsd
   -2.02194e+02   -1.21729e+01    0.00000e+00

           Step           Time
       10050000    20100.00000

   Energies (kJ/mol)
           Bond          Angle    Proper Dih. Per. Imp. Dih.          LJ-14
    7.39462e+03    1.93863e+04    2.43607e+04    1.17421e+03    8.92595e+03
     Coulomb-14        LJ (SR)  Disper. corr.   Coulomb (SR)   Coul. recip.
    1.02714e+05    5.05016e+05   -3.12330e+04   -4.17402e+06    2.37407e+04
      Potential    Kinetic En.   Total Energy  Conserved En.    Temperature
   -3.51254e+06    6.40671e+05   -2.87187e+06   -2.48079e+06    3.00465e+02
 Pres. DC (bar) Pressure (bar)   Constr. rmsd
   -2.03025e+02    4.16717e+00    0.00000e+00

           Step           Time
       10100000    20200.00000

   Energies (kJ/mol)
           Bond          Angle    Proper Dih. Per. Imp. Dih.          LJ-14
    7.23242e+03    1.92758e+04    2.42534e+04    1.20037e+03    8.89434e+03
     Coulomb-14        LJ (SR)  Disper. corr.   Coulomb (SR)   Coul. recip.
    1.03507e+05    5.06887e+05   -3.11096e+04   -4.17840e+06    2.36562e+04
      Potential    Kinetic En.   Total Energy  Conserved En.    Temperature
   -3.51461e+06    6.41162e+05   -2.87344e+06   -2.47904e+06    3.00695e+02
 Pres. DC (bar) Pressure (bar)   Constr. rmsd
   -2.01425e+02   -2.41510e+01    0.00000e+00

           Step           Time
       10150000    20300.00000

   Energies (kJ/mol)
           Bond          Angle    Proper Dih. Per. Imp. Dih.          LJ-14
    7.28909e+03    1.91923e+04    2.42601e+04    1.08930e+03    8.96433e+03
     Coulomb-14        LJ (SR)  Disper. corr.   Coulomb (SR)   Coul. recip.
    1.03563e+05    5.05069e+05   -3.12154e+04   -4.17618e+06    2.36082e+04
      Potential    Kinetic En.   Total Energy  Conserved En.    Temperature
   -3.51436e+06    6.38339e+05   -2.87603e+06   -2.47740e+06    2.99371e+02
 Pres. DC (bar) Pressure (bar)   Constr. rmsd
   -2.02795e+02   -1.75832e+01    0.00000e+00

           Step           Time
       10200000    20400.00000

   Energies (kJ/mol)
           Bond          Angle    Proper Dih. Per. Imp. Dih.          LJ-14
    7.42401e+03    1.94014e+04    2.43403e+04    1.20685e+03    8.88562e+03
     Coulomb-14        LJ (SR)  Disper. corr.   Coulomb (SR)   Coul. recip.
    1.03337e+05    5.06453e+05   -3.11974e+04   -4.17640e+06    2.34604e+04
      Potential    Kinetic En.   Total Energy  Conserved En.    Temperature
   -3.51308e+06    6.38592e+05   -2.87449e+06   -2.47575e+06    2.99489e+02
 Pres. DC (bar) Pressure (bar)   Constr. rmsd
   -2.02562e+02   -1.76054e+01    0.00000e+00

Writing checkpoint, step 10235700 at Tue Sep 29 08:42:39 2026


           Step           Time
       10250000    20500.00000

   Energies (kJ/mol)
           Bond          Angle    Proper Dih. Per. Imp. Dih.          LJ-14
    7.41897e+03    1.90777e+04    2.42797e+04    1.18825e+03    8.96331e+03
     Coulomb-14        LJ (SR)  Disper. corr.   Coulomb (SR)   Coul. recip.
    1.03377e+05    5.07045e+05   -3.11519e+04   -4.17610e+06    2.36643e+04
      Potential    Kinetic En.   Total Energy  Conserved En.    Temperature
   -3.51223e+06    6.40540e+05   -2.87169e+06   -2.47381e+06    3.00403e+02
 Pres. DC (bar) Pressure (bar)   Constr. rmsd
   -2.01973e+02    3.40862e+01    0.00000e+00

           Step           Time
       10300000    20600.00000

   Energies (kJ/mol)
           Bond          Angle    Proper Dih. Per. Imp. Dih.          LJ-14
    7.16264e+03    1.94395e+04    2.43453e+04    1.12476e+03    8.76592e+03
     Coulomb-14        LJ (SR)  Disper. corr.   Coulomb (SR)   Coul. recip.
    1.02852e+05    5.06492e+05   -3.11863e+04   -4.17638e+06    2.36289e+04
      Potential    Kinetic En.   Total Energy  Conserved En.    Temperature
   -3.51375e+06    6.38032e+05   -2.87572e+06   -2.47173e+06    2.99227e+02
 Pres. DC (bar) Pressure (bar)   Constr. rmsd
   -2.02418e+02   -1.57889e+01    0.00000e+00

           Step           Time
       10350000    20700.00000

   Energies (kJ/mol)
           Bond          Angle    Proper Dih. Per. Imp. Dih.          LJ-14
    7.16046e+03    1.91316e+04    2.41967e+04    1.25433e+03    8.89363e+03
     Coulomb-14        LJ (SR)  Disper. corr.   Coulomb (SR)   Coul. recip.
    1.03071e+05    5.08917e+05   -3.13053e+04   -4.18084e+06    2.34750e+04
      Potential    Kinetic En.   Total Energy  Conserved En.    Temperature
   -3.51605e+06    6.37961e+05   -2.87809e+06   -2.47001e+06    2.99194e+02
 Pres. DC (bar) Pressure (bar)   Constr. rmsd
   -2.03964e+02    6.56515e+01    0.00000e+00

           Step           Time
       10400000    20800.00000

   Energies (kJ/mol)
           Bond          Angle    Proper Dih. Per. Imp. Dih.          LJ-14
    7.27565e+03    1.92206e+04    2.42782e+04    1.22780e+03    8.94469e+03
     Coulomb-14        LJ (SR)  Disper. corr.   Coulomb (SR)   Coul. recip.
    1.03218e+05    5.10144e+05   -3.12631e+04   -4.18212e+06    2.37838e+04
      Potential    Kinetic En.   Total Energy  Conserved En.    Temperature
   -3.51529e+06    6.38562e+05   -2.87673e+06   -2.46850e+06    2.99475e+02
 Pres. DC (bar) Pressure (bar)   Constr. rmsd
   -2.03415e+02    9.82624e+01    0.00000e+00

           Step           Time
       10450000    20900.00000

   Energies (kJ/mol)
           Bond          Angle    Proper Dih. Per. Imp. Dih.          LJ-14
    7.58012e+03    1.92916e+04    2.40855e+04    1.17571e+03    8.84310e+03
     Coulomb-14        LJ (SR)  Disper. corr.   Coulomb (SR)   Coul. recip.
    1.02980e+05    5.09294e+05   -3.12699e+04   -4.18015e+06    2.38284e+04
      Potential    Kinetic En.   Total Energy  Conserved En.    Temperature
   -3.51434e+06    6.39263e+05   -2.87508e+06   -2.46673e+06    2.99804e+02
 Pres. DC (bar) Pressure (bar)   Constr. rmsd
   -2.03503e+02    8.40254e+01    0.00000e+00

           Step           Time
       10500000    21000.00000

   Energies (kJ/mol)
           Bond          Angle    Proper Dih. Per. Imp. Dih.          LJ-14
    7.19738e+03    1.92970e+04    2.41962e+04    1.13567e+03    8.70278e+03
     Coulomb-14        LJ (SR)  Disper. corr.   Coulomb (SR)   Coul. recip.
    1.02448e+05    5.07416e+05   -3.12932e+04   -4.17995e+06    2.32763e+04
      Potential    Kinetic En.   Total Energy  Conserved En.    Temperature
   -3.51758e+06    6.37787e+05   -2.87979e+06   -2.46492e+06    2.99112e+02
 Pres. DC (bar) Pressure (bar)   Constr. rmsd
   -2.03807e+02    2.57395e+01    0.00000e+00

           Step           Time
       10550000    21100.00000

   Energies (kJ/mol)
           Bond          Angle    Proper Dih. Per. Imp. Dih.          LJ-14
    7.48289e+03    1.93619e+04    2.41743e+04    1.16952e+03    8.78946e+03
     Coulomb-14        LJ (SR)  Disper. corr.   Coulomb (SR)   Coul. recip.
    1.02585e+05    5.07799e+05   -3.12496e+04   -4.17761e+06    2.37442e+04
      Potential    Kinetic En.   Total Energy  Conserved En.    Temperature
   -3.51375e+06    6.39274e+05   -2.87448e+06   -2.46311e+06    2.99809e+02
 Pres. DC (bar) Pressure (bar)   Constr. rmsd
   -2.03240e+02    1.80078e+01    0.00000e+00

Writing checkpoint, step 10577900 at Tue Sep 29 08:57:39 2026


           Step           Time
       10600000    21200.00000

   Energies (kJ/mol)
           Bond          Angle    Proper Dih. Per. Imp. Dih.          LJ-14
    7.30711e+03    1.93839e+04    2.42317e+04    1.15620e+03    8.90828e+03
     Coulomb-14        LJ (SR)  Disper. corr.   Coulomb (SR)   Coul. recip.
    1.03102e+05    5.04501e+05   -3.11318e+04   -4.17349e+06    2.36283e+04
      Potential    Kinetic En.   Total Energy  Conserved En.    Temperature
   -3.51240e+06    6.36344e+05   -2.87606e+06   -2.46086e+06    2.98435e+02
 Pres. DC (bar) Pressure (bar)   Constr. rmsd
   -2.01712e+02   -5.59860e+01    0.00000e+00

           Step           Time
       10650000    21300.00000

   Energies (kJ/mol)
           Bond          Angle    Proper Dih. Per. Imp. Dih.          LJ-14
    7.22141e+03    1.93564e+04    2.41670e+04    1.12356e+03    8.95518e+03
     Coulomb-14        LJ (SR)  Disper. corr.   Coulomb (SR)   Coul. recip.
    1.03174e+05    5.03946e+05   -3.12783e+04   -4.17634e+06    2.34318e+04
      Potential    Kinetic En.   Total Energy  Conserved En.    Temperature
   -3.51624e+06    6.39214e+05   -2.87702e+06   -2.45905e+06    2.99781e+02
 Pres. DC (bar) Pressure (bar)   Constr. rmsd
   -2.03612e+02   -6.58255e+00    0.00000e+00

           Step           Time
       10700000    21400.00000

   Energies (kJ/mol)
           Bond          Angle    Proper Dih. Per. Imp. Dih.          LJ-14
    7.34912e+03    1.94582e+04    2.41920e+04    1.17423e+03    8.92788e+03
     Coulomb-14        LJ (SR)  Disper. corr.   Coulomb (SR)   Coul. recip.
    1.03103e+05    5.10462e+05   -3.13597e+04   -4.18144e+06    2.33198e+04
      Potential    Kinetic En.   Total Energy  Conserved En.    Temperature
   -3.51482e+06    6.39899e+05   -2.87492e+06   -2.45645e+06    3.00102e+02
 Pres. DC (bar) Pressure (bar)   Constr. rmsd
   -2.04672e+02    1.98392e+02    0.00000e+00

           Step           Time
       10750000    21500.00000

   Energies (kJ/mol)
           Bond          Angle    Proper Dih. Per. Imp. Dih.          LJ-14
    7.36054e+03    1.97076e+04    2.40926e+04    1.22843e+03    8.85760e+03
     Coulomb-14        LJ (SR)  Disper. corr.   Coulomb (SR)   Coul. recip.
    1.02803e+05    5.05655e+05   -3.12024e+04   -4.17153e+06    2.38312e+04
      Potential    Kinetic En.   Total Energy  Conserved En.    Temperature
   -3.50920e+06    6.40855e+05   -2.86834e+06   -2.45514e+06    3.00551e+02
 Pres. DC (bar) Pressure (bar)   Constr. rmsd
   -2.02628e+02    1.00280e+01    0.00000e+00

           Step           Time
       10800000    21600.00000

   Energies (kJ/mol)
           Bond          Angle    Proper Dih. Per. Imp. Dih.          LJ-14
    7.37093e+03    1.93165e+04    2.40163e+04    1.13198e+03    8.78866e+03
     Coulomb-14        LJ (SR)  Disper. corr.   Coulomb (SR)   Coul. recip.
    1.02321e+05    5.09801e+05   -3.12672e+04   -4.18183e+06    2.34148e+04
      Potential    Kinetic En.   Total Energy  Conserved En.    Temperature
   -3.51694e+06    6.38471e+05   -2.87847e+06   -2.45333e+06    2.99433e+02
 Pres. DC (bar) Pressure (bar)   Constr. rmsd
   -2.03468e+02    2.74495e+01    0.00000e+00

           Step           Time
       10850000    21700.00000

   Energies (kJ/mol)
           Bond          Angle    Proper Dih. Per. Imp. Dih.          LJ-14
    7.27005e+03    1.90666e+04    2.44006e+04    1.21994e+03    8.80988e+03
     Coulomb-14        LJ (SR)  Disper. corr.   Coulomb (SR)   Coul. recip.
    1.03102e+05    5.07060e+05   -3.12928e+04   -4.17943e+06    2.35479e+04
      Potential    Kinetic En.   Total Energy  Conserved En.    Temperature
   -3.51625e+06    6.38362e+05   -2.87788e+06   -2.45143e+06    2.99381e+02
 Pres. DC (bar) Pressure (bar)   Constr. rmsd
   -2.03801e+02    2.69408e+01    0.00000e+00

           Step           Time
       10900000    21800.00000

   Energies (kJ/mol)
           Bond          Angle    Proper Dih. Per. Imp. Dih.          LJ-14
    7.37585e+03    1.91890e+04    2.40109e+04    1.14294e+03    8.90109e+03
     Coulomb-14        LJ (SR)  Disper. corr.   Coulomb (SR)   Coul. recip.
    1.03052e+05    5.10939e+05   -3.11924e+04   -4.18258e+06    2.35411e+04
      Potential    Kinetic En.   Total Energy  Conserved En.    Temperature
   -3.51563e+06    6.39481e+05   -2.87614e+06   -2.44956e+06    2.99906e+02
 Pres. DC (bar) Pressure (bar)   Constr. rmsd
   -2.02497e+02    6.91711e+01    0.00000e+00

Writing checkpoint, step 10920200 at Tue Sep 29 09:12:39 2026


           Step           Time
       10950000    21900.00000

   Energies (kJ/mol)
           Bond          Angle    Proper Dih. Per. Imp. Dih.          LJ-14
    7.53195e+03    1.94804e+04    2.41763e+04    1.19115e+03    8.83856e+03
     Coulomb-14        LJ (SR)  Disper. corr.   Coulomb (SR)   Coul. recip.
    1.02442e+05    5.06661e+05   -3.11400e+04   -4.17619e+06    2.37506e+04
      Potential    Kinetic En.   Total Energy  Conserved En.    Temperature
   -3.51326e+06    6.41697e+05   -2.87156e+06   -2.44789e+06    3.00946e+02
 Pres. DC (bar) Pressure (bar)   Constr. rmsd
   -2.01818e+02   -8.30840e+01    0.00000e+00

           Step           Time
       11000000    22000.00000

   Energies (kJ/mol)
           Bond          Angle    Proper Dih. Per. Imp. Dih.          LJ-14
    7.31386e+03    1.94474e+04    2.41125e+04    1.18583e+03    8.75285e+03
     Coulomb-14        LJ (SR)  Disper. corr.   Coulomb (SR)   Coul. recip.
    1.02449e+05    5.11451e+05   -3.12081e+04   -4.18077e+06    2.36611e+04
      Potential    Kinetic En.   Total Energy  Conserved En.    Temperature
   -3.51361e+06    6.42012e+05   -2.87160e+06   -2.44646e+06    3.01093e+02
 Pres. DC (bar) Pressure (bar)   Constr. rmsd
   -2.02701e+02    7.96772e+01    0.00000e+00

           Step           Time
       11050000    22100.00000

   Energies (kJ/mol)
           Bond          Angle    Proper Dih. Per. Imp. Dih.          LJ-14
    7.45709e+03    1.91037e+04    2.41373e+04    1.26893e+03    8.89256e+03
     Coulomb-14        LJ (SR)  Disper. corr.   Coulomb (SR)   Coul. recip.
    1.03019e+05    5.08510e+05   -3.12830e+04   -4.17759e+06    2.34512e+04
      Potential    Kinetic En.   Total Energy  Conserved En.    Temperature
   -3.51303e+06    6.40463e+05   -2.87257e+06   -2.44431e+06    3.00367e+02
 Pres. DC (bar) Pressure (bar)   Constr. rmsd
   -2.03673e+02    7.81876e+01    0.00000e+00

           Step           Time
       11100000    22200.00000

   Energies (kJ/mol)
           Bond          Angle    Proper Dih. Per. Imp. Dih.          LJ-14
    7.43529e+03    1.94102e+04    2.40641e+04    1.13478e+03    8.98754e+03
     Coulomb-14        LJ (SR)  Disper. corr.   Coulomb (SR)   Coul. recip.
    1.02990e+05    5.06175e+05   -3.11598e+04   -4.17062e+06    2.35493e+04
      Potential    Kinetic En.   Total Energy  Conserved En.    Temperature
   -3.50803e+06    6.38614e+05   -2.86942e+06   -2.44245e+06    2.99500e+02
 Pres. DC (bar) Pressure (bar)   Constr. rmsd
   -2.02074e+02    8.52674e+00    0.00000e+00

           Step           Time
       11150000    22300.00000

   Energies (kJ/mol)
           Bond          Angle    Proper Dih. Per. Imp. Dih.          LJ-14
    7.12702e+03    1.93026e+04    2.40735e+04    1.17901e+03    9.01305e+03
     Coulomb-14        LJ (SR)  Disper. corr.   Coulomb (SR)   Coul. recip.
    1.03321e+05    5.08550e+05   -3.12186e+04   -4.17989e+06    2.34434e+04
      Potential    Kinetic En.   Total Energy  Conserved En.    Temperature
   -3.51510e+06    6.39434e+05   -2.87567e+06   -2.44021e+06    2.99884e+02
 Pres. DC (bar) Pressure (bar)   Constr. rmsd
   -2.02838e+02    4.86707e+01    0.00000e+00

           Step           Time
       11200000    22400.00000

   Energies (kJ/mol)
           Bond          Angle    Proper Dih. Per. Imp. Dih.          LJ-14
    7.47111e+03    1.93770e+04    2.42308e+04    1.16725e+03    9.03587e+03
     Coulomb-14        LJ (SR)  Disper. corr.   Coulomb (SR)   Coul. recip.
    1.02900e+05    5.09938e+05   -3.13160e+04   -4.18457e+06    2.36806e+04
      Potential    Kinetic En.   Total Energy  Conserved En.    Temperature
   -3.51809e+06    6.39439e+05   -2.87865e+06   -2.43837e+06    2.99886e+02
 Pres. DC (bar) Pressure (bar)   Constr. rmsd
   -2.04103e+02    1.07024e+02    0.00000e+00

           Step           Time
       11250000    22500.00000

   Energies (kJ/mol)
           Bond          Angle    Proper Dih. Per. Imp. Dih.          LJ-14
    7.34351e+03    1.90460e+04    2.42248e+04    1.19591e+03    8.88621e+03
     Coulomb-14        LJ (SR)  Disper. corr.   Coulomb (SR)   Coul. recip.
    1.03353e+05    5.07085e+05   -3.11669e+04   -4.17736e+06    2.36220e+04
      Potential    Kinetic En.   Total Energy  Conserved En.    Temperature
   -3.51377e+06    6.41177e+05   -2.87260e+06   -2.43702e+06    3.00702e+02
 Pres. DC (bar) Pressure (bar)   Constr. rmsd
   -2.02167e+02   -3.19900e+01    0.00000e+00

Writing checkpoint, step 11262300 at Tue Sep 29 09:27:39 2026


           Step           Time
       11300000    22600.00000

   Energies (kJ/mol)
           Bond          Angle    Proper Dih. Per. Imp. Dih.          LJ-14
    7.23222e+03    1.95242e+04    2.39558e+04    1.12554e+03    8.94231e+03
     Coulomb-14        LJ (SR)  Disper. corr.   Coulomb (SR)   Coul. recip.
    1.02980e+05    5.06914e+05   -3.11506e+04   -4.17582e+06    2.38966e+04
      Potential    Kinetic En.   Total Energy  Conserved En.    Temperature
   -3.51240e+06    6.37639e+05   -2.87476e+06   -2.43519e+06    2.99042e+02
 Pres. DC (bar) Pressure (bar)   Constr. rmsd
   -2.01956e+02   -5.51406e+00    0.00000e+00

           Step           Time
       11350000    22700.00000

   Energies (kJ/mol)
           Bond          Angle    Proper Dih. Per. Imp. Dih.          LJ-14
    7.28489e+03    1.93592e+04    2.41589e+04    1.17505e+03    8.86032e+03
     Coulomb-14        LJ (SR)  Disper. corr.   Coulomb (SR)   Coul. recip.
    1.03243e+05    5.05716e+05   -3.11080e+04   -4.17461e+06    2.35207e+04
      Potential    Kinetic En.   Total Energy  Conserved En.    Temperature
   -3.51240e+06    6.38910e+05   -2.87349e+06   -2.43335e+06    2.99639e+02
 Pres. DC (bar) Pressure (bar)   Constr. rmsd
   -2.01405e+02   -5.18258e+01    0.00000e+00

           Step           Time
       11400000    22800.00000

   Energies (kJ/mol)
           Bond          Angle    Proper Dih. Per. Imp. Dih.          LJ-14
    7.62989e+03    1.93151e+04    2.40368e+04    1.12384e+03    8.80193e+03
     Coulomb-14        LJ (SR)  Disper. corr.   Coulomb (SR)   Coul. recip.
    1.03298e+05    5.08071e+05   -3.11909e+04   -4.17647e+06    2.35686e+04
      Potential    Kinetic En.   Total Energy  Conserved En.    Temperature
   -3.51181e+06    6.39940e+05   -2.87187e+06   -2.43140e+06    3.00122e+02
 Pres. DC (bar) Pressure (bar)   Constr. rmsd
   -2.02478e+02    3.86676e+01    0.00000e+00

           Step           Time
       11450000    22900.00000

   Energies (kJ/mol)
           Bond          Angle    Proper Dih. Per. Imp. Dih.          LJ-14
    7.02019e+03    1.92014e+04    2.40824e+04    1.19520e+03    8.93607e+03
     Coulomb-14        LJ (SR)  Disper. corr.   Coulomb (SR)   Coul. recip.
    1.03377e+05    5.06726e+05   -3.12300e+04   -4.17828e+06    2.32837e+04
      Potential    Kinetic En.   Total Energy  Conserved En.    Temperature
   -3.51569e+06    6.39918e+05   -2.87577e+06   -2.42942e+06    3.00111e+02
 Pres. DC (bar) Pressure (bar)   Constr. rmsd
   -2.02985e+02    6.47860e+00    0.00000e+00

           Step           Time
       11500000    23000.00000

   Energies (kJ/mol)
           Bond          Angle    Proper Dih. Per. Imp. Dih.          LJ-14
    7.27887e+03    1.91079e+04    2.42438e+04    1.26469e+03    9.02163e+03
     Coulomb-14        LJ (SR)  Disper. corr.   Coulomb (SR)   Coul. recip.
    1.03336e+05    5.12420e+05   -3.12907e+04   -4.18382e+06    2.34082e+04
      Potential    Kinetic En.   Total Energy  Conserved En.    Temperature
   -3.51503e+06    6.39540e+05   -2.87549e+06   -2.42707e+06    2.99934e+02
 Pres. DC (bar) Pressure (bar)   Constr. rmsd
   -2.03775e+02    1.56769e+02    0.00000e+00

           Step           Time
       11550000    23100.00000

   Energies (kJ/mol)
           Bond          Angle    Proper Dih. Per. Imp. Dih.          LJ-14
    7.12232e+03    1.90961e+04    2.42581e+04    1.20604e+03    8.88010e+03
     Coulomb-14        LJ (SR)  Disper. corr.   Coulomb (SR)   Coul. recip.
    1.03041e+05    5.08607e+05   -3.12543e+04   -4.18130e+06    2.33395e+04
      Potential    Kinetic En.   Total Energy  Conserved En.    Temperature
   -3.51700e+06    6.38362e+05   -2.87864e+06   -2.42516e+06    2.99381e+02
 Pres. DC (bar) Pressure (bar)   Constr. rmsd
   -2.03300e+02    4.57283e+01    0.00000e+00

           Step           Time
       11600000    23200.00000

   Energies (kJ/mol)
           Bond          Angle    Proper Dih. Per. Imp. Dih.          LJ-14
    7.36351e+03    1.95909e+04    2.43228e+04    1.13584e+03    8.82930e+03
     Coulomb-14        LJ (SR)  Disper. corr.   Coulomb (SR)   Coul. recip.
    1.02408e+05    5.07081e+05   -3.12092e+04   -4.17392e+06    2.34359e+04
      Potential    Kinetic En.   Total Energy  Conserved En.    Temperature
   -3.51096e+06    6.39974e+05   -2.87098e+06   -2.42313e+06    3.00138e+02
 Pres. DC (bar) Pressure (bar)   Constr. rmsd
   -2.02715e+02    1.74950e+01    0.00000e+00

Writing checkpoint, step 11604200 at Tue Sep 29 09:42:39 2026


           Step           Time
       11650000    23300.00000

   Energies (kJ/mol)
           Bond          Angle    Proper Dih. Per. Imp. Dih.          LJ-14
    7.25042e+03    1.94913e+04    2.41342e+04    1.24719e+03    8.96456e+03
     Coulomb-14        LJ (SR)  Disper. corr.   Coulomb (SR)   Coul. recip.
    1.03138e+05    5.05519e+05   -3.11432e+04   -4.17539e+06    2.37834e+04
      Potential    Kinetic En.   Total Energy  Conserved En.    Temperature
   -3.51300e+06    6.39736e+05   -2.87327e+06   -2.42045e+06    3.00026e+02
 Pres. DC (bar) Pressure (bar)   Constr. rmsd
   -2.01859e+02   -1.52102e+01    0.00000e+00

           Step           Time
       11700000    23400.00000

   Energies (kJ/mol)
           Bond          Angle    Proper Dih. Per. Imp. Dih.          LJ-14
    7.20827e+03    1.94858e+04    2.41560e+04    1.19273e+03    8.90523e+03
     Coulomb-14        LJ (SR)  Disper. corr.   Coulomb (SR)   Coul. recip.
    1.03117e+05    5.10669e+05   -3.13023e+04   -4.18656e+06    2.36147e+04
      Potential    Kinetic En.   Total Energy  Conserved En.    Temperature
   -3.51952e+06    6.40663e+05   -2.87885e+06   -2.41835e+06    3.00461e+02
 Pres. DC (bar) Pressure (bar)   Constr. rmsd
   -2.03925e+02    6.53435e+01    0.00000e+00

           Step           Time
       11750000    23500.00000

   Energies (kJ/mol)
           Bond          Angle    Proper Dih. Per. Imp. Dih.          LJ-14
    7.26959e+03    1.95880e+04    2.41801e+04    1.14335e+03    8.85141e+03
     Coulomb-14        LJ (SR)  Disper. corr.   Coulomb (SR)   Coul. recip.
    1.02951e+05    5.08161e+05   -3.12101e+04   -4.18050e+06    2.34114e+04
      Potential    Kinetic En.   Total Energy  Conserved En.    Temperature
   -3.51616e+06    6.39576e+05   -2.87658e+06   -2.41679e+06    2.99951e+02
 Pres. DC (bar) Pressure (bar)   Constr. rmsd
   -2.02727e+02   -4.88879e-01    0.00000e+00

           Step           Time
       11800000    23600.00000

   Energies (kJ/mol)
           Bond          Angle    Proper Dih. Per. Imp. Dih.          LJ-14
    7.16498e+03    1.90785e+04    2.42098e+04    1.18736e+03    8.94202e+03
     Coulomb-14        LJ (SR)  Disper. corr.   Coulomb (SR)   Coul. recip.
    1.03123e+05    5.05444e+05   -3.11448e+04   -4.17349e+06    2.36856e+04
      Potential    Kinetic En.   Total Energy  Conserved En.    Temperature
   -3.51180e+06    6.39791e+05   -2.87201e+06   -2.41452e+06    3.00052e+02
 Pres. DC (bar) Pressure (bar)   Constr. rmsd
   -2.01881e+02   -3.10411e+01    0.00000e+00

           Step           Time
       11850000    23700.00000

   Energies (kJ/mol)
           Bond          Angle    Proper Dih. Per. Imp. Dih.          LJ-14
    7.23587e+03    1.90414e+04    2.43854e+04    1.21109e+03    8.89543e+03
     Coulomb-14        LJ (SR)  Disper. corr.   Coulomb (SR)   Coul. recip.
    1.02994e+05    5.08768e+05   -3.13188e+04   -4.18092e+06    2.34331e+04
      Potential    Kinetic En.   Total Energy  Conserved En.    Temperature
   -3.51628e+06    6.41067e+05   -2.87521e+06   -2.41279e+06    3.00650e+02
 Pres. DC (bar) Pressure (bar)   Constr. rmsd
   -2.04140e+02    6.72212e+01    0.00000e+00

           Step           Time
       11900000    23800.00000

   Energies (kJ/mol)
           Bond          Angle    Proper Dih. Per. Imp. Dih.          LJ-14
    7.39008e+03    1.93593e+04    2.44101e+04    1.19134e+03    8.94320e+03
     Coulomb-14        LJ (SR)  Disper. corr.   Coulomb (SR)   Coul. recip.
    1.03446e+05    5.08008e+05   -3.12620e+04   -4.17922e+06    2.37788e+04
      Potential    Kinetic En.   Total Energy  Conserved En.    Temperature
   -3.51396e+06    6.41518e+05   -2.87244e+06   -2.41088e+06    3.00862e+02
 Pres. DC (bar) Pressure (bar)   Constr. rmsd
   -2.03400e+02    8.76029e+01    0.00000e+00

Writing checkpoint, step 11922000 at Tue Sep 29 09:57:39 2026


           Step           Time
       11950000    23900.00000

   Energies (kJ/mol)
           Bond          Angle    Proper Dih. Per. Imp. Dih.          LJ-14
    7.41795e+03    1.93759e+04    2.40445e+04    1.21358e+03    8.85521e+03
     Coulomb-14        LJ (SR)  Disper. corr.   Coulomb (SR)   Coul. recip.
    1.03549e+05    5.05102e+05   -3.12845e+04   -4.17630e+06    2.33243e+04
      Potential    Kinetic En.   Total Energy  Conserved En.    Temperature
   -3.51470e+06    6.40078e+05   -2.87462e+06   -2.40924e+06    3.00186e+02
 Pres. DC (bar) Pressure (bar)   Constr. rmsd
   -2.03693e+02   -1.05261e+01    0.00000e+00

           Step           Time
       12000000    24000.00000

   Energies (kJ/mol)
           Bond          Angle    Proper Dih. Per. Imp. Dih.          LJ-14
    7.07016e+03    1.95776e+04    2.41977e+04    1.22663e+03    8.90704e+03
     Coulomb-14        LJ (SR)  Disper. corr.   Coulomb (SR)   Coul. recip.
    1.02859e+05    5.06361e+05   -3.12437e+04   -4.17643e+06    2.38580e+04
      Potential    Kinetic En.   Total Energy  Conserved En.    Temperature
   -3.51362e+06    6.39167e+05   -2.87445e+06   -2.40752e+06    2.99759e+02
 Pres. DC (bar) Pressure (bar)   Constr. rmsd
   -2.03164e+02    5.29354e+01    0.00000e+00

           Step           Time
       12050000    24100.00000

   Energies (kJ/mol)
           Bond          Angle    Proper Dih. Per. Imp. Dih.          LJ-14
    7.38658e+03    1.93198e+04    2.42042e+04    1.12807e+03    8.79700e+03
     Coulomb-14        LJ (SR)  Disper. corr.   Coulomb (SR)   Coul. recip.
    1.03003e+05    5.06986e+05   -3.12615e+04   -4.17943e+06    2.36856e+04
      Potential    Kinetic En.   Total Energy  Conserved En.    Temperature
   -3.51618e+06    6.42446e+05   -2.87373e+06   -2.40596e+06    3.01297e+02
 Pres. DC (bar) Pressure (bar)   Constr. rmsd
   -2.03395e+02    2.44739e+01    0.00000e+00

           Step           Time
       12100000    24200.00000

   Energies (kJ/mol)
           Bond          Angle    Proper Dih. Per. Imp. Dih.          LJ-14
    7.23060e+03    1.89187e+04    2.40574e+04    1.15510e+03    9.04144e+03
     Coulomb-14        LJ (SR)  Disper. corr.   Coulomb (SR)   Coul. recip.
    1.03325e+05    5.12124e+05   -3.13306e+04   -4.18838e+06    2.34553e+04
      Potential    Kinetic En.   Total Energy  Conserved En.    Temperature
   -3.52041e+06    6.39168e+05   -2.88124e+06   -2.40387e+06    2.99760e+02
 Pres. DC (bar) Pressure (bar)   Constr. rmsd
   -2.04294e+02    1.45398e+02    0.00000e+00

           Step           Time
       12150000    24300.00000

   Energies (kJ/mol)
           Bond          Angle    Proper Dih. Per. Imp. Dih.          LJ-14
    7.06183e+03    1.95274e+04    2.41396e+04    1.20863e+03    8.98138e+03
     Coulomb-14        LJ (SR)  Disper. corr.   Coulomb (SR)   Coul. recip.
    1.03128e+05    5.06087e+05   -3.12072e+04   -4.17643e+06    2.36170e+04
      Potential    Kinetic En.   Total Energy  Conserved En.    Temperature
   -3.51388e+06    6.41470e+05   -2.87241e+06   -2.40220e+06    3.00839e+02
 Pres. DC (bar) Pressure (bar)   Constr. rmsd
   -2.02689e+02    1.22828e+01    0.00000e+00

           Step           Time
       12200000    24400.00000

   Energies (kJ/mol)
           Bond          Angle    Proper Dih. Per. Imp. Dih.          LJ-14
    7.21191e+03    1.94427e+04    2.40892e+04    1.20308e+03    8.82259e+03
     Coulomb-14        LJ (SR)  Disper. corr.   Coulomb (SR)   Coul. recip.
    1.02791e+05    5.02114e+05   -3.11547e+04   -4.17157e+06    2.36392e+04
      Potential    Kinetic En.   Total Energy  Conserved En.    Temperature
   -3.51341e+06    6.41689e+05   -2.87172e+06   -2.40071e+06    3.00942e+02
 Pres. DC (bar) Pressure (bar)   Constr. rmsd
   -2.02009e+02   -1.32053e+02    0.00000e+00

           Step           Time
       12250000    24500.00000

   Energies (kJ/mol)
           Bond          Angle    Proper Dih. Per. Imp. Dih.          LJ-14
    7.54164e+03    1.93983e+04    2.43201e+04    1.19931e+03    8.95694e+03
     Coulomb-14        LJ (SR)  Disper. corr.   Coulomb (SR)   Coul. recip.
    1.03533e+05    5.06841e+05   -3.11841e+04   -4.17623e+06    2.35334e+04
      Potential    Kinetic En.   Total Energy  Conserved En.    Temperature
   -3.51210e+06    6.39714e+05   -2.87238e+06   -2.39860e+06    3.00015e+02
 Pres. DC (bar) Pressure (bar)   Constr. rmsd
   -2.02389e+02   -8.86418e+00    0.00000e+00

Writing checkpoint, step 12268300 at Tue Sep 29 10:12:39 2026


           Step           Time
       12300000    24600.00000

   Energies (kJ/mol)
           Bond          Angle    Proper Dih. Per. Imp. Dih.          LJ-14
    7.42330e+03    1.91608e+04    2.41762e+04    1.23242e+03    8.92444e+03
     Coulomb-14        LJ (SR)  Disper. corr.   Coulomb (SR)   Coul. recip.
    1.03410e+05    5.06091e+05   -3.11299e+04   -4.17677e+06    2.37450e+04
      Potential    Kinetic En.   Total Energy  Conserved En.    Temperature
   -3.51373e+06    6.38627e+05   -2.87511e+06   -2.39715e+06    2.99506e+02
 Pres. DC (bar) Pressure (bar)   Constr. rmsd
   -2.01688e+02   -6.58186e+01    0.00000e+00

           Step           Time
       12350000    24700.00000

   Energies (kJ/mol)
           Bond          Angle    Proper Dih. Per. Imp. Dih.          LJ-14
    7.45954e+03    1.90490e+04    2.42574e+04    1.20070e+03    8.90042e+03
     Coulomb-14        LJ (SR)  Disper. corr.   Coulomb (SR)   Coul. recip.
    1.03011e+05    5.10939e+05   -3.12739e+04   -4.18397e+06    2.35051e+04
      Potential    Kinetic En.   Total Energy  Conserved En.    Temperature
   -3.51692e+06    6.38949e+05   -2.87798e+06   -2.39515e+06    2.99657e+02
 Pres. DC (bar) Pressure (bar)   Constr. rmsd
   -2.03556e+02    7.60796e+01    0.00000e+00

           Step           Time
       12400000    24800.00000

   Energies (kJ/mol)
           Bond          Angle    Proper Dih. Per. Imp. Dih.          LJ-14
    7.12824e+03    1.93735e+04    2.44165e+04    1.25289e+03    8.88928e+03
     Coulomb-14        LJ (SR)  Disper. corr.   Coulomb (SR)   Coul. recip.
    1.03382e+05    5.08529e+05   -3.11812e+04   -4.17853e+06    2.36564e+04
      Potential    Kinetic En.   Total Energy  Conserved En.    Temperature
   -3.51308e+06    6.39241e+05   -2.87384e+06   -2.39350e+06    2.99794e+02
 Pres. DC (bar) Pressure (bar)   Constr. rmsd
   -2.02351e+02    4.56032e+01    0.00000e+00

           Step           Time
       12450000    24900.00000

   Energies (kJ/mol)
           Bond          Angle    Proper Dih. Per. Imp. Dih.          LJ-14
    7.29033e+03    1.92236e+04    2.43808e+04    1.23236e+03    8.93304e+03
     Coulomb-14        LJ (SR)  Disper. corr.   Coulomb (SR)   Coul. recip.
    1.03311e+05    5.08732e+05   -3.11462e+04   -4.17736e+06    2.37298e+04
      Potential    Kinetic En.   Total Energy  Conserved En.    Temperature
   -3.51167e+06    6.39888e+05   -2.87179e+06   -2.39096e+06    3.00097e+02
 Pres. DC (bar) Pressure (bar)   Constr. rmsd
   -2.01899e+02    4.28183e+01    0.00000e+00

           Step           Time
       12500000    25000.00000

   Energies (kJ/mol)
           Bond          Angle    Proper Dih. Per. Imp. Dih.          LJ-14
    7.32823e+03    1.96484e+04    2.40391e+04    1.14197e+03    9.03183e+03
     Coulomb-14        LJ (SR)  Disper. corr.   Coulomb (SR)   Coul. recip.
    1.03281e+05    5.03854e+05   -3.11882e+04   -4.17201e+06    2.38258e+04
      Potential    Kinetic En.   Total Energy  Conserved En.    Temperature
   -3.51105e+06    6.39828e+05   -2.87122e+06   -2.38935e+06    3.00069e+02
 Pres. DC (bar) Pressure (bar)   Constr. rmsd
   -2.02443e+02   -3.13650e+01    0.00000e+00

           Step           Time
       12550000    25100.00000

   Energies (kJ/mol)
           Bond          Angle    Proper Dih. Per. Imp. Dih.          LJ-14
    7.49572e+03    1.93357e+04    2.40953e+04    1.14292e+03    8.85437e+03
     Coulomb-14        LJ (SR)  Disper. corr.   Coulomb (SR)   Coul. recip.
    1.03455e+05    5.06551e+05   -3.11528e+04   -4.17663e+06    2.36283e+04
      Potential    Kinetic En.   Total Energy  Conserved En.    Temperature
   -3.51322e+06    6.39397e+05   -2.87383e+06   -2.38736e+06    2.99867e+02
 Pres. DC (bar) Pressure (bar)   Constr. rmsd
   -2.01984e+02   -4.69512e+01    0.00000e+00

           Step           Time
       12600000    25200.00000

   Energies (kJ/mol)
           Bond          Angle    Proper Dih. Per. Imp. Dih.          LJ-14
    7.34440e+03    1.91137e+04    2.41503e+04    1.21180e+03    8.89927e+03
     Coulomb-14        LJ (SR)  Disper. corr.   Coulomb (SR)   Coul. recip.
    1.03020e+05    5.04981e+05   -3.12624e+04   -4.17565e+06    2.35073e+04
      Potential    Kinetic En.   Total Energy  Conserved En.    Temperature
   -3.51468e+06    6.39885e+05   -2.87480e+06   -2.38561e+06    3.00096e+02
 Pres. DC (bar) Pressure (bar)   Constr. rmsd
   -2.03406e+02    1.73089e+01    0.00000e+00

Writing checkpoint, step 12614900 at Tue Sep 29 10:27:39 2026


           Step           Time
       12650000    25300.00000

   Energies (kJ/mol)
           Bond          Angle    Proper Dih. Per. Imp. Dih.          LJ-14
    7.47509e+03    1.93901e+04    2.42962e+04    1.18006e+03    8.89183e+03
     Coulomb-14        LJ (SR)  Disper. corr.   Coulomb (SR)   Coul. recip.
    1.02843e+05    5.06685e+05   -3.12255e+04   -4.17548e+06    2.37279e+04
      Potential    Kinetic En.   Total Energy  Conserved En.    Temperature
   -3.51222e+06    6.38984e+05   -2.87323e+06   -2.38348e+06    2.99673e+02
 Pres. DC (bar) Pressure (bar)   Constr. rmsd
   -2.02927e+02    1.25448e+01    0.00000e+00

           Step           Time
       12700000    25400.00000

   Energies (kJ/mol)
           Bond          Angle    Proper Dih. Per. Imp. Dih.          LJ-14
    7.18480e+03    1.95986e+04    2.42733e+04    1.17247e+03    8.79032e+03
     Coulomb-14        LJ (SR)  Disper. corr.   Coulomb (SR)   Coul. recip.
    1.02884e+05    5.07030e+05   -3.12214e+04   -4.17697e+06    2.34012e+04
      Potential    Kinetic En.   Total Energy  Conserved En.    Temperature
   -3.51385e+06    6.39108e+05   -2.87474e+06   -2.38150e+06    2.99731e+02
 Pres. DC (bar) Pressure (bar)   Constr. rmsd
   -2.02873e+02    9.09490e-01    0.00000e+00

           Step           Time
       12750000    25500.00000

   Energies (kJ/mol)
           Bond          Angle    Proper Dih. Per. Imp. Dih.          LJ-14
    7.31559e+03    1.92067e+04    2.42996e+04    1.16620e+03    8.91708e+03
     Coulomb-14        LJ (SR)  Disper. corr.   Coulomb (SR)   Coul. recip.
    1.02724e+05    5.06733e+05   -3.12594e+04   -4.17536e+06    2.35598e+04
      Potential    Kinetic En.   Total Energy  Conserved En.    Temperature
   -3.51270e+06    6.38712e+05   -2.87399e+06   -2.37907e+06    2.99546e+02
 Pres. DC (bar) Pressure (bar)   Constr. rmsd
   -2.03366e+02    2.78693e+01    0.00000e+00

           Step           Time
       12800000    25600.00000

   Energies (kJ/mol)
           Bond          Angle    Proper Dih. Per. Imp. Dih.          LJ-14
    7.21476e+03    1.92550e+04    2.41407e+04    1.18845e+03    8.88327e+03
     Coulomb-14        LJ (SR)  Disper. corr.   Coulomb (SR)   Coul. recip.
    1.03012e+05    5.05325e+05   -3.11416e+04   -4.17677e+06    2.35646e+04
      Potential    Kinetic En.   Total Energy  Conserved En.    Temperature
   -3.51533e+06    6.37200e+05   -2.87813e+06   -2.37698e+06    2.98837e+02
 Pres. DC (bar) Pressure (bar)   Constr. rmsd
   -2.01839e+02   -8.42858e+01    0.00000e+00

           Step           Time
       12850000    25700.00000

   Energies (kJ/mol)
           Bond          Angle    Proper Dih. Per. Imp. Dih.          LJ-14
    7.10164e+03    1.98107e+04    2.42502e+04    1.13168e+03    8.85765e+03
     Coulomb-14        LJ (SR)  Disper. corr.   Coulomb (SR)   Coul. recip.
    1.03204e+05    5.11195e+05   -3.12415e+04   -4.18153e+06    2.38231e+04
      Potential    Kinetic En.   Total Energy  Conserved En.    Temperature
   -3.51339e+06    6.38061e+05   -2.87533e+06   -2.37493e+06    2.99240e+02
 Pres. DC (bar) Pressure (bar)   Constr. rmsd
   -2.03134e+02    1.13986e+02    0.00000e+00

           Step           Time
       12900000    25800.00000

   Energies (kJ/mol)
           Bond          Angle    Proper Dih. Per. Imp. Dih.          LJ-14
    7.45443e+03    1.91483e+04    2.41048e+04    1.22696e+03    8.86614e+03
     Coulomb-14        LJ (SR)  Disper. corr.   Coulomb (SR)   Coul. recip.
    1.03149e+05    5.07553e+05   -3.11376e+04   -4.17635e+06    2.38701e+04
      Potential    Kinetic En.   Total Energy  Conserved En.    Temperature
   -3.51211e+06    6.39987e+05   -2.87213e+06   -2.37325e+06    3.00143e+02
 Pres. DC (bar) Pressure (bar)   Constr. rmsd
   -2.01787e+02   -3.26197e+01    0.00000e+00

           Step           Time
       12950000    25900.00000

   Energies (kJ/mol)
           Bond          Angle    Proper Dih. Per. Imp. Dih.          LJ-14
    7.34516e+03    1.92288e+04    2.41622e+04    1.21715e+03    8.93792e+03
     Coulomb-14        LJ (SR)  Disper. corr.   Coulomb (SR)   Coul. recip.
    1.03138e+05    5.09047e+05   -3.12614e+04   -4.18084e+06    2.38005e+04
      Potential    Kinetic En.   Total Energy  Conserved En.    Temperature
   -3.51522e+06    6.43387e+05   -2.87183e+06   -2.37167e+06    3.01738e+02
 Pres. DC (bar) Pressure (bar)   Constr. rmsd
   -2.03392e+02    8.01595e+01    0.00000e+00

Writing checkpoint, step 12961700 at Tue Sep 29 10:42:39 2026


           Step           Time
       13000000    26000.00000

   Energies (kJ/mol)
           Bond          Angle    Proper Dih. Per. Imp. Dih.          LJ-14
    7.48351e+03    1.93910e+04    2.41288e+04    1.18339e+03    8.84590e+03
     Coulomb-14        LJ (SR)  Disper. corr.   Coulomb (SR)   Coul. recip.
    1.03163e+05    5.10774e+05   -3.12832e+04   -4.18360e+06    2.34693e+04
      Potential    Kinetic En.   Total Energy  Conserved En.    Temperature
   -3.51644e+06    6.39421e+05   -2.87702e+06   -2.36965e+06    2.99878e+02
 Pres. DC (bar) Pressure (bar)   Constr. rmsd
   -2.03676e+02    3.72539e+01    0.00000e+00

           Step           Time
       13050000    26100.00000

   Energies (kJ/mol)
           Bond          Angle    Proper Dih. Per. Imp. Dih.          LJ-14
    6.83327e+03    1.96034e+04    2.41555e+04    1.21230e+03    8.87789e+03
     Coulomb-14        LJ (SR)  Disper. corr.   Coulomb (SR)   Coul. recip.
    1.03166e+05    5.06800e+05   -3.12850e+04   -4.17955e+06    2.36711e+04
      Potential    Kinetic En.   Total Energy  Conserved En.    Temperature
   -3.51651e+06    6.40006e+05   -2.87651e+06   -2.36790e+06    3.00153e+02
 Pres. DC (bar) Pressure (bar)   Constr. rmsd
   -2.03700e+02    4.96438e+01    0.00000e+00

           Step           Time
       13100000    26200.00000

   Energies (kJ/mol)
           Bond          Angle    Proper Dih. Per. Imp. Dih.          LJ-14
    7.25534e+03    1.97300e+04    2.40631e+04    1.16077e+03    8.86821e+03
     Coulomb-14        LJ (SR)  Disper. corr.   Coulomb (SR)   Coul. recip.
    1.03066e+05    5.08313e+05   -3.12043e+04   -4.17873e+06    2.36149e+04
      Potential    Kinetic En.   Total Energy  Conserved En.    Temperature
   -3.51386e+06    6.38696e+05   -2.87516e+06   -2.36601e+06    2.99538e+02
 Pres. DC (bar) Pressure (bar)   Constr. rmsd
   -2.02651e+02    3.01369e+01    0.00000e+00

           Step           Time
       13150000    26300.00000

   Energies (kJ/mol)
           Bond          Angle    Proper Dih. Per. Imp. Dih.          LJ-14
    7.43026e+03    1.92988e+04    2.42303e+04    1.20294e+03    8.95354e+03
     Coulomb-14        LJ (SR)  Disper. corr.   Coulomb (SR)   Coul. recip.
    1.03293e+05    5.04138e+05   -3.11832e+04   -4.17372e+06    2.36331e+04
      Potential    Kinetic En.   Total Energy  Conserved En.    Temperature
   -3.51273e+06    6.39763e+05   -2.87297e+06   -2.36428e+06    3.00039e+02
 Pres. DC (bar) Pressure (bar)   Constr. rmsd
   -2.02378e+02   -6.57451e+01    0.00000e+00

           Step           Time
       13200000    26400.00000

   Energies (kJ/mol)
           Bond          Angle    Proper Dih. Per. Imp. Dih.          LJ-14
    7.03500e+03    1.93272e+04    2.40317e+04    1.17253e+03    8.86779e+03
     Coulomb-14        LJ (SR)  Disper. corr.   Coulomb (SR)   Coul. recip.
    1.03167e+05    5.05726e+05   -3.12177e+04   -4.17578e+06    2.34300e+04
      Potential    Kinetic En.   Total Energy  Conserved En.    Temperature
   -3.51424e+06    6.38309e+05   -2.87593e+06   -2.36219e+06    2.99357e+02
 Pres. DC (bar) Pressure (bar)   Constr. rmsd
   -2.02825e+02    9.97812e+00    0.00000e+00

           Step           Time
       13250000    26500.00000

   Energies (kJ/mol)
           Bond          Angle    Proper Dih. Per. Imp. Dih.          LJ-14
    7.54591e+03    1.93299e+04    2.42969e+04    1.26670e+03    8.84298e+03
     Coulomb-14        LJ (SR)  Disper. corr.   Coulomb (SR)   Coul. recip.
    1.03052e+05    5.07821e+05   -3.12354e+04   -4.17978e+06    2.35484e+04
      Potential    Kinetic En.   Total Energy  Conserved En.    Temperature
   -3.51531e+06    6.40619e+05   -2.87469e+06   -2.36054e+06    3.00440e+02
 Pres. DC (bar) Pressure (bar)   Constr. rmsd
   -2.03056e+02    1.82120e+01    0.00000e+00

           Step           Time
       13300000    26600.00000

   Energies (kJ/mol)
           Bond          Angle    Proper Dih. Per. Imp. Dih.          LJ-14
    7.21936e+03    1.94857e+04    2.41671e+04    1.24773e+03    8.70392e+03
     Coulomb-14        LJ (SR)  Disper. corr.   Coulomb (SR)   Coul. recip.
    1.03033e+05    5.09614e+05   -3.12122e+04   -4.18294e+06    2.36052e+04
      Potential    Kinetic En.   Total Energy  Conserved En.    Temperature
   -3.51708e+06    6.39370e+05   -2.87771e+06   -2.35876e+06    2.99854e+02
 Pres. DC (bar) Pressure (bar)   Constr. rmsd
   -2.02755e+02    1.22364e+01    0.00000e+00

Writing checkpoint, step 13308400 at Tue Sep 29 10:57:39 2026


           Step           Time
       13350000    26700.00000

   Energies (kJ/mol)
           Bond          Angle    Proper Dih. Per. Imp. Dih.          LJ-14
    7.32349e+03    1.90852e+04    2.41926e+04    1.19589e+03    8.84160e+03
     Coulomb-14        LJ (SR)  Disper. corr.   Coulomb (SR)   Coul. recip.
    1.03253e+05    5.05753e+05   -3.12702e+04   -4.17958e+06    2.35112e+04
      Potential    Kinetic En.   Total Energy  Conserved En.    Temperature
   -3.51770e+06    6.38200e+05   -2.87950e+06   -2.35710e+06    2.99306e+02
 Pres. DC (bar) Pressure (bar)   Constr. rmsd
   -2.03507e+02   -4.74461e+00    0.00000e+00

           Step           Time
       13400000    26800.00000

   Energies (kJ/mol)
           Bond          Angle    Proper Dih. Per. Imp. Dih.          LJ-14
    7.62569e+03    1.96148e+04    2.43865e+04    1.13394e+03    8.81761e+03
     Coulomb-14        LJ (SR)  Disper. corr.   Coulomb (SR)   Coul. recip.
    1.03452e+05    5.06444e+05   -3.12222e+04   -4.17468e+06    2.38938e+04
      Potential    Kinetic En.   Total Energy  Conserved En.    Temperature
   -3.51053e+06    6.40521e+05   -2.87001e+06   -2.35557e+06    3.00394e+02
 Pres. DC (bar) Pressure (bar)   Constr. rmsd
   -2.02883e+02    2.80281e+01    0.00000e+00

           Step           Time
       13450000    26900.00000

   Energies (kJ/mol)
           Bond          Angle    Proper Dih. Per. Imp. Dih.          LJ-14
    7.25101e+03    1.91400e+04    2.42301e+04    1.17484e+03    8.87733e+03
     Coulomb-14        LJ (SR)  Disper. corr.   Coulomb (SR)   Coul. recip.
    1.03112e+05    5.08429e+05   -3.12358e+04   -4.18060e+06    2.38368e+04
      Potential    Kinetic En.   Total Energy  Conserved En.    Temperature
   -3.51579e+06    6.39601e+05   -2.87619e+06   -2.35377e+06    2.99962e+02
 Pres. DC (bar) Pressure (bar)   Constr. rmsd
   -2.03060e+02    2.23851e+01    0.00000e+00

           Step           Time
       13500000    27000.00000

   Energies (kJ/mol)
           Bond          Angle    Proper Dih. Per. Imp. Dih.          LJ-14
    7.31268e+03    1.92793e+04    2.41317e+04    1.19920e+03    8.83155e+03
     Coulomb-14        LJ (SR)  Disper. corr.   Coulomb (SR)   Coul. recip.
    1.03275e+05    5.07033e+05   -3.11091e+04   -4.17604e+06    2.35547e+04
      Potential    Kinetic En.   Total Energy  Conserved En.    Temperature
   -3.51253e+06    6.40583e+05   -2.87195e+06   -2.35124e+06    3.00423e+02
 Pres. DC (bar) Pressure (bar)   Constr. rmsd
   -2.01418e+02   -5.41466e+01    0.00000e+00

           Step           Time
       13550000    27100.00000

   Energies (kJ/mol)
           Bond          Angle    Proper Dih. Per. Imp. Dih.          LJ-14
    7.46669e+03    1.93245e+04    2.41832e+04    1.14956e+03    8.79207e+03
     Coulomb-14        LJ (SR)  Disper. corr.   Coulomb (SR)   Coul. recip.
    1.02742e+05    5.02303e+05   -3.12990e+04   -4.17056e+06    2.35503e+04
      Potential    Kinetic En.   Total Energy  Conserved En.    Temperature
   -3.51235e+06    6.41548e+05   -2.87080e+06   -2.34984e+06    3.00876e+02
 Pres. DC (bar) Pressure (bar)   Constr. rmsd
   -2.03882e+02   -5.47775e+01    0.00000e+00

           Step           Time
       13600000    27200.00000

   Energies (kJ/mol)
           Bond          Angle    Proper Dih. Per. Imp. Dih.          LJ-14
    7.08115e+03    1.90967e+04    2.42008e+04    1.16842e+03    8.84503e+03
     Coulomb-14        LJ (SR)  Disper. corr.   Coulomb (SR)   Coul. recip.
    1.03352e+05    5.08933e+05   -3.13250e+04   -4.18328e+06    2.36298e+04
      Potential    Kinetic En.   Total Energy  Conserved En.    Temperature
   -3.51830e+06    6.39012e+05   -2.87928e+06   -2.34768e+06    2.99687e+02
 Pres. DC (bar) Pressure (bar)   Constr. rmsd
   -2.04220e+02    7.63420e+01    0.00000e+00

           Step           Time
       13650000    27300.00000

   Energies (kJ/mol)
           Bond          Angle    Proper Dih. Per. Imp. Dih.          LJ-14
    7.02320e+03    1.93064e+04    2.43795e+04    1.18882e+03    8.90488e+03
     Coulomb-14        LJ (SR)  Disper. corr.   Coulomb (SR)   Coul. recip.
    1.03402e+05    5.06877e+05   -3.12847e+04   -4.17928e+06    2.35106e+04
      Potential    Kinetic En.   Total Energy  Conserved En.    Temperature
   -3.51597e+06    6.41418e+05   -2.87455e+06   -2.34556e+06    3.00815e+02
 Pres. DC (bar) Pressure (bar)   Constr. rmsd
   -2.03696e+02    2.88100e+01    0.00000e+00

Writing checkpoint, step 13654900 at Tue Sep 29 11:12:39 2026


           Step           Time
       13700000    27400.00000

   Energies (kJ/mol)
           Bond          Angle    Proper Dih. Per. Imp. Dih.          LJ-14
    7.38049e+03    1.93011e+04    2.41690e+04    1.15710e+03    8.89892e+03
     Coulomb-14        LJ (SR)  Disper. corr.   Coulomb (SR)   Coul. recip.
    1.03013e+05    5.04767e+05   -3.11891e+04   -4.17356e+06    2.35095e+04
      Potential    Kinetic En.   Total Energy  Conserved En.    Temperature
   -3.51256e+06    6.42565e+05   -2.86999e+06   -2.34387e+06    3.01353e+02
 Pres. DC (bar) Pressure (bar)   Constr. rmsd
   -2.02455e+02   -3.71458e+01    0.00000e+00

           Step           Time
       13750000    27500.00000

   Energies (kJ/mol)
           Bond          Angle    Proper Dih. Per. Imp. Dih.          LJ-14
    7.43100e+03    1.93940e+04    2.42195e+04    1.22596e+03    8.85816e+03
     Coulomb-14        LJ (SR)  Disper. corr.   Coulomb (SR)   Coul. recip.
    1.02829e+05    5.06088e+05   -3.12019e+04   -4.17847e+06    2.36107e+04
      Potential    Kinetic En.   Total Energy  Conserved En.    Temperature
   -3.51601e+06    6.40478e+05   -2.87554e+06   -2.34238e+06    3.00374e+02
 Pres. DC (bar) Pressure (bar)   Constr. rmsd
   -2.02620e+02   -3.08442e+01    0.00000e+00

           Step           Time
       13800000    27600.00000

   Energies (kJ/mol)
           Bond          Angle    Proper Dih. Per. Imp. Dih.          LJ-14
    7.17711e+03    1.93751e+04    2.41360e+04    1.13162e+03    8.78896e+03
     Coulomb-14        LJ (SR)  Disper. corr.   Coulomb (SR)   Coul. recip.
    1.02899e+05    5.06986e+05   -3.11305e+04   -4.17606e+06    2.35955e+04
      Potential    Kinetic En.   Total Energy  Conserved En.    Temperature
   -3.51310e+06    6.37633e+05   -2.87546e+06   -2.34091e+06    2.99040e+02
 Pres. DC (bar) Pressure (bar)   Constr. rmsd
   -2.01695e+02   -6.15703e+01    0.00000e+00

           Step           Time
       13850000    27700.00000

   Energies (kJ/mol)
           Bond          Angle    Proper Dih. Per. Imp. Dih.          LJ-14
    7.27487e+03    1.92429e+04    2.41459e+04    1.12750e+03    9.01289e+03
     Coulomb-14        LJ (SR)  Disper. corr.   Coulomb (SR)   Coul. recip.
    1.02791e+05    5.05308e+05   -3.12659e+04   -4.17419e+06    2.37623e+04
      Potential    Kinetic En.   Total Energy  Conserved En.    Temperature
   -3.51279e+06    6.38863e+05   -2.87393e+06   -2.33938e+06    2.99617e+02
 Pres. DC (bar) Pressure (bar)   Constr. rmsd
   -2.03451e+02    8.50876e+00    0.00000e+00

           Step           Time
       13900000    27800.00000

   Energies (kJ/mol)
           Bond          Angle    Proper Dih. Per. Imp. Dih.          LJ-14
    7.70386e+03    1.95236e+04    2.39698e+04    1.18301e+03    8.65296e+03
     Coulomb-14        LJ (SR)  Disper. corr.   Coulomb (SR)   Coul. recip.
    1.02750e+05    5.05090e+05   -3.12571e+04   -4.17663e+06    2.36189e+04
      Potential    Kinetic En.   Total Energy  Conserved En.    Temperature
   -3.51539e+06    6.39189e+05   -2.87620e+06   -2.33737e+06    2.99769e+02
 Pres. DC (bar) Pressure (bar)   Constr. rmsd
   -2.03337e+02   -7.61578e+01    0.00000e+00

           Step           Time
       13950000    27900.00000

   Energies (kJ/mol)
           Bond          Angle    Proper Dih. Per. Imp. Dih.          LJ-14
    7.32311e+03    1.91964e+04    2.40428e+04    1.20676e+03    8.75938e+03
     Coulomb-14        LJ (SR)  Disper. corr.   Coulomb (SR)   Coul. recip.
    1.03055e+05    5.08082e+05   -3.11219e+04   -4.17827e+06    2.35959e+04
      Potential    Kinetic En.   Total Energy  Conserved En.    Temperature
   -3.51414e+06    6.39407e+05   -2.87473e+06   -2.33554e+06    2.99872e+02
 Pres. DC (bar) Pressure (bar)   Constr. rmsd
   -2.01584e+02   -5.58784e+01    0.00000e+00

           Step           Time
       14000000    28000.00000

   Energies (kJ/mol)
           Bond          Angle    Proper Dih. Per. Imp. Dih.          LJ-14
    7.12956e+03    1.91946e+04    2.43388e+04    1.24992e+03    8.96878e+03
     Coulomb-14        LJ (SR)  Disper. corr.   Coulomb (SR)   Coul. recip.
    1.03502e+05    5.07140e+05   -3.11984e+04   -4.17607e+06    2.33942e+04
      Potential    Kinetic En.   Total Energy  Conserved En.    Temperature
   -3.51235e+06    6.38597e+05   -2.87376e+06   -2.33379e+06    2.99492e+02
 Pres. DC (bar) Pressure (bar)   Constr. rmsd
   -2.02575e+02    4.78767e+01    0.00000e+00

Writing checkpoint, step 14001300 at Tue Sep 29 11:27:39 2026


           Step           Time
       14050000    28100.00000

   Energies (kJ/mol)
           Bond          Angle    Proper Dih. Per. Imp. Dih.          LJ-14
    7.20853e+03    1.91896e+04    2.40498e+04    1.18324e+03    8.87774e+03
     Coulomb-14        LJ (SR)  Disper. corr.   Coulomb (SR)   Coul. recip.
    1.03272e+05    5.06119e+05   -3.12098e+04   -4.17831e+06    2.35479e+04
      Potential    Kinetic En.   Total Energy  Conserved En.    Temperature
   -3.51607e+06    6.39151e+05   -2.87692e+06   -2.33258e+06    2.99751e+02
 Pres. DC (bar) Pressure (bar)   Constr. rmsd
   -2.02723e+02   -1.26689e+01    0.00000e+00

           Step           Time
       14100000    28200.00000

   Energies (kJ/mol)
           Bond          Angle    Proper Dih. Per. Imp. Dih.          LJ-14
    7.39716e+03    1.93394e+04    2.41385e+04    1.13196e+03    8.73629e+03
     Coulomb-14        LJ (SR)  Disper. corr.   Coulomb (SR)   Coul. recip.
    1.03070e+05    5.03016e+05   -3.11624e+04   -4.17208e+06    2.36782e+04
      Potential    Kinetic En.   Total Energy  Conserved En.    Temperature
   -3.51273e+06    6.36816e+05   -2.87592e+06   -2.33081e+06    2.98657e+02
 Pres. DC (bar) Pressure (bar)   Constr. rmsd
   -2.02109e+02   -1.12805e+02    0.00000e+00

           Step           Time
       14150000    28300.00000

   Energies (kJ/mol)
           Bond          Angle    Proper Dih. Per. Imp. Dih.          LJ-14
    7.19022e+03    1.94122e+04    2.42040e+04    1.16326e+03    8.90740e+03
     Coulomb-14        LJ (SR)  Disper. corr.   Coulomb (SR)   Coul. recip.
    1.02777e+05    5.05152e+05   -3.11875e+04   -4.17461e+06    2.36049e+04
      Potential    Kinetic En.   Total Energy  Conserved En.    Temperature
   -3.51339e+06    6.38042e+05   -2.87534e+06   -2.32911e+06    2.99232e+02
 Pres. DC (bar) Pressure (bar)   Constr. rmsd
   -2.02434e+02   -4.17892e+01    0.00000e+00

           Step           Time
       14200000    28400.00000

   Energies (kJ/mol)
           Bond          Angle    Proper Dih. Per. Imp. Dih.          LJ-14
    7.42650e+03    1.94765e+04    2.40936e+04    1.14966e+03    8.94512e+03
     Coulomb-14        LJ (SR)  Disper. corr.   Coulomb (SR)   Coul. recip.
    1.03563e+05    5.09004e+05   -3.12127e+04   -4.18018e+06    2.38383e+04
      Potential    Kinetic En.   Total Energy  Conserved En.    Temperature
   -3.51390e+06    6.40076e+05   -2.87382e+06   -2.32766e+06    3.00185e+02
 Pres. DC (bar) Pressure (bar)   Constr. rmsd
   -2.02760e+02    5.20376e+01    0.00000e+00

           Step           Time
       14250000    28500.00000

   Energies (kJ/mol)
           Bond          Angle    Proper Dih. Per. Imp. Dih.          LJ-14
    7.29577e+03    1.91926e+04    2.40795e+04    1.16482e+03    8.79445e+03
     Coulomb-14        LJ (SR)  Disper. corr.   Coulomb (SR)   Coul. recip.
    1.02775e+05    5.10917e+05   -3.11816e+04   -4.18356e+06    2.32841e+04
      Potential    Kinetic En.   Total Energy  Conserved En.    Temperature
   -3.51724e+06    6.39198e+05   -2.87804e+06   -2.32587e+06    2.99774e+02
 Pres. DC (bar) Pressure (bar)   Constr. rmsd
   -2.02357e+02    6.16184e+01    0.00000e+00

           Step           Time
       14300000    28600.00000

   Energies (kJ/mol)
           Bond          Angle    Proper Dih. Per. Imp. Dih.          LJ-14
    7.25315e+03    1.95703e+04    2.41851e+04    1.22198e+03    8.73194e+03
     Coulomb-14        LJ (SR)  Disper. corr.   Coulomb (SR)   Coul. recip.
    1.03304e+05    5.06401e+05   -3.12487e+04   -4.17739e+06    2.35198e+04
      Potential    Kinetic En.   Total Energy  Conserved En.    Temperature
   -3.51445e+06    6.38245e+05   -2.87621e+06   -2.32357e+06    2.99327e+02
 Pres. DC (bar) Pressure (bar)   Constr. rmsd
   -2.03229e+02   -3.80456e+01    0.00000e+00

Writing checkpoint, step 14346600 at Tue Sep 29 11:42:39 2026


           Step           Time
       14350000    28700.00000

   Energies (kJ/mol)
           Bond          Angle    Proper Dih. Per. Imp. Dih.          LJ-14
    7.30591e+03    1.90501e+04    2.42830e+04    1.25629e+03    8.83477e+03
     Coulomb-14        LJ (SR)  Disper. corr.   Coulomb (SR)   Coul. recip.
    1.03568e+05    5.08290e+05   -3.12245e+04   -4.17664e+06    2.36943e+04
      Potential    Kinetic En.   Total Energy  Conserved En.    Temperature
   -3.51158e+06    6.40536e+05   -2.87105e+06   -2.32207e+06    3.00401e+02
 Pres. DC (bar) Pressure (bar)   Constr. rmsd
   -2.02914e+02    3.21408e+01    0.00000e+00

           Step           Time
       14400000    28800.00000

   Energies (kJ/mol)
           Bond          Angle    Proper Dih. Per. Imp. Dih.          LJ-14
    7.28176e+03    1.97137e+04    2.43426e+04    1.23556e+03    8.83239e+03
     Coulomb-14        LJ (SR)  Disper. corr.   Coulomb (SR)   Coul. recip.
    1.03150e+05    5.08978e+05   -3.12819e+04   -4.18127e+06    2.34300e+04
      Potential    Kinetic En.   Total Energy  Conserved En.    Temperature
   -3.51559e+06    6.40129e+05   -2.87546e+06   -2.32063e+06    3.00210e+02
 Pres. DC (bar) Pressure (bar)   Constr. rmsd
   -2.03660e+02    5.21015e+01    0.00000e+00

           Step           Time
       14450000    28900.00000

   Energies (kJ/mol)
           Bond          Angle    Proper Dih. Per. Imp. Dih.          LJ-14
    7.40533e+03    1.95470e+04    2.43601e+04    1.12474e+03    8.95388e+03
     Coulomb-14        LJ (SR)  Disper. corr.   Coulomb (SR)   Coul. recip.
    1.02999e+05    5.06751e+05   -3.12676e+04   -4.17754e+06    2.37490e+04
      Potential    Kinetic En.   Total Energy  Conserved En.    Temperature
   -3.51391e+06    6.42124e+05   -2.87179e+06   -2.31879e+06    3.01146e+02
 Pres. DC (bar) Pressure (bar)   Constr. rmsd
   -2.03474e+02    6.18502e+01    0.00000e+00

           Step           Time
       14500000    29000.00000

   Energies (kJ/mol)
           Bond          Angle    Proper Dih. Per. Imp. Dih.          LJ-14
    7.51948e+03    1.93252e+04    2.39618e+04    1.18828e+03    8.92299e+03
     Coulomb-14        LJ (SR)  Disper. corr.   Coulomb (SR)   Coul. recip.
    1.03089e+05    5.06625e+05   -3.11441e+04   -4.17661e+06    2.36456e+04
      Potential    Kinetic En.   Total Energy  Conserved En.    Temperature
   -3.51347e+06    6.40105e+05   -2.87337e+06   -2.31728e+06    3.00199e+02
 Pres. DC (bar) Pressure (bar)   Constr. rmsd
   -2.01872e+02   -3.11765e+01    0.00000e+00

           Step           Time
       14550000    29100.00000

   Energies (kJ/mol)
           Bond          Angle    Proper Dih. Per. Imp. Dih.          LJ-14
    7.15365e+03    1.93050e+04    2.40405e+04    1.19013e+03    8.84354e+03
     Coulomb-14        LJ (SR)  Disper. corr.   Coulomb (SR)   Coul. recip.
    1.02999e+05    5.07382e+05   -3.12027e+04   -4.17573e+06    2.35923e+04
      Potential    Kinetic En.   Total Energy  Conserved En.    Temperature
   -3.51242e+06    6.38849e+05   -2.87357e+06   -2.31497e+06    2.99610e+02
 Pres. DC (bar) Pressure (bar)   Constr. rmsd
   -2.02630e+02    8.70886e+00    0.00000e+00

           Step           Time
       14600000    29200.00000

   Energies (kJ/mol)
           Bond          Angle    Proper Dih. Per. Imp. Dih.          LJ-14
    7.15973e+03    1.97489e+04    2.41865e+04    1.16754e+03    8.94158e+03
     Coulomb-14        LJ (SR)  Disper. corr.   Coulomb (SR)   Coul. recip.
    1.03049e+05    5.04611e+05   -3.11712e+04   -4.17262e+06    2.38042e+04
      Potential    Kinetic En.   Total Energy  Conserved En.    Temperature
   -3.51112e+06    6.40642e+05   -2.87048e+06   -2.31296e+06    3.00451e+02
 Pres. DC (bar) Pressure (bar)   Constr. rmsd
   -2.02223e+02   -5.03869e+01    0.00000e+00

           Step           Time
       14650000    29300.00000

   Energies (kJ/mol)
           Bond          Angle    Proper Dih. Per. Imp. Dih.          LJ-14
    7.30213e+03    1.94456e+04    2.40302e+04    1.18977e+03    8.72280e+03
     Coulomb-14        LJ (SR)  Disper. corr.   Coulomb (SR)   Coul. recip.
    1.03086e+05    5.07510e+05   -3.12132e+04   -4.17550e+06    2.37436e+04
      Potential    Kinetic En.   Total Energy  Conserved En.    Temperature
   -3.51168e+06    6.40483e+05   -2.87120e+06   -2.31078e+06    3.00376e+02
 Pres. DC (bar) Pressure (bar)   Constr. rmsd
   -2.02767e+02    4.17993e+00    0.00000e+00

Writing checkpoint, step 14692900 at Tue Sep 29 11:57:39 2026


           Step           Time
       14700000    29400.00000

   Energies (kJ/mol)
           Bond          Angle    Proper Dih. Per. Imp. Dih.          LJ-14
    7.37496e+03    1.92762e+04    2.42230e+04    1.21273e+03    8.74782e+03
     Coulomb-14        LJ (SR)  Disper. corr.   Coulomb (SR)   Coul. recip.
    1.03151e+05    5.08369e+05   -3.12248e+04   -4.17756e+06    2.36941e+04
      Potential    Kinetic En.   Total Energy  Conserved En.    Temperature
   -3.51274e+06    6.42477e+05   -2.87026e+06   -2.30876e+06    3.01311e+02
 Pres. DC (bar) Pressure (bar)   Constr. rmsd
   -2.02918e+02    2.77569e+01    0.00000e+00

           Step           Time
       14750000    29500.00000

   Energies (kJ/mol)
           Bond          Angle    Proper Dih. Per. Imp. Dih.          LJ-14
    7.52830e+03    1.95510e+04    2.41367e+04    1.17410e+03    8.86761e+03
     Coulomb-14        LJ (SR)  Disper. corr.   Coulomb (SR)   Coul. recip.
    1.02881e+05    5.06997e+05   -3.11617e+04   -4.17408e+06    2.36982e+04
      Potential    Kinetic En.   Total Energy  Conserved En.    Temperature
   -3.51041e+06    6.42572e+05   -2.86784e+06   -2.30710e+06    3.01356e+02
 Pres. DC (bar) Pressure (bar)   Constr. rmsd
   -2.02099e+02   -1.83343e+01    0.00000e+00

           Step           Time
       14800000    29600.00000

   Energies (kJ/mol)
           Bond          Angle    Proper Dih. Per. Imp. Dih.          LJ-14
    7.29332e+03    1.92885e+04    2.42426e+04    1.20000e+03    8.81457e+03
     Coulomb-14        LJ (SR)  Disper. corr.   Coulomb (SR)   Coul. recip.
    1.03177e+05    5.06604e+05   -3.11891e+04   -4.17695e+06    2.36183e+04
      Potential    Kinetic En.   Total Energy  Conserved En.    Temperature
   -3.51390e+06    6.39603e+05   -2.87430e+06   -2.30501e+06    2.99963e+02
 Pres. DC (bar) Pressure (bar)   Constr. rmsd
   -2.02455e+02   -1.48117e+01    0.00000e+00

           Step           Time
       14850000    29700.00000

   Energies (kJ/mol)
           Bond          Angle    Proper Dih. Per. Imp. Dih.          LJ-14
    7.13960e+03    1.95335e+04    2.42664e+04    1.15149e+03    8.89565e+03
     Coulomb-14        LJ (SR)  Disper. corr.   Coulomb (SR)   Coul. recip.
    1.02927e+05    5.06475e+05   -3.11728e+04   -4.17645e+06    2.36236e+04
      Potential    Kinetic En.   Total Energy  Conserved En.    Temperature
   -3.51361e+06    6.39718e+05   -2.87389e+06   -2.30338e+06    3.00017e+02
 Pres. DC (bar) Pressure (bar)   Constr. rmsd
   -2.02244e+02   -1.03021e+01    0.00000e+00

           Step           Time
       14900000    29800.00000

   Energies (kJ/mol)
           Bond          Angle    Proper Dih. Per. Imp. Dih.          LJ-14
    7.28508e+03    1.89292e+04    2.42228e+04    1.19438e+03    8.87792e+03
     Coulomb-14        LJ (SR)  Disper. corr.   Coulomb (SR)   Coul. recip.
    1.03428e+05    5.03950e+05   -3.12266e+04   -4.17277e+06    2.36760e+04
      Potential    Kinetic En.   Total Energy  Conserved En.    Temperature
   -3.51244e+06    6.39217e+05   -2.87322e+06   -2.30166e+06    2.99783e+02
 Pres. DC (bar) Pressure (bar)   Constr. rmsd
   -2.02941e+02    4.76897e-01    0.00000e+00

           Step           Time
       14950000    29900.00000

   Energies (kJ/mol)
           Bond          Angle    Proper Dih. Per. Imp. Dih.          LJ-14
    7.20294e+03    1.94155e+04    2.42546e+04    1.18379e+03    9.09918e+03
     Coulomb-14        LJ (SR)  Disper. corr.   Coulomb (SR)   Coul. recip.
    1.03285e+05    5.06403e+05   -3.12250e+04   -4.17682e+06    2.34794e+04
      Potential    Kinetic En.   Total Energy  Conserved En.    Temperature
   -3.51372e+06    6.39235e+05   -2.87448e+06   -2.29955e+06    2.99791e+02
 Pres. DC (bar) Pressure (bar)   Constr. rmsd
   -2.02920e+02    2.58330e+01    0.00000e+00

Writing checkpoint, step 14991600 at Tue Sep 29 12:12:39 2026


           Step           Time
       15000000    30000.00000

   Energies (kJ/mol)
           Bond          Angle    Proper Dih. Per. Imp. Dih.          LJ-14
    7.45727e+03    1.93807e+04    2.42073e+04    1.14350e+03    8.83428e+03
     Coulomb-14        LJ (SR)  Disper. corr.   Coulomb (SR)   Coul. recip.
    1.03414e+05    5.08615e+05   -3.12848e+04   -4.18034e+06    2.36091e+04
      Potential    Kinetic En.   Total Energy  Conserved En.    Temperature
   -3.51497e+06    6.40699e+05   -2.87427e+06   -2.29748e+06    3.00477e+02
 Pres. DC (bar) Pressure (bar)   Constr. rmsd
   -2.03697e+02    5.93834e+01    0.00000e+00

           Step           Time
       15050000    30100.00000

   Energies (kJ/mol)
           Bond          Angle    Proper Dih. Per. Imp. Dih.          LJ-14
    7.31437e+03    1.91219e+04    2.43695e+04    1.13216e+03    8.95961e+03
     Coulomb-14        LJ (SR)  Disper. corr.   Coulomb (SR)   Coul. recip.
    1.03484e+05    5.08060e+05   -3.12165e+04   -4.18103e+06    2.35863e+04
      Potential    Kinetic En.   Total Energy  Conserved En.    Temperature
   -3.51622e+06    6.39843e+05   -2.87637e+06   -2.29562e+06    3.00076e+02
 Pres. DC (bar) Pressure (bar)   Constr. rmsd
   -2.02809e+02   -7.24267e+00    0.00000e+00

           Step           Time
       15100000    30200.00000

   Energies (kJ/mol)
           Bond          Angle    Proper Dih. Per. Imp. Dih.          LJ-14
    7.21555e+03    1.93551e+04    2.43017e+04    1.25219e+03    8.76861e+03
     Coulomb-14        LJ (SR)  Disper. corr.   Coulomb (SR)   Coul. recip.
    1.03721e+05    5.07931e+05   -3.11540e+04   -4.17856e+06    2.38711e+04
      Potential    Kinetic En.   Total Energy  Conserved En.    Temperature
   -3.51330e+06    6.39077e+05   -2.87422e+06   -2.29368e+06    2.99717e+02
 Pres. DC (bar) Pressure (bar)   Constr. rmsd
   -2.02000e+02    1.67252e+00    0.00000e+00

           Step           Time
       15150000    30300.00000

   Energies (kJ/mol)
           Bond          Angle    Proper Dih. Per. Imp. Dih.          LJ-14
    7.24673e+03    1.93017e+04    2.41252e+04    1.20262e+03    8.80582e+03
     Coulomb-14        LJ (SR)  Disper. corr.   Coulomb (SR)   Coul. recip.
    1.03144e+05    5.07777e+05   -3.12615e+04   -4.17874e+06    2.34202e+04
      Potential    Kinetic En.   Total Energy  Conserved En.    Temperature
   -3.51498e+06    6.40884e+05   -2.87410e+06   -2.29148e+06    3.00565e+02
 Pres. DC (bar) Pressure (bar)   Constr. rmsd
   -2.03395e+02    4.92251e+01    0.00000e+00

           Step           Time
       15200000    30400.00000

   Energies (kJ/mol)
           Bond          Angle    Proper Dih. Per. Imp. Dih.          LJ-14
    7.35705e+03    1.91662e+04    2.41172e+04    1.19054e+03    8.81986e+03
     Coulomb-14        LJ (SR)  Disper. corr.   Coulomb (SR)   Coul. recip.
    1.02981e+05    5.06041e+05   -3.12028e+04   -4.17717e+06    2.36934e+04
      Potential    Kinetic En.   Total Energy  Conserved En.    Temperature
   -3.51501e+06    6.39040e+05   -2.87597e+06   -2.28965e+06    2.99700e+02
 Pres. DC (bar) Pressure (bar)   Constr. rmsd
   -2.02632e+02   -3.78028e+01    0.00000e+00

           Step           Time
       15250000    30500.00000

   Energies (kJ/mol)
           Bond          Angle    Proper Dih. Per. Imp. Dih.          LJ-14
    7.03715e+03    1.92948e+04    2.40722e+04    1.19016e+03    8.85787e+03
     Coulomb-14        LJ (SR)  Disper. corr.   Coulomb (SR)   Coul. recip.
    1.03247e+05    5.06756e+05   -3.11047e+04   -4.17667e+06    2.35476e+04
      Potential    Kinetic En.   Total Energy  Conserved En.    Temperature
   -3.51377e+06    6.38642e+05   -2.87513e+06   -2.28816e+06    2.99513e+02
 Pres. DC (bar) Pressure (bar)   Constr. rmsd
   -2.01362e+02   -1.64707e+01    0.00000e+00

           Step           Time
       15300000    30600.00000

   Energies (kJ/mol)
           Bond          Angle    Proper Dih. Per. Imp. Dih.          LJ-14
    7.45067e+03    1.96002e+04    2.41522e+04    1.14204e+03    8.77030e+03
     Coulomb-14        LJ (SR)  Disper. corr.   Coulomb (SR)   Coul. recip.
    1.03925e+05    5.07922e+05   -3.12219e+04   -4.17671e+06    2.36442e+04
      Potential    Kinetic En.   Total Energy  Conserved En.    Temperature
   -3.51133e+06    6.39210e+05   -2.87212e+06   -2.28575e+06    2.99779e+02
 Pres. DC (bar) Pressure (bar)   Constr. rmsd
   -2.02880e+02    5.93919e+01    0.00000e+00

Writing checkpoint, step 15307900 at Tue Sep 29 12:27:39 2026


           Step           Time
       15350000    30700.00000

   Energies (kJ/mol)
           Bond          Angle    Proper Dih. Per. Imp. Dih.          LJ-14
    7.14502e+03    1.92005e+04    2.42767e+04    1.21641e+03    8.89560e+03
     Coulomb-14        LJ (SR)  Disper. corr.   Coulomb (SR)   Coul. recip.
    1.03049e+05    5.05488e+05   -3.12166e+04   -4.17661e+06    2.38118e+04
      Potential    Kinetic En.   Total Energy  Conserved En.    Temperature
   -3.51474e+06    6.39270e+05   -2.87547e+06   -2.28377e+06    2.99807e+02
 Pres. DC (bar) Pressure (bar)   Constr. rmsd
   -2.02811e+02   -2.54514e+01    0.00000e+00

           Step           Time
       15400000    30800.00000

   Energies (kJ/mol)
           Bond          Angle    Proper Dih. Per. Imp. Dih.          LJ-14
    7.42481e+03    1.91699e+04    2.41205e+04    1.20238e+03    8.92953e+03
     Coulomb-14        LJ (SR)  Disper. corr.   Coulomb (SR)   Coul. recip.
    1.03146e+05    5.06503e+05   -3.11887e+04   -4.17514e+06    2.34215e+04
      Potential    Kinetic En.   Total Energy  Conserved En.    Temperature
   -3.51241e+06    6.37578e+05   -2.87483e+06   -2.28191e+06    2.99014e+02
 Pres. DC (bar) Pressure (bar)   Constr. rmsd
   -2.02449e+02   -1.75865e+01    0.00000e+00

           Step           Time
       15450000    30900.00000

   Energies (kJ/mol)
           Bond          Angle    Proper Dih. Per. Imp. Dih.          LJ-14
    7.22369e+03    1.96616e+04    2.40459e+04    1.16478e+03    8.82620e+03
     Coulomb-14        LJ (SR)  Disper. corr.   Coulomb (SR)   Coul. recip.
    1.03329e+05    5.07743e+05   -3.12196e+04   -4.17575e+06    2.38072e+04
      Potential    Kinetic En.   Total Energy  Conserved En.    Temperature
   -3.51117e+06    6.39654e+05   -2.87152e+06   -2.28001e+06    2.99988e+02
 Pres. DC (bar) Pressure (bar)   Constr. rmsd
   -2.02850e+02    2.37797e+01    0.00000e+00

           Step           Time
       15500000    31000.00000

   Energies (kJ/mol)
           Bond          Angle    Proper Dih. Per. Imp. Dih.          LJ-14
    7.53861e+03    1.97184e+04    2.42596e+04    1.16860e+03    8.77256e+03
     Coulomb-14        LJ (SR)  Disper. corr.   Coulomb (SR)   Coul. recip.
    1.02433e+05    5.09132e+05   -3.11885e+04   -4.17991e+06    2.36962e+04
      Potential    Kinetic En.   Total Energy  Conserved En.    Temperature
   -3.51438e+06    6.38045e+05   -2.87634e+06   -2.27830e+06    2.99233e+02
 Pres. DC (bar) Pressure (bar)   Constr. rmsd
   -2.02447e+02   -7.51025e+00    0.00000e+00

           Step           Time
       15550000    31100.00000

   Energies (kJ/mol)
           Bond          Angle    Proper Dih. Per. Imp. Dih.          LJ-14
    7.26700e+03    1.89991e+04    2.40971e+04    1.16018e+03    8.92862e+03
     Coulomb-14        LJ (SR)  Disper. corr.   Coulomb (SR)   Coul. recip.
    1.03168e+05    5.07394e+05   -3.13052e+04   -4.17691e+06    2.34404e+04
      Potential    Kinetic En.   Total Energy  Conserved En.    Temperature
   -3.51376e+06    6.39634e+05   -2.87413e+06   -2.27679e+06    2.99978e+02
 Pres. DC (bar) Pressure (bar)   Constr. rmsd
   -2.03963e+02    7.55679e+01    0.00000e+00

           Step           Time
       15600000    31200.00000

   Energies (kJ/mol)
           Bond          Angle    Proper Dih. Per. Imp. Dih.          LJ-14
    7.39370e+03    1.92352e+04    2.42172e+04    1.19666e+03    8.86728e+03
     Coulomb-14        LJ (SR)  Disper. corr.   Coulomb (SR)   Coul. recip.
    1.02982e+05    5.11662e+05   -3.12103e+04   -4.18210e+06    2.34608e+04
      Potential    Kinetic En.   Total Energy  Conserved En.    Temperature
   -3.51430e+06    6.39702e+05   -2.87460e+06   -2.27484e+06    3.00010e+02
 Pres. DC (bar) Pressure (bar)   Constr. rmsd
   -2.02730e+02    8.26896e+01    0.00000e+00

Writing checkpoint, step 15616100 at Tue Sep 29 12:42:39 2026


           Step           Time
       15650000    31300.00000

   Energies (kJ/mol)
           Bond          Angle    Proper Dih. Per. Imp. Dih.          LJ-14
    7.50309e+03    1.93892e+04    2.40966e+04    1.15773e+03    9.00691e+03
     Coulomb-14        LJ (SR)  Disper. corr.   Coulomb (SR)   Coul. recip.
    1.03261e+05    5.10227e+05   -3.12491e+04   -4.18146e+06    2.35487e+04
      Potential    Kinetic En.   Total Energy  Conserved En.    Temperature
   -3.51452e+06    6.41181e+05   -2.87334e+06   -2.27382e+06    3.00704e+02
 Pres. DC (bar) Pressure (bar)   Constr. rmsd
   -2.03233e+02    9.91601e+01    0.00000e+00

           Step           Time
       15700000    31400.00000

   Energies (kJ/mol)
           Bond          Angle    Proper Dih. Per. Imp. Dih.          LJ-14
    7.18128e+03    1.93693e+04    2.41020e+04    1.19090e+03    8.80815e+03
     Coulomb-14        LJ (SR)  Disper. corr.   Coulomb (SR)   Coul. recip.
    1.03113e+05    5.02575e+05   -3.12644e+04   -4.17697e+06    2.34113e+04
      Potential    Kinetic En.   Total Energy  Conserved En.    Temperature
   -3.51849e+06    6.40191e+05   -2.87830e+06   -2.27204e+06    3.00239e+02
 Pres. DC (bar) Pressure (bar)   Constr. rmsd
   -2.03432e+02   -6.92501e+01    0.00000e+00

           Step           Time
       15750000    31500.00000

   Energies (kJ/mol)
           Bond          Angle    Proper Dih. Per. Imp. Dih.          LJ-14
    7.65816e+03    1.86027e+04    2.41662e+04    1.13687e+03    8.82674e+03
     Coulomb-14        LJ (SR)  Disper. corr.   Coulomb (SR)   Coul. recip.
    1.03456e+05    5.03947e+05   -3.11635e+04   -4.17364e+06    2.36232e+04
      Potential    Kinetic En.   Total Energy  Conserved En.    Temperature
   -3.51339e+06    6.38378e+05   -2.87501e+06   -2.27049e+06    2.99389e+02
 Pres. DC (bar) Pressure (bar)   Constr. rmsd
   -2.02122e+02   -8.75849e+01    0.00000e+00

           Step           Time
       15800000    31600.00000

   Energies (kJ/mol)
           Bond          Angle    Proper Dih. Per. Imp. Dih.          LJ-14
    7.18010e+03    1.94110e+04    2.40306e+04    1.18499e+03    8.91253e+03
     Coulomb-14        LJ (SR)  Disper. corr.   Coulomb (SR)   Coul. recip.
    1.03281e+05    5.04681e+05   -3.10807e+04   -4.17162e+06    2.39272e+04
      Potential    Kinetic En.   Total Energy  Conserved En.    Temperature
   -3.51009e+06    6.41078e+05   -2.86901e+06   -2.26891e+06    3.00655e+02
 Pres. DC (bar) Pressure (bar)   Constr. rmsd
   -2.01051e+02   -6.95889e+01    0.00000e+00

           Step           Time
       15850000    31700.00000

   Energies (kJ/mol)
           Bond          Angle    Proper Dih. Per. Imp. Dih.          LJ-14
    7.27192e+03    1.92186e+04    2.41037e+04    1.18232e+03    8.76572e+03
     Coulomb-14        LJ (SR)  Disper. corr.   Coulomb (SR)   Coul. recip.
    1.03339e+05    5.06785e+05   -3.12467e+04   -4.17960e+06    2.34432e+04
      Potential    Kinetic En.   Total Energy  Conserved En.    Temperature
   -3.51673e+06    6.39618e+05   -2.87712e+06   -2.26709e+06    2.99971e+02
 Pres. DC (bar) Pressure (bar)   Constr. rmsd
   -2.03202e+02   -5.23836e+01    0.00000e+00

           Step           Time
       15900000    31800.00000

   Energies (kJ/mol)
           Bond          Angle    Proper Dih. Per. Imp. Dih.          LJ-14
    7.46777e+03    1.94553e+04    2.42343e+04    1.25913e+03    8.89042e+03
     Coulomb-14        LJ (SR)  Disper. corr.   Coulomb (SR)   Coul. recip.
    1.03173e+05    5.07541e+05   -3.12726e+04   -4.17928e+06    2.35961e+04
      Potential    Kinetic En.   Total Energy  Conserved En.    Temperature
   -3.51494e+06    6.43161e+05   -2.87178e+06   -2.26522e+06    3.01632e+02
 Pres. DC (bar) Pressure (bar)   Constr. rmsd
   -2.03539e+02    4.13108e+01    0.00000e+00

           Step           Time
       15950000    31900.00000

   Energies (kJ/mol)
           Bond          Angle    Proper Dih. Per. Imp. Dih.          LJ-14
    7.27643e+03    1.91247e+04    2.40436e+04    1.18298e+03    8.82426e+03
     Coulomb-14        LJ (SR)  Disper. corr.   Coulomb (SR)   Coul. recip.
    1.03285e+05    5.08581e+05   -3.12859e+04   -4.18123e+06    2.33405e+04
      Potential    Kinetic En.   Total Energy  Conserved En.    Temperature
   -3.51686e+06    6.36661e+05   -2.88020e+06   -2.26350e+06    2.98584e+02
 Pres. DC (bar) Pressure (bar)   Constr. rmsd
   -2.03711e+02    4.76504e+01    0.00000e+00

Writing checkpoint, step 15957100 at Tue Sep 29 12:57:39 2026


           Step           Time
       16000000    32000.00000

   Energies (kJ/mol)
           Bond          Angle    Proper Dih. Per. Imp. Dih.          LJ-14
    7.45343e+03    1.90353e+04    2.40327e+04    1.22260e+03    8.93971e+03
     Coulomb-14        LJ (SR)  Disper. corr.   Coulomb (SR)   Coul. recip.
    1.03098e+05    5.08891e+05   -3.12235e+04   -4.18070e+06    2.35115e+04
      Potential    Kinetic En.   Total Energy  Conserved En.    Temperature
   -3.51574e+06    6.38649e+05   -2.87709e+06   -2.26131e+06    2.99516e+02
 Pres. DC (bar) Pressure (bar)   Constr. rmsd
   -2.02901e+02    9.60319e+00    0.00000e+00

           Step           Time
       16050000    32100.00000

   Energies (kJ/mol)
           Bond          Angle    Proper Dih. Per. Imp. Dih.          LJ-14
    7.39131e+03    1.95933e+04    2.41649e+04    1.14156e+03    8.86059e+03
     Coulomb-14        LJ (SR)  Disper. corr.   Coulomb (SR)   Coul. recip.
    1.03346e+05    5.07783e+05   -3.11658e+04   -4.17700e+06    2.34411e+04
      Potential    Kinetic En.   Total Energy  Conserved En.    Temperature
   -3.51245e+06    6.39900e+05   -2.87255e+06   -2.25961e+06    3.00103e+02
 Pres. DC (bar) Pressure (bar)   Constr. rmsd
   -2.02153e+02   -1.89772e+01    0.00000e+00

           Step           Time
       16100000    32200.00000

   Energies (kJ/mol)
           Bond          Angle    Proper Dih. Per. Imp. Dih.          LJ-14
    7.39703e+03    1.92209e+04    2.44498e+04    1.16160e+03    8.96846e+03
     Coulomb-14        LJ (SR)  Disper. corr.   Coulomb (SR)   Coul. recip.
    1.03463e+05    5.00382e+05   -3.11307e+04   -4.16738e+06    2.37721e+04
      Potential    Kinetic En.   Total Energy  Conserved En.    Temperature
   -3.50970e+06    6.43718e+05   -2.86598e+06   -2.25761e+06    3.01893e+02
 Pres. DC (bar) Pressure (bar)   Constr. rmsd
   -2.01698e+02   -1.35192e+02    0.00000e+00

           Step           Time
       16150000    32300.00000

   Energies (kJ/mol)
           Bond          Angle    Proper Dih. Per. Imp. Dih.          LJ-14
    7.20984e+03    1.94593e+04    2.40385e+04    1.14079e+03    8.90424e+03
     Coulomb-14        LJ (SR)  Disper. corr.   Coulomb (SR)   Coul. recip.
    1.03530e+05    5.06228e+05   -3.11711e+04   -4.17564e+06    2.37075e+04
      Potential    Kinetic En.   Total Energy  Conserved En.    Temperature
   -3.51259e+06    6.40414e+05   -2.87218e+06   -2.25612e+06    3.00344e+02
 Pres. DC (bar) Pressure (bar)   Constr. rmsd
   -2.02221e+02   -2.52189e+01    0.00000e+00

           Step           Time
       16200000    32400.00000

   Energies (kJ/mol)
           Bond          Angle    Proper Dih. Per. Imp. Dih.          LJ-14
    7.13692e+03    1.90244e+04    2.40561e+04    1.22548e+03    9.03685e+03
     Coulomb-14        LJ (SR)  Disper. corr.   Coulomb (SR)   Coul. recip.
    1.02903e+05    5.07772e+05   -3.12550e+04   -4.18171e+06    2.34560e+04
      Potential    Kinetic En.   Total Energy  Conserved En.    Temperature
   -3.51836e+06    6.37667e+05   -2.88069e+06   -2.25421e+06    2.99056e+02
 Pres. DC (bar) Pressure (bar)   Constr. rmsd
   -2.03310e+02    2.39401e+01    0.00000e+00

           Step           Time
       16250000    32500.00000

   Energies (kJ/mol)
           Bond          Angle    Proper Dih. Per. Imp. Dih.          LJ-14
    7.36516e+03    1.95141e+04    2.40157e+04    1.15424e+03    8.88944e+03
     Coulomb-14        LJ (SR)  Disper. corr.   Coulomb (SR)   Coul. recip.
    1.03444e+05    5.07455e+05   -3.12082e+04   -4.17580e+06    2.33676e+04
      Potential    Kinetic En.   Total Energy  Conserved En.    Temperature
   -3.51180e+06    6.38338e+05   -2.87346e+06   -2.25207e+06    2.99370e+02
 Pres. DC (bar) Pressure (bar)   Constr. rmsd
   -2.02702e+02    5.59605e+01    0.00000e+00

Writing checkpoint, step 16299600 at Tue Sep 29 13:12:39 2026


           Step           Time
       16300000    32600.00000

   Energies (kJ/mol)
           Bond          Angle    Proper Dih. Per. Imp. Dih.          LJ-14
    7.48276e+03    1.90501e+04    2.40541e+04    1.19796e+03    8.82044e+03
     Coulomb-14        LJ (SR)  Disper. corr.   Coulomb (SR)   Coul. recip.
    1.03332e+05    5.01581e+05   -3.11579e+04   -4.17045e+06    2.37128e+04
      Potential    Kinetic En.   Total Energy  Conserved En.    Temperature
   -3.51238e+06    6.40391e+05   -2.87199e+06   -2.24968e+06    3.00333e+02
 Pres. DC (bar) Pressure (bar)   Constr. rmsd
   -2.02050e+02   -1.27740e+02    0.00000e+00

           Step           Time
       16350000    32700.00000

   Energies (kJ/mol)
           Bond          Angle    Proper Dih. Per. Imp. Dih.          LJ-14
    7.41709e+03    1.91651e+04    2.42355e+04    1.19236e+03    8.92170e+03
     Coulomb-14        LJ (SR)  Disper. corr.   Coulomb (SR)   Coul. recip.
    1.02834e+05    5.08823e+05   -3.12235e+04   -4.17867e+06    2.32732e+04
      Potential    Kinetic En.   Total Energy  Conserved En.    Temperature
   -3.51403e+06    6.41240e+05   -2.87279e+06   -2.24767e+06    3.00731e+02
 Pres. DC (bar) Pressure (bar)   Constr. rmsd
   -2.02901e+02    4.42064e+01    0.00000e+00

           Step           Time
       16400000    32800.00000

   Energies (kJ/mol)
           Bond          Angle    Proper Dih. Per. Imp. Dih.          LJ-14
    7.14982e+03    1.93438e+04    2.40616e+04    1.12412e+03    8.97751e+03
     Coulomb-14        LJ (SR)  Disper. corr.   Coulomb (SR)   Coul. recip.
    1.03618e+05    5.07041e+05   -3.12038e+04   -4.17650e+06    2.35572e+04
      Potential    Kinetic En.   Total Energy  Conserved En.    Temperature
   -3.51283e+06    6.39744e+05   -2.87309e+06   -2.24623e+06    3.00030e+02
 Pres. DC (bar) Pressure (bar)   Constr. rmsd
   -2.02645e+02    2.24933e+01    0.00000e+00

           Step           Time
       16450000    32900.00000

   Energies (kJ/mol)
           Bond          Angle    Proper Dih. Per. Imp. Dih.          LJ-14
    7.19919e+03    1.92790e+04    2.40270e+04    1.18207e+03    8.95600e+03
     Coulomb-14        LJ (SR)  Disper. corr.   Coulomb (SR)   Coul. recip.
    1.02990e+05    5.05103e+05   -3.12515e+04   -4.17611e+06    2.35310e+04
      Potential    Kinetic En.   Total Energy  Conserved En.    Temperature
   -3.51509e+06    6.39491e+05   -2.87560e+06   -2.24428e+06    2.99911e+02
 Pres. DC (bar) Pressure (bar)   Constr. rmsd
   -2.03264e+02    5.79627e+00    0.00000e+00

           Step           Time
       16500000    33000.00000

   Energies (kJ/mol)
           Bond          Angle    Proper Dih. Per. Imp. Dih.          LJ-14
    7.54504e+03    1.94067e+04    2.41989e+04    1.16451e+03    8.82416e+03
     Coulomb-14        LJ (SR)  Disper. corr.   Coulomb (SR)   Coul. recip.
    1.03311e+05    5.04223e+05   -3.12061e+04   -4.17522e+06    2.36823e+04
      Potential    Kinetic En.   Total Energy  Conserved En.    Temperature
   -3.51407e+06    6.40985e+05   -2.87309e+06   -2.24278e+06    3.00612e+02
 Pres. DC (bar) Pressure (bar)   Constr. rmsd
   -2.02674e+02   -5.99636e+01    0.00000e+00

           Step           Time
       16550000    33100.00000

   Energies (kJ/mol)
           Bond          Angle    Proper Dih. Per. Imp. Dih.          LJ-14
    7.35132e+03    1.87919e+04    2.42652e+04    1.19156e+03    9.07548e+03
     Coulomb-14        LJ (SR)  Disper. corr.   Coulomb (SR)   Coul. recip.
    1.03441e+05    5.04636e+05   -3.11158e+04   -4.17272e+06    2.36773e+04
      Potential    Kinetic En.   Total Energy  Conserved En.    Temperature
   -3.51140e+06    6.39021e+05   -2.87238e+06   -2.24117e+06    2.99691e+02
 Pres. DC (bar) Pressure (bar)   Constr. rmsd
   -2.01505e+02   -2.92387e+01    0.00000e+00

           Step           Time
       16600000    33200.00000

   Energies (kJ/mol)
           Bond          Angle    Proper Dih. Per. Imp. Dih.          LJ-14
    7.28187e+03    1.93447e+04    2.43052e+04    1.12104e+03    8.93875e+03
     Coulomb-14        LJ (SR)  Disper. corr.   Coulomb (SR)   Coul. recip.
    1.03247e+05    5.07696e+05   -3.11510e+04   -4.17525e+06    2.36202e+04
      Potential    Kinetic En.   Total Energy  Conserved En.    Temperature
   -3.51084e+06    6.40110e+05   -2.87073e+06   -2.23850e+06    3.00201e+02
 Pres. DC (bar) Pressure (bar)   Constr. rmsd
   -2.01961e+02    1.60937e+01    0.00000e+00

Writing checkpoint, step 16642200 at Tue Sep 29 13:27:39 2026


           Step           Time
       16650000    33300.00000

   Energies (kJ/mol)
           Bond          Angle    Proper Dih. Per. Imp. Dih.          LJ-14
    7.39832e+03    1.89291e+04    2.41569e+04    1.10222e+03    8.89770e+03
     Coulomb-14        LJ (SR)  Disper. corr.   Coulomb (SR)   Coul. recip.
    1.03288e+05    5.09389e+05   -3.12098e+04   -4.18078e+06    2.34433e+04
      Potential    Kinetic En.   Total Energy  Conserved En.    Temperature
   -3.51538e+06    6.38712e+05   -2.87667e+06   -2.23639e+06    2.99546e+02
 Pres. DC (bar) Pressure (bar)   Constr. rmsd
   -2.02723e+02    5.11191e+01    0.00000e+00

           Step           Time
       16700000    33400.00000

   Energies (kJ/mol)
           Bond          Angle    Proper Dih. Per. Imp. Dih.          LJ-14
    7.52739e+03    1.95197e+04    2.42003e+04    1.21050e+03    8.88417e+03
     Coulomb-14        LJ (SR)  Disper. corr.   Coulomb (SR)   Coul. recip.
    1.03335e+05    5.04118e+05   -3.11708e+04   -4.17346e+06    2.37763e+04
      Potential    Kinetic En.   Total Energy  Conserved En.    Temperature
   -3.51206e+06    6.40456e+05   -2.87160e+06   -2.23498e+06    3.00364e+02
 Pres. DC (bar) Pressure (bar)   Constr. rmsd
   -2.02217e+02   -7.87866e+01    0.00000e+00

           Step           Time
       16750000    33500.00000

   Energies (kJ/mol)
           Bond          Angle    Proper Dih. Per. Imp. Dih.          LJ-14
    7.19507e+03    1.93847e+04    2.42554e+04    1.18249e+03    9.02286e+03
     Coulomb-14        LJ (SR)  Disper. corr.   Coulomb (SR)   Coul. recip.
    1.03196e+05    5.07886e+05   -3.12460e+04   -4.17742e+06    2.36726e+04
      Potential    Kinetic En.   Total Energy  Conserved En.    Temperature
   -3.51287e+06    6.42850e+05   -2.87002e+06   -2.23316e+06    3.01486e+02
 Pres. DC (bar) Pressure (bar)   Constr. rmsd
   -2.03193e+02    6.00483e+01    0.00000e+00

           Step           Time
       16800000    33600.00000

   Energies (kJ/mol)
           Bond          Angle    Proper Dih. Per. Imp. Dih.          LJ-14
    7.48429e+03    1.92702e+04    2.41266e+04    1.21054e+03    8.84963e+03
     Coulomb-14        LJ (SR)  Disper. corr.   Coulomb (SR)   Coul. recip.
    1.03367e+05    5.07977e+05   -3.12940e+04   -4.17977e+06    2.35297e+04
      Potential    Kinetic En.   Total Energy  Conserved En.    Temperature
   -3.51525e+06    6.39829e+05   -2.87542e+06   -2.23078e+06    3.00070e+02
 Pres. DC (bar) Pressure (bar)   Constr. rmsd
   -2.03817e+02    2.60568e+01    0.00000e+00

           Step           Time
       16850000    33700.00000

   Energies (kJ/mol)
           Bond          Angle    Proper Dih. Per. Imp. Dih.          LJ-14
    7.06113e+03    1.91572e+04    2.42201e+04    1.14551e+03    8.83506e+03
     Coulomb-14        LJ (SR)  Disper. corr.   Coulomb (SR)   Coul. recip.
    1.03601e+05    5.05075e+05   -3.11945e+04   -4.17671e+06    2.33135e+04
      Potential    Kinetic En.   Total Energy  Conserved En.    Temperature
   -3.51550e+06    6.37561e+05   -2.87794e+06   -2.22886e+06    2.99006e+02
 Pres. DC (bar) Pressure (bar)   Constr. rmsd
   -2.02525e+02   -5.42794e+01    0.00000e+00

           Step           Time
       16900000    33800.00000

   Energies (kJ/mol)
           Bond          Angle    Proper Dih. Per. Imp. Dih.          LJ-14
    7.55585e+03    1.92029e+04    2.41215e+04    1.13824e+03    8.90194e+03
     Coulomb-14        LJ (SR)  Disper. corr.   Coulomb (SR)   Coul. recip.
    1.02702e+05    5.05151e+05   -3.11188e+04   -4.17502e+06    2.36548e+04
      Potential    Kinetic En.   Total Energy  Conserved En.    Temperature
   -3.51371e+06    6.38466e+05   -2.87524e+06   -2.22706e+06    2.99430e+02
 Pres. DC (bar) Pressure (bar)   Constr. rmsd
   -2.01544e+02   -1.10777e+02    0.00000e+00

           Step           Time
       16950000    33900.00000

   Energies (kJ/mol)
           Bond          Angle    Proper Dih. Per. Imp. Dih.          LJ-14
    7.16596e+03    1.93844e+04    2.41888e+04    1.17144e+03    8.80420e+03
     Coulomb-14        LJ (SR)  Disper. corr.   Coulomb (SR)   Coul. recip.
    1.03493e+05    5.07433e+05   -3.12659e+04   -4.18043e+06    2.34406e+04
      Potential    Kinetic En.   Total Energy  Conserved En.    Temperature
   -3.51662e+06    6.38756e+05   -2.87786e+06   -2.22539e+06    2.99567e+02
 Pres. DC (bar) Pressure (bar)   Constr. rmsd
   -2.03451e+02    1.17852e+01    0.00000e+00

Writing checkpoint, step 16981800 at Tue Sep 29 13:42:39 2026


           Step           Time
       17000000    34000.00000

   Energies (kJ/mol)
           Bond          Angle    Proper Dih. Per. Imp. Dih.          LJ-14
    7.36469e+03    1.90648e+04    2.43602e+04    1.17555e+03    8.86320e+03
     Coulomb-14        LJ (SR)  Disper. corr.   Coulomb (SR)   Coul. recip.
    1.03131e+05    5.05672e+05   -3.12229e+04   -4.17358e+06    2.35026e+04
      Potential    Kinetic En.   Total Energy  Conserved En.    Temperature
   -3.51167e+06    6.39572e+05   -2.87210e+06   -2.22352e+06    2.99949e+02
 Pres. DC (bar) Pressure (bar)   Constr. rmsd
   -2.02894e+02    1.13584e+01    0.00000e+00

           Step           Time
       17050000    34100.00000

   Energies (kJ/mol)
           Bond          Angle    Proper Dih. Per. Imp. Dih.          LJ-14
    7.25746e+03    1.91759e+04    2.40522e+04    1.12613e+03    8.87246e+03
     Coulomb-14        LJ (SR)  Disper. corr.   Coulomb (SR)   Coul. recip.
    1.02975e+05    5.10020e+05   -3.12133e+04   -4.17867e+06    2.35254e+04
      Potential    Kinetic En.   Total Energy  Conserved En.    Temperature
   -3.51288e+06    6.38346e+05   -2.87453e+06   -2.22159e+06    2.99374e+02
 Pres. DC (bar) Pressure (bar)   Constr. rmsd
   -2.02769e+02    7.71487e+01    0.00000e+00

           Step           Time
       17100000    34200.00000

   Energies (kJ/mol)
           Bond          Angle    Proper Dih. Per. Imp. Dih.          LJ-14
    7.26930e+03    1.93509e+04    2.40677e+04    1.28947e+03    8.96792e+03
     Coulomb-14        LJ (SR)  Disper. corr.   Coulomb (SR)   Coul. recip.
    1.03229e+05    5.04784e+05   -3.11772e+04   -4.16980e+06    2.36456e+04
      Potential    Kinetic En.   Total Energy  Conserved En.    Temperature
   -3.50838e+06    6.40850e+05   -2.86753e+06   -2.22002e+06    3.00548e+02
 Pres. DC (bar) Pressure (bar)   Constr. rmsd
   -2.02300e+02   -3.47424e+01    0.00000e+00

           Step           Time
       17150000    34300.00000

   Energies (kJ/mol)
           Bond          Angle    Proper Dih. Per. Imp. Dih.          LJ-14
    7.24564e+03    1.92503e+04    2.39475e+04    1.15094e+03    8.74706e+03
     Coulomb-14        LJ (SR)  Disper. corr.   Coulomb (SR)   Coul. recip.
    1.03236e+05    5.05975e+05   -3.11781e+04   -4.17691e+06    2.35081e+04
      Potential    Kinetic En.   Total Energy  Conserved En.    Temperature
   -3.51503e+06    6.38398e+05   -2.87663e+06   -2.21816e+06    2.99399e+02
 Pres. DC (bar) Pressure (bar)   Constr. rmsd
   -2.02312e+02   -8.16787e+01    0.00000e+00

           Step           Time
       17200000    34400.00000

   Energies (kJ/mol)
           Bond          Angle    Proper Dih. Per. Imp. Dih.          LJ-14
    7.67083e+03    1.92768e+04    2.41943e+04    1.18879e+03    8.82130e+03
     Coulomb-14        LJ (SR)  Disper. corr.   Coulomb (SR)   Coul. recip.
    1.03000e+05    5.06517e+05   -3.11752e+04   -4.17557e+06    2.34947e+04
      Potential    Kinetic En.   Total Energy  Conserved En.    Temperature
   -3.51258e+06    6.41646e+05   -2.87094e+06   -2.21627e+06    3.00922e+02
 Pres. DC (bar) Pressure (bar)   Constr. rmsd
   -2.02275e+02   -6.12026e+01    0.00000e+00

           Step           Time
       17250000    34500.00000

   Energies (kJ/mol)
           Bond          Angle    Proper Dih. Per. Imp. Dih.          LJ-14
    7.36055e+03    1.93742e+04    2.41466e+04    1.15447e+03    8.83808e+03
     Coulomb-14        LJ (SR)  Disper. corr.   Coulomb (SR)   Coul. recip.
    1.03465e+05    5.06805e+05   -3.11945e+04   -4.17772e+06    2.36340e+04
      Potential    Kinetic En.   Total Energy  Conserved En.    Temperature
   -3.51413e+06    6.38184e+05   -2.87595e+06   -2.21433e+06    2.99298e+02
 Pres. DC (bar) Pressure (bar)   Constr. rmsd
   -2.02524e+02    4.51834e+00    0.00000e+00

           Step           Time
       17300000    34600.00000

   Energies (kJ/mol)
           Bond          Angle    Proper Dih. Per. Imp. Dih.          LJ-14
    7.17896e+03    1.93303e+04    2.41947e+04    1.16727e+03    8.95274e+03
     Coulomb-14        LJ (SR)  Disper. corr.   Coulomb (SR)   Coul. recip.
    1.03072e+05    5.09148e+05   -3.11888e+04   -4.17672e+06    2.34956e+04
      Potential    Kinetic En.   Total Energy  Conserved En.    Temperature
   -3.51137e+06    6.40546e+05   -2.87083e+06   -2.21267e+06    3.00406e+02
 Pres. DC (bar) Pressure (bar)   Constr. rmsd
   -2.02451e+02    4.86590e+01    0.00000e+00

Writing checkpoint, step 17323400 at Tue Sep 29 13:57:39 2026


           Step           Time
       17350000    34700.00000

   Energies (kJ/mol)
           Bond          Angle    Proper Dih. Per. Imp. Dih.          LJ-14
    7.34910e+03    1.91771e+04    2.39282e+04    1.08186e+03    8.94073e+03
     Coulomb-14        LJ (SR)  Disper. corr.   Coulomb (SR)   Coul. recip.
    1.03002e+05    5.10022e+05   -3.12342e+04   -4.18051e+06    2.34746e+04
      Potential    Kinetic En.   Total Energy  Conserved En.    Temperature
   -3.51477e+06    6.39599e+05   -2.87517e+06   -2.21062e+06    2.99962e+02
 Pres. DC (bar) Pressure (bar)   Constr. rmsd
   -2.03040e+02    9.49387e+01    0.00000e+00

           Step           Time
       17400000    34800.00000

   Energies (kJ/mol)
           Bond          Angle    Proper Dih. Per. Imp. Dih.          LJ-14
    7.28848e+03    1.93260e+04    2.40543e+04    1.17763e+03    8.80268e+03
     Coulomb-14        LJ (SR)  Disper. corr.   Coulomb (SR)   Coul. recip.
    1.02732e+05    5.08878e+05   -3.12138e+04   -4.17919e+06    2.36247e+04
      Potential    Kinetic En.   Total Energy  Conserved En.    Temperature
   -3.51452e+06    6.41681e+05   -2.87284e+06   -2.20908e+06    3.00938e+02
 Pres. DC (bar) Pressure (bar)   Constr. rmsd
   -2.02775e+02    3.62618e+01    0.00000e+00

           Step           Time
       17450000    34900.00000

   Energies (kJ/mol)
           Bond          Angle    Proper Dih. Per. Imp. Dih.          LJ-14
    7.24354e+03    1.89204e+04    2.41814e+04    1.13666e+03    8.86786e+03
     Coulomb-14        LJ (SR)  Disper. corr.   Coulomb (SR)   Coul. recip.
    1.02906e+05    5.09399e+05   -3.12083e+04   -4.18174e+06    2.36816e+04
      Potential    Kinetic En.   Total Energy  Conserved En.    Temperature
   -3.51661e+06    6.37487e+05   -2.87913e+06   -2.20751e+06    2.98971e+02
 Pres. DC (bar) Pressure (bar)   Constr. rmsd
   -2.02704e+02    4.20307e+00    0.00000e+00

           Step           Time
       17500000    35000.00000

   Energies (kJ/mol)
           Bond          Angle    Proper Dih. Per. Imp. Dih.          LJ-14
    7.18583e+03    1.90926e+04    2.40959e+04    1.18160e+03    8.78264e+03
     Coulomb-14        LJ (SR)  Disper. corr.   Coulomb (SR)   Coul. recip.
    1.02724e+05    5.06424e+05   -3.12417e+04   -4.17838e+06    2.37176e+04
      Potential    Kinetic En.   Total Energy  Conserved En.    Temperature
   -3.51642e+06    6.38149e+05   -2.87827e+06   -2.20597e+06    2.99282e+02
 Pres. DC (bar) Pressure (bar)   Constr. rmsd
   -2.03137e+02   -8.77480e+00    0.00000e+00

           Step           Time
       17550000    35100.00000

   Energies (kJ/mol)
           Bond          Angle    Proper Dih. Per. Imp. Dih.          LJ-14
    7.30505e+03    1.92094e+04    2.40894e+04    1.15295e+03    8.85689e+03
     Coulomb-14        LJ (SR)  Disper. corr.   Coulomb (SR)   Coul. recip.
    1.03119e+05    5.07893e+05   -3.13134e+04   -4.18089e+06    2.35431e+04
      Potential    Kinetic En.   Total Energy  Conserved En.    Temperature
   -3.51704e+06    6.39563e+05   -2.87747e+06   -2.20371e+06    2.99945e+02
 Pres. DC (bar) Pressure (bar)   Constr. rmsd
   -2.04069e+02    6.50579e+01    0.00000e+00

           Step           Time
       17600000    35200.00000

   Energies (kJ/mol)
           Bond          Angle    Proper Dih. Per. Imp. Dih.          LJ-14
    7.19081e+03    1.90842e+04    2.42010e+04    1.15168e+03    8.92512e+03
     Coulomb-14        LJ (SR)  Disper. corr.   Coulomb (SR)   Coul. recip.
    1.03015e+05    5.06679e+05   -3.11929e+04   -4.17495e+06    2.34983e+04
      Potential    Kinetic En.   Total Energy  Conserved En.    Temperature
   -3.51240e+06    6.37895e+05   -2.87451e+06   -2.20116e+06    2.99163e+02
 Pres. DC (bar) Pressure (bar)   Constr. rmsd
   -2.02504e+02    2.95462e+00    0.00000e+00

           Step           Time
       17650000    35300.00000

   Energies (kJ/mol)
           Bond          Angle    Proper Dih. Per. Imp. Dih.          LJ-14
    7.44614e+03    1.93129e+04    2.41802e+04    1.24380e+03    8.73486e+03
     Coulomb-14        LJ (SR)  Disper. corr.   Coulomb (SR)   Coul. recip.
    1.03558e+05    5.03575e+05   -3.11497e+04   -4.17218e+06    2.38208e+04
      Potential    Kinetic En.   Total Energy  Conserved En.    Temperature
   -3.51146e+06    6.41918e+05   -2.86954e+06   -2.19958e+06    3.01049e+02
 Pres. DC (bar) Pressure (bar)   Constr. rmsd
   -2.01944e+02   -1.18491e+02    0.00000e+00

Writing checkpoint, step 17665000 at Tue Sep 29 14:12:39 2026


           Step           Time
       17700000    35400.00000

   Energies (kJ/mol)
           Bond          Angle    Proper Dih. Per. Imp. Dih.          LJ-14
    7.21359e+03    1.93548e+04    2.42581e+04    1.19100e+03    8.89358e+03
     Coulomb-14        LJ (SR)  Disper. corr.   Coulomb (SR)   Coul. recip.
    1.03323e+05    5.07764e+05   -3.12121e+04   -4.17792e+06    2.35263e+04
      Potential    Kinetic En.   Total Energy  Conserved En.    Temperature
   -3.51361e+06    6.41519e+05   -2.87209e+06   -2.19798e+06    3.00862e+02
 Pres. DC (bar) Pressure (bar)   Constr. rmsd
   -2.02752e+02   -1.61430e+01    0.00000e+00

           Step           Time
       17750000    35500.00000

   Energies (kJ/mol)
           Bond          Angle    Proper Dih. Per. Imp. Dih.          LJ-14
    7.15123e+03    1.94694e+04    2.41594e+04    1.20230e+03    8.84489e+03
     Coulomb-14        LJ (SR)  Disper. corr.   Coulomb (SR)   Coul. recip.
    1.03447e+05    5.05037e+05   -3.12076e+04   -4.17308e+06    2.36911e+04
      Potential    Kinetic En.   Total Energy  Conserved En.    Temperature
   -3.51129e+06    6.40300e+05   -2.87099e+06   -2.19631e+06    3.00290e+02
 Pres. DC (bar) Pressure (bar)   Constr. rmsd
   -2.02694e+02   -1.64086e+00    0.00000e+00

           Step           Time
       17800000    35600.00000

   Energies (kJ/mol)
           Bond          Angle    Proper Dih. Per. Imp. Dih.          LJ-14
    7.35330e+03    1.93696e+04    2.43558e+04    1.15469e+03    8.91331e+03
     Coulomb-14        LJ (SR)  Disper. corr.   Coulomb (SR)   Coul. recip.
    1.02993e+05    5.09705e+05   -3.11999e+04   -4.18460e+06    2.36706e+04
      Potential    Kinetic En.   Total Energy  Conserved En.    Temperature
   -3.51829e+06    6.39070e+05   -2.87922e+06   -2.19498e+06    2.99714e+02
 Pres. DC (bar) Pressure (bar)   Constr. rmsd
   -2.02595e+02    9.94117e+00    0.00000e+00

           Step           Time
       17850000    35700.00000

   Energies (kJ/mol)
           Bond          Angle    Proper Dih. Per. Imp. Dih.          LJ-14
    7.35719e+03    1.92704e+04    2.42903e+04    1.14873e+03    8.78343e+03
     Coulomb-14        LJ (SR)  Disper. corr.   Coulomb (SR)   Coul. recip.
    1.03054e+05    5.07050e+05   -3.12635e+04   -4.17694e+06    2.35956e+04
      Potential    Kinetic En.   Total Energy  Conserved En.    Temperature
   -3.51365e+06    6.39700e+05   -2.87395e+06   -2.19336e+06    3.00009e+02
 Pres. DC (bar) Pressure (bar)   Constr. rmsd
   -2.03420e+02    1.24756e+01    0.00000e+00

           Step           Time
       17900000    35800.00000

   Energies (kJ/mol)
           Bond          Angle    Proper Dih. Per. Imp. Dih.          LJ-14
    7.20424e+03    1.94199e+04    2.40620e+04    1.15741e+03    8.86353e+03
     Coulomb-14        LJ (SR)  Disper. corr.   Coulomb (SR)   Coul. recip.
    1.03323e+05    5.07061e+05   -3.12320e+04   -4.18213e+06    2.35182e+04
      Potential    Kinetic En.   Total Energy  Conserved En.    Temperature
   -3.51875e+06    6.37153e+05   -2.88160e+06   -2.19185e+06    2.98815e+02
 Pres. DC (bar) Pressure (bar)   Constr. rmsd
   -2.03011e+02   -6.21558e+01    0.00000e+00

           Step           Time
       17950000    35900.00000

   Energies (kJ/mol)
           Bond          Angle    Proper Dih. Per. Imp. Dih.          LJ-14
    7.29299e+03    1.94774e+04    2.41832e+04    1.20503e+03    8.85654e+03
     Coulomb-14        LJ (SR)  Disper. corr.   Coulomb (SR)   Coul. recip.
    1.02922e+05    5.10358e+05   -3.12098e+04   -4.17973e+06    2.36188e+04
      Potential    Kinetic En.   Total Energy  Conserved En.    Temperature
   -3.51303e+06    6.40384e+05   -2.87264e+06   -2.18992e+06    3.00330e+02
 Pres. DC (bar) Pressure (bar)   Constr. rmsd
   -2.02723e+02    7.66659e+01    0.00000e+00

           Step           Time
       18000000    36000.00000

   Energies (kJ/mol)
           Bond          Angle    Proper Dih. Per. Imp. Dih.          LJ-14
    7.55823e+03    1.91189e+04    2.40225e+04    1.13829e+03    8.89139e+03
     Coulomb-14        LJ (SR)  Disper. corr.   Coulomb (SR)   Coul. recip.
    1.03197e+05    5.02296e+05   -3.11211e+04   -4.16843e+06    2.34449e+04
      Potential    Kinetic En.   Total Energy  Conserved En.    Temperature
   -3.50988e+06    6.38082e+05   -2.87180e+06   -2.18822e+06    2.99250e+02
 Pres. DC (bar) Pressure (bar)   Constr. rmsd
   -2.01573e+02   -1.30310e+02    0.00000e+00

Writing checkpoint, step 18006700 at Tue Sep 29 14:27:39 2026


           Step           Time
       18050000    36100.00000

   Energies (kJ/mol)
           Bond          Angle    Proper Dih. Per. Imp. Dih.          LJ-14
    7.46044e+03    1.89647e+04    2.42553e+04    1.24031e+03    8.99130e+03
     Coulomb-14        LJ (SR)  Disper. corr.   Coulomb (SR)   Coul. recip.
    1.02968e+05    5.05450e+05   -3.11815e+04   -4.17397e+06    2.35775e+04
      Potential    Kinetic En.   Total Energy  Conserved En.    Temperature
   -3.51225e+06    6.38449e+05   -2.87380e+06   -2.18652e+06    2.99423e+02
 Pres. DC (bar) Pressure (bar)   Constr. rmsd
   -2.02356e+02    2.43351e+00    0.00000e+00

           Step           Time
       18100000    36200.00000

   Energies (kJ/mol)
           Bond          Angle    Proper Dih. Per. Imp. Dih.          LJ-14
    7.27316e+03    1.91314e+04    2.40124e+04    1.11832e+03    8.85439e+03
     Coulomb-14        LJ (SR)  Disper. corr.   Coulomb (SR)   Coul. recip.
    1.03177e+05    5.05237e+05   -3.11750e+04   -4.17479e+06    2.34577e+04
      Potential    Kinetic En.   Total Energy  Conserved En.    Temperature
   -3.51370e+06    6.38895e+05   -2.87481e+06   -2.18435e+06    2.99632e+02
 Pres. DC (bar) Pressure (bar)   Constr. rmsd
   -2.02271e+02   -5.03602e+01    0.00000e+00

           Step           Time
       18150000    36300.00000

   Energies (kJ/mol)
           Bond          Angle    Proper Dih. Per. Imp. Dih.          LJ-14
    7.14406e+03    1.94730e+04    2.40402e+04    1.18476e+03    8.92672e+03
     Coulomb-14        LJ (SR)  Disper. corr.   Coulomb (SR)   Coul. recip.
    1.02849e+05    5.06871e+05   -3.12325e+04   -4.17531e+06    2.36288e+04
      Potential    Kinetic En.   Total Energy  Conserved En.    Temperature
   -3.51243e+06    6.40847e+05   -2.87158e+06   -2.18307e+06    3.00547e+02
 Pres. DC (bar) Pressure (bar)   Constr. rmsd
   -2.03018e+02    7.46188e+01    0.00000e+00

           Step           Time
       18200000    36400.00000

   Energies (kJ/mol)
           Bond          Angle    Proper Dih. Per. Imp. Dih.          LJ-14
    7.37617e+03    1.95950e+04    2.40134e+04    1.14116e+03    8.78710e+03
     Coulomb-14        LJ (SR)  Disper. corr.   Coulomb (SR)   Coul. recip.
    1.02941e+05    5.06404e+05   -3.11855e+04   -4.17517e+06    2.37123e+04
      Potential    Kinetic En.   Total Energy  Conserved En.    Temperature
   -3.51238e+06    6.38661e+05   -2.87372e+06   -2.18056e+06    2.99522e+02
 Pres. DC (bar) Pressure (bar)   Constr. rmsd
   -2.02407e+02   -2.91727e+01    0.00000e+00

           Step           Time
       18250000    36500.00000

   Energies (kJ/mol)
           Bond          Angle    Proper Dih. Per. Imp. Dih.          LJ-14
    7.31233e+03    1.93509e+04    2.41465e+04    1.18013e+03    8.94159e+03
     Coulomb-14        LJ (SR)  Disper. corr.   Coulomb (SR)   Coul. recip.
    1.02857e+05    5.04174e+05   -3.11564e+04   -4.17205e+06    2.36822e+04
      Potential    Kinetic En.   Total Energy  Conserved En.    Temperature
   -3.51156e+06    6.39314e+05   -2.87225e+06   -2.17855e+06    2.99828e+02
 Pres. DC (bar) Pressure (bar)   Constr. rmsd
   -2.02030e+02   -8.44407e+01    0.00000e+00

           Step           Time
       18300000    36600.00000

   Energies (kJ/mol)
           Bond          Angle    Proper Dih. Per. Imp. Dih.          LJ-14
    7.26523e+03    1.92767e+04    2.40759e+04    1.20216e+03    8.88436e+03
     Coulomb-14        LJ (SR)  Disper. corr.   Coulomb (SR)   Coul. recip.
    1.02993e+05    5.08394e+05   -3.13254e+04   -4.17809e+06    2.33157e+04
      Potential    Kinetic En.   Total Energy  Conserved En.    Temperature
   -3.51401e+06    6.39460e+05   -2.87454e+06   -2.17668e+06    2.99897e+02
 Pres. DC (bar) Pressure (bar)   Constr. rmsd
   -2.04225e+02    8.25998e+01    0.00000e+00

Writing checkpoint, step 18348000 at Tue Sep 29 14:42:39 2026


           Step           Time
       18350000    36700.00000

   Energies (kJ/mol)
           Bond          Angle    Proper Dih. Per. Imp. Dih.          LJ-14
    7.44906e+03    1.92990e+04    2.43323e+04    1.18629e+03    8.80414e+03
     Coulomb-14        LJ (SR)  Disper. corr.   Coulomb (SR)   Coul. recip.
    1.03245e+05    5.06421e+05   -3.12262e+04   -4.17631e+06    2.36685e+04
      Potential    Kinetic En.   Total Energy  Conserved En.    Temperature
   -3.51313e+06    6.40737e+05   -2.87239e+06   -2.17443e+06    3.00495e+02
 Pres. DC (bar) Pressure (bar)   Constr. rmsd
   -2.02936e+02   -8.56734e+00    0.00000e+00

           Step           Time
       18400000    36800.00000

   Energies (kJ/mol)
           Bond          Angle    Proper Dih. Per. Imp. Dih.          LJ-14
    7.21433e+03    1.90479e+04    2.40550e+04    1.16784e+03    8.92036e+03
     Coulomb-14        LJ (SR)  Disper. corr.   Coulomb (SR)   Coul. recip.
    1.03656e+05    5.06688e+05   -3.12030e+04   -4.17697e+06    2.36965e+04
      Potential    Kinetic En.   Total Energy  Conserved En.    Temperature
   -3.51373e+06    6.39592e+05   -2.87414e+06   -2.17231e+06    2.99959e+02
 Pres. DC (bar) Pressure (bar)   Constr. rmsd
   -2.02634e+02   -2.25375e+01    0.00000e+00

           Step           Time
       18450000    36900.00000

   Energies (kJ/mol)
           Bond          Angle    Proper Dih. Per. Imp. Dih.          LJ-14
    7.35741e+03    1.94571e+04    2.39715e+04    1.08923e+03    8.83546e+03
     Coulomb-14        LJ (SR)  Disper. corr.   Coulomb (SR)   Coul. recip.
    1.03200e+05    5.06881e+05   -3.12716e+04   -4.17873e+06    2.34104e+04
      Potential    Kinetic En.   Total Energy  Conserved En.    Temperature
   -3.51580e+06    6.39050e+05   -2.87675e+06   -2.17035e+06    2.99704e+02
 Pres. DC (bar) Pressure (bar)   Constr. rmsd
   -2.03526e+02    2.01883e+01    0.00000e+00

           Step           Time
       18500000    37000.00000

   Energies (kJ/mol)
           Bond          Angle    Proper Dih. Per. Imp. Dih.          LJ-14
    7.28216e+03    1.89788e+04    2.41853e+04    1.12686e+03    8.88344e+03
     Coulomb-14        LJ (SR)  Disper. corr.   Coulomb (SR)   Coul. recip.
    1.03927e+05    5.07450e+05   -3.11423e+04   -4.17938e+06    2.37042e+04
      Potential    Kinetic En.   Total Energy  Conserved En.    Temperature
   -3.51498e+06    6.37169e+05   -2.87781e+06   -2.16796e+06    2.98822e+02
 Pres. DC (bar) Pressure (bar)   Constr. rmsd
   -2.01848e+02   -4.42788e+01    0.00000e+00

           Step           Time
       18550000    37100.00000

   Energies (kJ/mol)
           Bond          Angle    Proper Dih. Per. Imp. Dih.          LJ-14
    7.54754e+03    1.93782e+04    2.40444e+04    1.20392e+03    8.96233e+03
     Coulomb-14        LJ (SR)  Disper. corr.   Coulomb (SR)   Coul. recip.
    1.03026e+05    5.09828e+05   -3.12341e+04   -4.17859e+06    2.36813e+04
      Potential    Kinetic En.   Total Energy  Conserved En.    Temperature
   -3.51216e+06    6.41462e+05   -2.87069e+06   -2.16597e+06    3.00836e+02
 Pres. DC (bar) Pressure (bar)   Constr. rmsd
   -2.03038e+02    1.17788e+02    0.00000e+00

           Step           Time
       18600000    37200.00000

   Energies (kJ/mol)
           Bond          Angle    Proper Dih. Per. Imp. Dih.          LJ-14
    7.36060e+03    1.93092e+04    2.43044e+04    1.22823e+03    8.75659e+03
     Coulomb-14        LJ (SR)  Disper. corr.   Coulomb (SR)   Coul. recip.
    1.02731e+05    5.08250e+05   -3.12061e+04   -4.17982e+06    2.37031e+04
      Potential    Kinetic En.   Total Energy  Conserved En.    Temperature
   -3.51538e+06    6.39637e+05   -2.87574e+06   -2.16457e+06    2.99980e+02
 Pres. DC (bar) Pressure (bar)   Constr. rmsd
   -2.02676e+02   -3.65210e+01    0.00000e+00

           Step           Time
       18650000    37300.00000

   Energies (kJ/mol)
           Bond          Angle    Proper Dih. Per. Imp. Dih.          LJ-14
    7.40491e+03    1.88298e+04    2.41574e+04    1.16941e+03    8.69028e+03
     Coulomb-14        LJ (SR)  Disper. corr.   Coulomb (SR)   Coul. recip.
    1.02659e+05    5.04812e+05   -3.13216e+04   -4.17652e+06    2.34455e+04
      Potential    Kinetic En.   Total Energy  Conserved En.    Temperature
   -3.51668e+06    6.37953e+05   -2.87872e+06   -2.16246e+06    2.99190e+02
 Pres. DC (bar) Pressure (bar)   Constr. rmsd
   -2.04176e+02   -2.45532e+01    0.00000e+00

Writing checkpoint, step 18688600 at Tue Sep 29 14:57:39 2026


           Step           Time
       18700000    37400.00000

   Energies (kJ/mol)
           Bond          Angle    Proper Dih. Per. Imp. Dih.          LJ-14
    7.19323e+03    1.87389e+04    2.43159e+04    1.13582e+03    8.92442e+03
     Coulomb-14        LJ (SR)  Disper. corr.   Coulomb (SR)   Coul. recip.
    1.02892e+05    5.07616e+05   -3.12658e+04   -4.17805e+06    2.34882e+04
      Potential    Kinetic En.   Total Energy  Conserved En.    Temperature
   -3.51502e+06    6.38015e+05   -2.87700e+06   -2.16051e+06    2.99219e+02
 Pres. DC (bar) Pressure (bar)   Constr. rmsd
   -2.03451e+02    3.80462e+01    0.00000e+00

           Step           Time
       18750000    37500.00000

   Energies (kJ/mol)
           Bond          Angle    Proper Dih. Per. Imp. Dih.          LJ-14
    7.44981e+03    1.89347e+04    2.42248e+04    1.17580e+03    8.96633e+03
     Coulomb-14        LJ (SR)  Disper. corr.   Coulomb (SR)   Coul. recip.
    1.03347e+05    5.08124e+05   -3.12568e+04   -4.17686e+06    2.35780e+04
      Potential    Kinetic En.   Total Energy  Conserved En.    Temperature
   -3.51232e+06    6.38545e+05   -2.87377e+06   -2.15827e+06    2.99467e+02
 Pres. DC (bar) Pressure (bar)   Constr. rmsd
   -2.03333e+02    7.07994e+01    0.00000e+00

           Step           Time
       18800000    37600.00000

   Energies (kJ/mol)
           Bond          Angle    Proper Dih. Per. Imp. Dih.          LJ-14
    7.26159e+03    1.91036e+04    2.41924e+04    1.19225e+03    8.96268e+03
     Coulomb-14        LJ (SR)  Disper. corr.   Coulomb (SR)   Coul. recip.
    1.03243e+05    5.06924e+05   -3.11389e+04   -4.17409e+06    2.35456e+04
      Potential    Kinetic En.   Total Energy  Conserved En.    Temperature
   -3.51080e+06    6.38183e+05   -2.87262e+06   -2.15657e+06    2.99298e+02
 Pres. DC (bar) Pressure (bar)   Constr. rmsd
   -2.01804e+02    2.29177e+01    0.00000e+00

           Step           Time
       18850000    37700.00000

   Energies (kJ/mol)
           Bond          Angle    Proper Dih. Per. Imp. Dih.          LJ-14
    7.27214e+03    1.91886e+04    2.43321e+04    1.18747e+03    8.87412e+03
     Coulomb-14        LJ (SR)  Disper. corr.   Coulomb (SR)   Coul. recip.
    1.02863e+05    5.11298e+05   -3.11919e+04   -4.18530e+06    2.35067e+04
      Potential    Kinetic En.   Total Energy  Conserved En.    Temperature
   -3.51797e+06    6.41146e+05   -2.87682e+06   -2.15487e+06    3.00687e+02
 Pres. DC (bar) Pressure (bar)   Constr. rmsd
   -2.02491e+02    7.17954e+01    0.00000e+00

           Step           Time
       18900000    37800.00000

   Energies (kJ/mol)
           Bond          Angle    Proper Dih. Per. Imp. Dih.          LJ-14
    7.34479e+03    1.95676e+04    2.39598e+04    1.19050e+03    8.90897e+03
     Coulomb-14        LJ (SR)  Disper. corr.   Coulomb (SR)   Coul. recip.
    1.02506e+05    5.05135e+05   -3.11782e+04   -4.17356e+06    2.34950e+04
      Potential    Kinetic En.   Total Energy  Conserved En.    Temperature
   -3.51263e+06    6.38566e+05   -2.87406e+06   -2.15315e+06    2.99477e+02
 Pres. DC (bar) Pressure (bar)   Constr. rmsd
   -2.02314e+02   -5.50657e+01    0.00000e+00

           Step           Time
       18950000    37900.00000

   Energies (kJ/mol)
           Bond          Angle    Proper Dih. Per. Imp. Dih.          LJ-14
    7.23429e+03    1.92555e+04    2.42658e+04    1.17577e+03    8.85549e+03
     Coulomb-14        LJ (SR)  Disper. corr.   Coulomb (SR)   Coul. recip.
    1.02904e+05    5.08313e+05   -3.12153e+04   -4.17797e+06    2.36126e+04
      Potential    Kinetic En.   Total Energy  Conserved En.    Temperature
   -3.51357e+06    6.39111e+05   -2.87446e+06   -2.15152e+06    2.99733e+02
 Pres. DC (bar) Pressure (bar)   Constr. rmsd
   -2.02795e+02    2.65722e+01    0.00000e+00

           Step           Time
       19000000    38000.00000

   Energies (kJ/mol)
           Bond          Angle    Proper Dih. Per. Imp. Dih.          LJ-14
    7.30340e+03    1.95166e+04    2.42487e+04    1.14556e+03    8.85462e+03
     Coulomb-14        LJ (SR)  Disper. corr.   Coulomb (SR)   Coul. recip.
    1.03092e+05    5.04626e+05   -3.11557e+04   -4.17283e+06    2.35799e+04
      Potential    Kinetic En.   Total Energy  Conserved En.    Temperature
   -3.51162e+06    6.39246e+05   -2.87237e+06   -2.14994e+06    2.99796e+02
 Pres. DC (bar) Pressure (bar)   Constr. rmsd
   -2.02022e+02   -3.87140e+01    0.00000e+00

Writing checkpoint, step 19029600 at Tue Sep 29 15:12:39 2026


           Step           Time
       19050000    38100.00000

   Energies (kJ/mol)
           Bond          Angle    Proper Dih. Per. Imp. Dih.          LJ-14
    7.58272e+03    1.93587e+04    2.39995e+04    1.12896e+03    8.93133e+03
     Coulomb-14        LJ (SR)  Disper. corr.   Coulomb (SR)   Coul. recip.
    1.03013e+05    5.05659e+05   -3.12374e+04   -4.17202e+06    2.37740e+04
      Potential    Kinetic En.   Total Energy  Conserved En.    Temperature
   -3.50981e+06    6.38748e+05   -2.87106e+06   -2.14799e+06    2.99563e+02
 Pres. DC (bar) Pressure (bar)   Constr. rmsd
   -2.03081e+02    3.19641e+01    0.00000e+00

           Step           Time
       19100000    38200.00000

   Energies (kJ/mol)
           Bond          Angle    Proper Dih. Per. Imp. Dih.          LJ-14
    7.36654e+03    1.92840e+04    2.41006e+04    1.12086e+03    8.80781e+03
     Coulomb-14        LJ (SR)  Disper. corr.   Coulomb (SR)   Coul. recip.
    1.03058e+05    5.05581e+05   -3.11294e+04   -4.17625e+06    2.33927e+04
      Potential    Kinetic En.   Total Energy  Conserved En.    Temperature
   -3.51466e+06    6.38466e+05   -2.87620e+06   -2.14605e+06    2.99431e+02
 Pres. DC (bar) Pressure (bar)   Constr. rmsd
   -2.01681e+02   -6.35360e+01    0.00000e+00

           Step           Time
       19150000    38300.00000

   Energies (kJ/mol)
           Bond          Angle    Proper Dih. Per. Imp. Dih.          LJ-14
    7.08032e+03    1.94113e+04    2.40997e+04    1.14931e+03    8.96372e+03
     Coulomb-14        LJ (SR)  Disper. corr.   Coulomb (SR)   Coul. recip.
    1.03396e+05    5.06907e+05   -3.12697e+04   -4.17745e+06    2.35198e+04
      Potential    Kinetic En.   Total Energy  Conserved En.    Temperature
   -3.51420e+06    6.38167e+05   -2.87603e+06   -2.14388e+06    2.99290e+02
 Pres. DC (bar) Pressure (bar)   Constr. rmsd
   -2.03501e+02    5.39972e+01    0.00000e+00

           Step           Time
       19200000    38400.00000

   Energies (kJ/mol)
           Bond          Angle    Proper Dih. Per. Imp. Dih.          LJ-14
    7.34599e+03    1.91061e+04    2.40480e+04    1.16721e+03    8.95555e+03
     Coulomb-14        LJ (SR)  Disper. corr.   Coulomb (SR)   Coul. recip.
    1.03434e+05    5.08990e+05   -3.12841e+04   -4.17975e+06    2.35886e+04
      Potential    Kinetic En.   Total Energy  Conserved En.    Temperature
   -3.51440e+06    6.39698e+05   -2.87471e+06   -2.14228e+06    3.00008e+02
 Pres. DC (bar) Pressure (bar)   Constr. rmsd
   -2.03688e+02    1.01590e+02    0.00000e+00

           Step           Time
       19250000    38500.00000

   Energies (kJ/mol)
           Bond          Angle    Proper Dih. Per. Imp. Dih.          LJ-14
    6.98861e+03    1.93242e+04    2.43303e+04    1.15931e+03    8.89133e+03
     Coulomb-14        LJ (SR)  Disper. corr.   Coulomb (SR)   Coul. recip.
    1.03275e+05    5.07550e+05   -3.12530e+04   -4.17920e+06    2.35974e+04
      Potential    Kinetic En.   Total Energy  Conserved En.    Temperature
   -3.51534e+06    6.39766e+05   -2.87557e+06   -2.14033e+06    3.00040e+02
 Pres. DC (bar) Pressure (bar)   Constr. rmsd
   -2.03285e+02    7.20101e+01    0.00000e+00

           Step           Time
       19300000    38600.00000

   Energies (kJ/mol)
           Bond          Angle    Proper Dih. Per. Imp. Dih.          LJ-14
    7.17516e+03    1.94895e+04    2.42283e+04    1.21149e+03    8.90431e+03
     Coulomb-14        LJ (SR)  Disper. corr.   Coulomb (SR)   Coul. recip.
    1.03465e+05    5.08689e+05   -3.10846e+04   -4.17810e+06    2.36633e+04
      Potential    Kinetic En.   Total Energy  Conserved En.    Temperature
   -3.51236e+06    6.40822e+05   -2.87154e+06   -2.13861e+06    3.00535e+02
 Pres. DC (bar) Pressure (bar)   Constr. rmsd
   -2.01101e+02   -3.28912e+00    0.00000e+00

           Step           Time
       19350000    38700.00000

   Energies (kJ/mol)
           Bond          Angle    Proper Dih. Per. Imp. Dih.          LJ-14
    7.36563e+03    1.92668e+04    2.42188e+04    1.27918e+03    8.82282e+03
     Coulomb-14        LJ (SR)  Disper. corr.   Coulomb (SR)   Coul. recip.
    1.03246e+05    5.07236e+05   -3.12055e+04   -4.17833e+06    2.37141e+04
      Potential    Kinetic En.   Total Energy  Conserved En.    Temperature
   -3.51438e+06    6.40780e+05   -2.87361e+06   -2.13661e+06    3.00515e+02
 Pres. DC (bar) Pressure (bar)   Constr. rmsd
   -2.02668e+02   -3.34003e-01    0.00000e+00

Writing checkpoint, step 19370500 at Tue Sep 29 15:27:39 2026


           Step           Time
       19400000    38800.00000

   Energies (kJ/mol)
           Bond          Angle    Proper Dih. Per. Imp. Dih.          LJ-14
    7.53435e+03    1.95279e+04    2.41742e+04    1.22846e+03    8.85174e+03
     Coulomb-14        LJ (SR)  Disper. corr.   Coulomb (SR)   Coul. recip.
    1.03107e+05    5.05446e+05   -3.12142e+04   -4.17470e+06    2.36059e+04
      Potential    Kinetic En.   Total Energy  Conserved En.    Temperature
   -3.51244e+06    6.40855e+05   -2.87158e+06   -2.13511e+06    3.00551e+02
 Pres. DC (bar) Pressure (bar)   Constr. rmsd
   -2.02780e+02   -2.50464e+01    0.00000e+00

           Step           Time
       19450000    38900.00000

   Energies (kJ/mol)
           Bond          Angle    Proper Dih. Per. Imp. Dih.          LJ-14
    7.39484e+03    1.93332e+04    2.41853e+04    1.14936e+03    8.82460e+03
     Coulomb-14        LJ (SR)  Disper. corr.   Coulomb (SR)   Coul. recip.
    1.03420e+05    5.07180e+05   -3.11494e+04   -4.17922e+06    2.35928e+04
      Potential    Kinetic En.   Total Energy  Conserved En.    Temperature
   -3.51529e+06    6.39123e+05   -2.87617e+06   -2.13340e+06    2.99738e+02
 Pres. DC (bar) Pressure (bar)   Constr. rmsd
   -2.01940e+02   -8.01685e+01    0.00000e+00

           Step           Time
       19500000    39000.00000

   Energies (kJ/mol)
           Bond          Angle    Proper Dih. Per. Imp. Dih.          LJ-14
    7.29864e+03    1.93538e+04    2.41991e+04    1.22737e+03    8.95799e+03
     Coulomb-14        LJ (SR)  Disper. corr.   Coulomb (SR)   Coul. recip.
    1.03544e+05    5.06884e+05   -3.11874e+04   -4.17707e+06    2.36464e+04
      Potential    Kinetic En.   Total Energy  Conserved En.    Temperature
   -3.51314e+06    6.38666e+05   -2.87448e+06   -2.13160e+06    2.99524e+02
 Pres. DC (bar) Pressure (bar)   Constr. rmsd
   -2.02433e+02    8.74466e-01    0.00000e+00

           Step           Time
       19550000    39100.00000

   Energies (kJ/mol)
           Bond          Angle    Proper Dih. Per. Imp. Dih.          LJ-14
    7.16483e+03    1.96635e+04    2.41904e+04    1.19857e+03    8.82561e+03
     Coulomb-14        LJ (SR)  Disper. corr.   Coulomb (SR)   Coul. recip.
    1.02880e+05    5.06170e+05   -3.12657e+04   -4.17723e+06    2.35947e+04
      Potential    Kinetic En.   Total Energy  Conserved En.    Temperature
   -3.51481e+06    6.40156e+05   -2.87465e+06   -2.12910e+06    3.00223e+02
 Pres. DC (bar) Pressure (bar)   Constr. rmsd
   -2.03449e+02    3.70017e+01    0.00000e+00

           Step           Time
       19600000    39200.00000

   Energies (kJ/mol)
           Bond          Angle    Proper Dih. Per. Imp. Dih.          LJ-14
    7.36487e+03    1.89305e+04    2.39471e+04    1.21577e+03    8.92590e+03
     Coulomb-14        LJ (SR)  Disper. corr.   Coulomb (SR)   Coul. recip.
    1.03429e+05    5.07707e+05   -3.12853e+04   -4.18101e+06    2.37128e+04
      Potential    Kinetic En.   Total Energy  Conserved En.    Temperature
   -3.51706e+06    6.39436e+05   -2.87763e+06   -2.12760e+06    2.99885e+02
 Pres. DC (bar) Pressure (bar)   Constr. rmsd
   -2.03704e+02    2.65126e+01    0.00000e+00

           Step           Time
       19650000    39300.00000

   Energies (kJ/mol)
           Bond          Angle    Proper Dih. Per. Imp. Dih.          LJ-14
    7.18301e+03    1.92539e+04    2.42073e+04    1.21934e+03    9.01733e+03
     Coulomb-14        LJ (SR)  Disper. corr.   Coulomb (SR)   Coul. recip.
    1.03397e+05    5.05498e+05   -3.12485e+04   -4.17599e+06    2.37042e+04
      Potential    Kinetic En.   Total Energy  Conserved En.    Temperature
   -3.51376e+06    6.40356e+05   -2.87340e+06   -2.12570e+06    3.00317e+02
 Pres. DC (bar) Pressure (bar)   Constr. rmsd
   -2.03226e+02    1.53268e+01    0.00000e+00

           Step           Time
       19700000    39400.00000

   Energies (kJ/mol)
           Bond          Angle    Proper Dih. Per. Imp. Dih.          LJ-14
    7.42895e+03    1.91755e+04    2.41453e+04    1.21935e+03    8.92889e+03
     Coulomb-14        LJ (SR)  Disper. corr.   Coulomb (SR)   Coul. recip.
    1.03511e+05    5.05476e+05   -3.11528e+04   -4.17345e+06    2.39099e+04
      Potential    Kinetic En.   Total Energy  Conserved En.    Temperature
   -3.51081e+06    6.38440e+05   -2.87237e+06   -2.12392e+06    2.99418e+02
 Pres. DC (bar) Pressure (bar)   Constr. rmsd
   -2.01983e+02   -5.06611e+01    0.00000e+00

Writing checkpoint, step 19711300 at Tue Sep 29 15:42:39 2026


           Step           Time
       19750000    39500.00000

   Energies (kJ/mol)
           Bond          Angle    Proper Dih. Per. Imp. Dih.          LJ-14
    7.21001e+03    1.89243e+04    2.39883e+04    1.16236e+03    8.78193e+03
     Coulomb-14        LJ (SR)  Disper. corr.   Coulomb (SR)   Coul. recip.
    1.03541e+05    5.06976e+05   -3.11246e+04   -4.17848e+06    2.36404e+04
      Potential    Kinetic En.   Total Energy  Conserved En.    Temperature
   -3.51538e+06    6.35062e+05   -2.88031e+06   -2.12159e+06    2.97834e+02
 Pres. DC (bar) Pressure (bar)   Constr. rmsd
   -2.01619e+02   -8.51274e+01    0.00000e+00

           Step           Time
       19800000    39600.00000

   Energies (kJ/mol)
           Bond          Angle    Proper Dih. Per. Imp. Dih.          LJ-14
    7.18211e+03    1.90310e+04    2.39951e+04    1.13003e+03    8.93357e+03
     Coulomb-14        LJ (SR)  Disper. corr.   Coulomb (SR)   Coul. recip.
    1.03473e+05    5.06695e+05   -3.12841e+04   -4.17971e+06    2.35921e+04
      Potential    Kinetic En.   Total Energy  Conserved En.    Temperature
   -3.51696e+06    6.38816e+05   -2.87815e+06   -2.11980e+06    2.99594e+02
 Pres. DC (bar) Pressure (bar)   Constr. rmsd
   -2.03688e+02    3.68634e+01    0.00000e+00

           Step           Time
       19850000    39700.00000

   Energies (kJ/mol)
           Bond          Angle    Proper Dih. Per. Imp. Dih.          LJ-14
    7.28270e+03    1.91847e+04    2.42486e+04    1.18732e+03    8.71707e+03
     Coulomb-14        LJ (SR)  Disper. corr.   Coulomb (SR)   Coul. recip.
    1.03509e+05    5.08329e+05   -3.10677e+04   -4.17822e+06    2.36944e+04
      Potential    Kinetic En.   Total Energy  Conserved En.    Temperature
   -3.51313e+06    6.40458e+05   -2.87267e+06   -2.11800e+06    3.00365e+02
 Pres. DC (bar) Pressure (bar)   Constr. rmsd
   -2.00884e+02   -6.56096e+01    0.00000e+00

           Step           Time
       19900000    39800.00000

   Energies (kJ/mol)
           Bond          Angle    Proper Dih. Per. Imp. Dih.          LJ-14
    7.30121e+03    1.94054e+04    2.41788e+04    1.10963e+03    8.92731e+03
     Coulomb-14        LJ (SR)  Disper. corr.   Coulomb (SR)   Coul. recip.
    1.03635e+05    5.06654e+05   -3.11598e+04   -4.17521e+06    2.38605e+04
      Potential    Kinetic En.   Total Energy  Conserved En.    Temperature
   -3.51130e+06    6.38577e+05   -2.87272e+06   -2.11570e+06    2.99483e+02
 Pres. DC (bar) Pressure (bar)   Constr. rmsd
   -2.02075e+02   -1.63638e+01    0.00000e+00

           Step           Time
       19950000    39900.00000

   Energies (kJ/mol)
           Bond          Angle    Proper Dih. Per. Imp. Dih.          LJ-14
    7.23622e+03    1.92244e+04    2.40644e+04    1.13474e+03    8.78983e+03
     Coulomb-14        LJ (SR)  Disper. corr.   Coulomb (SR)   Coul. recip.
    1.03260e+05    5.07078e+05   -3.12930e+04   -4.18276e+06    2.34539e+04
      Potential    Kinetic En.   Total Energy  Conserved En.    Temperature
   -3.51981e+06    6.40128e+05   -2.87968e+06   -2.11399e+06    3.00210e+02
 Pres. DC (bar) Pressure (bar)   Constr. rmsd
   -2.03804e+02    1.94360e+01    0.00000e+00

           Step           Time
       20000000    40000.00000

   Energies (kJ/mol)
           Bond          Angle    Proper Dih. Per. Imp. Dih.          LJ-14
    7.32090e+03    1.91978e+04    2.41352e+04    1.10538e+03    8.79860e+03
     Coulomb-14        LJ (SR)  Disper. corr.   Coulomb (SR)   Coul. recip.
    1.03657e+05    5.06768e+05   -3.12099e+04   -4.17897e+06    2.36220e+04
      Potential    Kinetic En.   Total Energy  Conserved En.    Temperature
   -3.51558e+06    6.39293e+05   -2.87628e+06   -2.11186e+06    2.99818e+02
 Pres. DC (bar) Pressure (bar)   Constr. rmsd
   -2.02724e+02   -5.44879e+01    0.00000e+00

Writing checkpoint, step 20025400 at Tue Sep 29 15:57:39 2026


           Step           Time
       20050000    40100.00000

   Energies (kJ/mol)
           Bond          Angle    Proper Dih. Per. Imp. Dih.          LJ-14
    7.20306e+03    1.98171e+04    2.40647e+04    1.15299e+03    8.90529e+03
     Coulomb-14        LJ (SR)  Disper. corr.   Coulomb (SR)   Coul. recip.
    1.03234e+05    5.04964e+05   -3.11613e+04   -4.17312e+06    2.35170e+04
      Potential    Kinetic En.   Total Energy  Conserved En.    Temperature
   -3.51142e+06    6.42252e+05   -2.86917e+06   -2.10932e+06    3.01206e+02
 Pres. DC (bar) Pressure (bar)   Constr. rmsd
   -2.02095e+02   -8.93080e+00    0.00000e+00

           Step           Time
       20100000    40200.00000

   Energies (kJ/mol)
           Bond          Angle    Proper Dih. Per. Imp. Dih.          LJ-14
    7.37921e+03    1.98292e+04    2.42457e+04    1.27173e+03    8.88934e+03
     Coulomb-14        LJ (SR)  Disper. corr.   Coulomb (SR)   Coul. recip.
    1.03560e+05    5.05965e+05   -3.12147e+04   -4.17250e+06    2.37038e+04
      Potential    Kinetic En.   Total Energy  Conserved En.    Temperature
   -3.50887e+06    6.40376e+05   -2.86849e+06   -2.10773e+06    3.00326e+02
 Pres. DC (bar) Pressure (bar)   Constr. rmsd
   -2.02786e+02    3.44935e+01    0.00000e+00

           Step           Time
       20150000    40300.00000

   Energies (kJ/mol)
           Bond          Angle    Proper Dih. Per. Imp. Dih.          LJ-14
    7.17609e+03    1.93715e+04    2.41951e+04    1.15803e+03    8.79375e+03
     Coulomb-14        LJ (SR)  Disper. corr.   Coulomb (SR)   Coul. recip.
    1.03282e+05    5.07545e+05   -3.12278e+04   -4.17654e+06    2.37818e+04
      Potential    Kinetic En.   Total Energy  Conserved En.    Temperature
   -3.51246e+06    6.38664e+05   -2.87380e+06   -2.10583e+06    2.99523e+02
 Pres. DC (bar) Pressure (bar)   Constr. rmsd
   -2.02956e+02    1.93649e+01    0.00000e+00

           Step           Time
       20200000    40400.00000

   Energies (kJ/mol)
           Bond          Angle    Proper Dih. Per. Imp. Dih.          LJ-14
    7.10983e+03    1.94140e+04    2.40736e+04    1.23573e+03    8.83530e+03
     Coulomb-14        LJ (SR)  Disper. corr.   Coulomb (SR)   Coul. recip.
    1.03491e+05    5.09184e+05   -3.12579e+04   -4.18286e+06    2.35742e+04
      Potential    Kinetic En.   Total Energy  Conserved En.    Temperature
   -3.51720e+06    6.38673e+05   -2.87853e+06   -2.10384e+06    2.99527e+02
 Pres. DC (bar) Pressure (bar)   Constr. rmsd
   -2.03347e+02    7.50147e+01    0.00000e+00

           Step           Time
       20250000    40500.00000

   Energies (kJ/mol)
           Bond          Angle    Proper Dih. Per. Imp. Dih.          LJ-14
    7.26172e+03    1.92675e+04    2.42831e+04    1.24051e+03    8.85915e+03
     Coulomb-14        LJ (SR)  Disper. corr.   Coulomb (SR)   Coul. recip.
    1.03491e+05    5.04591e+05   -3.11677e+04   -4.17326e+06    2.37172e+04
      Potential    Kinetic En.   Total Energy  Conserved En.    Temperature
   -3.51172e+06    6.38872e+05   -2.87285e+06   -2.10225e+06    2.99621e+02
 Pres. DC (bar) Pressure (bar)   Constr. rmsd
   -2.02177e+02   -4.63741e+01    0.00000e+00

           Step           Time
       20300000    40600.00000

   Energies (kJ/mol)
           Bond          Angle    Proper Dih. Per. Imp. Dih.          LJ-14
    7.19681e+03    1.93748e+04    2.41531e+04    1.14015e+03    9.03874e+03
     Coulomb-14        LJ (SR)  Disper. corr.   Coulomb (SR)   Coul. recip.
    1.03448e+05    5.02074e+05   -3.11448e+04   -4.16927e+06    2.36899e+04
      Potential    Kinetic En.   Total Energy  Conserved En.    Temperature
   -3.51030e+06    6.41252e+05   -2.86905e+06   -2.10026e+06    3.00737e+02
 Pres. DC (bar) Pressure (bar)   Constr. rmsd
   -2.01881e+02   -6.69366e+01    0.00000e+00

           Step           Time
       20350000    40700.00000

   Energies (kJ/mol)
           Bond          Angle    Proper Dih. Per. Imp. Dih.          LJ-14
    7.28125e+03    1.90872e+04    2.41012e+04    1.19034e+03    8.79384e+03
     Coulomb-14        LJ (SR)  Disper. corr.   Coulomb (SR)   Coul. recip.
    1.03729e+05    5.07027e+05   -3.11751e+04   -4.17843e+06    2.35667e+04
      Potential    Kinetic En.   Total Energy  Conserved En.    Temperature
   -3.51483e+06    6.38014e+05   -2.87681e+06   -2.09841e+06    2.99218e+02
 Pres. DC (bar) Pressure (bar)   Constr. rmsd
   -2.02273e+02   -5.29196e+01    0.00000e+00

Writing checkpoint, step 20370300 at Tue Sep 29 16:12:39 2026


           Step           Time
       20400000    40800.00000

   Energies (kJ/mol)
           Bond          Angle    Proper Dih. Per. Imp. Dih.          LJ-14
    7.34773e+03    1.96656e+04    2.42672e+04    1.16841e+03    8.75224e+03
     Coulomb-14        LJ (SR)  Disper. corr.   Coulomb (SR)   Coul. recip.
    1.02795e+05    5.05784e+05   -3.11554e+04   -4.17578e+06    2.33882e+04
      Potential    Kinetic En.   Total Energy  Conserved En.    Temperature
   -3.51377e+06    6.40071e+05   -2.87370e+06   -2.09659e+06    3.00183e+02
 Pres. DC (bar) Pressure (bar)   Constr. rmsd
   -2.02018e+02   -4.24442e+01    0.00000e+00

           Step           Time
       20450000    40900.00000

   Energies (kJ/mol)
           Bond          Angle    Proper Dih. Per. Imp. Dih.          LJ-14
    7.25477e+03    1.96578e+04    2.41334e+04    1.22376e+03    8.70035e+03
     Coulomb-14        LJ (SR)  Disper. corr.   Coulomb (SR)   Coul. recip.
    1.03491e+05    5.08009e+05   -3.12043e+04   -4.17613e+06    2.36222e+04
      Potential    Kinetic En.   Total Energy  Conserved En.    Temperature
   -3.51124e+06    6.39770e+05   -2.87147e+06   -2.09440e+06    3.00042e+02
 Pres. DC (bar) Pressure (bar)   Constr. rmsd
   -2.02651e+02    3.77753e+01    0.00000e+00

           Step           Time
       20500000    41000.00000

   Energies (kJ/mol)
           Bond          Angle    Proper Dih. Per. Imp. Dih.          LJ-14
    7.07500e+03    1.92105e+04    2.40512e+04    1.10853e+03    8.85613e+03
     Coulomb-14        LJ (SR)  Disper. corr.   Coulomb (SR)   Coul. recip.
    1.03553e+05    5.07896e+05   -3.11188e+04   -4.18033e+06    2.34064e+04
      Potential    Kinetic En.   Total Energy  Conserved En.    Temperature
   -3.51629e+06    6.38779e+05   -2.87752e+06   -2.09235e+06    2.99577e+02
 Pres. DC (bar) Pressure (bar)   Constr. rmsd
   -2.01543e+02   -3.06011e+01    0.00000e+00

           Step           Time
       20550000    41100.00000

   Energies (kJ/mol)
           Bond          Angle    Proper Dih. Per. Imp. Dih.          LJ-14
    7.14612e+03    1.90659e+04    2.42017e+04    1.18059e+03    8.91468e+03
     Coulomb-14        LJ (SR)  Disper. corr.   Coulomb (SR)   Coul. recip.
    1.03529e+05    5.09506e+05   -3.12281e+04   -4.17904e+06    2.35367e+04
      Potential    Kinetic En.   Total Energy  Conserved En.    Temperature
   -3.51319e+06    6.38806e+05   -2.87438e+06   -2.09045e+06    2.99590e+02
 Pres. DC (bar) Pressure (bar)   Constr. rmsd
   -2.02961e+02    7.08559e+01    0.00000e+00

           Step           Time
       20600000    41200.00000

   Energies (kJ/mol)
           Bond          Angle    Proper Dih. Per. Imp. Dih.          LJ-14
    7.29874e+03    1.93222e+04    2.42136e+04    1.23019e+03    8.69496e+03
     Coulomb-14        LJ (SR)  Disper. corr.   Coulomb (SR)   Coul. recip.
    1.03014e+05    5.03412e+05   -3.11950e+04   -4.17278e+06    2.33966e+04
      Potential    Kinetic En.   Total Energy  Conserved En.    Temperature
   -3.51339e+06    6.41685e+05   -2.87171e+06   -2.08846e+06    3.00940e+02
 Pres. DC (bar) Pressure (bar)   Constr. rmsd
   -2.02531e+02   -1.24667e+02    0.00000e+00

           Step           Time
       20650000    41300.00000

   Energies (kJ/mol)
           Bond          Angle    Proper Dih. Per. Imp. Dih.          LJ-14
    7.11381e+03    1.91145e+04    2.40246e+04    1.23686e+03    9.01535e+03
     Coulomb-14        LJ (SR)  Disper. corr.   Coulomb (SR)   Coul. recip.
    1.03466e+05    5.03501e+05   -3.11696e+04   -4.17445e+06    2.35846e+04
      Potential    Kinetic En.   Total Energy  Conserved En.    Temperature
   -3.51456e+06    6.39715e+05   -2.87485e+06   -2.08674e+06    3.00016e+02
 Pres. DC (bar) Pressure (bar)   Constr. rmsd
   -2.02202e+02   -7.26356e+01    0.00000e+00

           Step           Time
       20700000    41400.00000

   Energies (kJ/mol)
           Bond          Angle    Proper Dih. Per. Imp. Dih.          LJ-14
    7.20693e+03    1.93712e+04    2.41619e+04    1.17960e+03    8.95325e+03
     Coulomb-14        LJ (SR)  Disper. corr.   Coulomb (SR)   Coul. recip.
    1.03491e+05    5.10574e+05   -3.12973e+04   -4.18174e+06    2.36411e+04
      Potential    Kinetic En.   Total Energy  Conserved En.    Temperature
   -3.51446e+06    6.37992e+05   -2.87646e+06   -2.08510e+06    2.99208e+02
 Pres. DC (bar) Pressure (bar)   Constr. rmsd
   -2.03859e+02    1.20068e+02    0.00000e+00

Writing checkpoint, step 20715000 at Tue Sep 29 16:27:39 2026


           Step           Time
       20750000    41500.00000

   Energies (kJ/mol)
           Bond          Angle    Proper Dih. Per. Imp. Dih.          LJ-14
    7.21610e+03    1.91341e+04    2.40359e+04    1.13266e+03    8.79686e+03
     Coulomb-14        LJ (SR)  Disper. corr.   Coulomb (SR)   Coul. recip.
    1.03588e+05    5.06681e+05   -3.12177e+04   -4.17700e+06    2.36197e+04
      Potential    Kinetic En.   Total Energy  Conserved En.    Temperature
   -3.51402e+06    6.40092e+05   -2.87393e+06   -2.08325e+06    3.00193e+02
 Pres. DC (bar) Pressure (bar)   Constr. rmsd
   -2.02826e+02    1.11412e+01    0.00000e+00

           Step           Time
       20800000    41600.00000

   Energies (kJ/mol)
           Bond          Angle    Proper Dih. Per. Imp. Dih.          LJ-14
    7.27040e+03    1.92260e+04    2.40256e+04    1.16379e+03    8.83636e+03
     Coulomb-14        LJ (SR)  Disper. corr.   Coulomb (SR)   Coul. recip.
    1.03328e+05    5.08099e+05   -3.12867e+04   -4.17958e+06    2.35787e+04
      Potential    Kinetic En.   Total Energy  Conserved En.    Temperature
   -3.51534e+06    6.40135e+05   -2.87520e+06   -2.08190e+06    3.00213e+02
 Pres. DC (bar) Pressure (bar)   Constr. rmsd
   -2.03722e+02    6.18025e+01    0.00000e+00

           Step           Time
       20850000    41700.00000

   Energies (kJ/mol)
           Bond          Angle    Proper Dih. Per. Imp. Dih.          LJ-14
    7.32997e+03    1.89809e+04    2.42227e+04    1.19974e+03    8.73965e+03
     Coulomb-14        LJ (SR)  Disper. corr.   Coulomb (SR)   Coul. recip.
    1.03687e+05    5.03114e+05   -3.11858e+04   -4.17361e+06    2.36816e+04
      Potential    Kinetic En.   Total Energy  Conserved En.    Temperature
   -3.51384e+06    6.38179e+05   -2.87566e+06   -2.08000e+06    2.99296e+02
 Pres. DC (bar) Pressure (bar)   Constr. rmsd
   -2.02412e+02   -7.11964e+01    0.00000e+00

           Step           Time
       20900000    41800.00000

   Energies (kJ/mol)
           Bond          Angle    Proper Dih. Per. Imp. Dih.          LJ-14
    7.53134e+03    1.94809e+04    2.39523e+04    1.10481e+03    8.88223e+03
     Coulomb-14        LJ (SR)  Disper. corr.   Coulomb (SR)   Coul. recip.
    1.03100e+05    5.08750e+05   -3.11622e+04   -4.17753e+06    2.38095e+04
      Potential    Kinetic En.   Total Energy  Conserved En.    Temperature
   -3.51208e+06    6.37448e+05   -2.87463e+06   -2.07835e+06    2.98953e+02
 Pres. DC (bar) Pressure (bar)   Constr. rmsd
   -2.02105e+02    9.04575e+00    0.00000e+00

           Step           Time
       20950000    41900.00000

   Energies (kJ/mol)
           Bond          Angle    Proper Dih. Per. Imp. Dih.          LJ-14
    7.45136e+03    1.91692e+04    2.41064e+04    1.18249e+03    8.88247e+03
     Coulomb-14        LJ (SR)  Disper. corr.   Coulomb (SR)   Coul. recip.
    1.03136e+05    5.05537e+05   -3.11713e+04   -4.17534e+06    2.38725e+04
      Potential    Kinetic En.   Total Energy  Conserved En.    Temperature
   -3.51317e+06    6.38026e+05   -2.87515e+06   -2.07637e+06    2.99224e+02
 Pres. DC (bar) Pressure (bar)   Constr. rmsd
   -2.02224e+02   -4.67017e+01    0.00000e+00

           Step           Time
       21000000    42000.00000

   Energies (kJ/mol)
           Bond          Angle    Proper Dih. Per. Imp. Dih.          LJ-14
    7.22495e+03    1.93268e+04    2.41482e+04    1.20607e+03    8.92817e+03
     Coulomb-14        LJ (SR)  Disper. corr.   Coulomb (SR)   Coul. recip.
    1.03234e+05    5.02773e+05   -3.11378e+04   -4.17202e+06    2.36863e+04
      Potential    Kinetic En.   Total Energy  Conserved En.    Temperature
   -3.51263e+06    6.40987e+05   -2.87164e+06   -2.07458e+06    3.00613e+02
 Pres. DC (bar) Pressure (bar)   Constr. rmsd
   -2.01790e+02   -6.66755e+01    0.00000e+00

           Step           Time
       21050000    42100.00000

   Energies (kJ/mol)
           Bond          Angle    Proper Dih. Per. Imp. Dih.          LJ-14
    7.32963e+03    1.94027e+04    2.42209e+04    1.15730e+03    8.70119e+03
     Coulomb-14        LJ (SR)  Disper. corr.   Coulomb (SR)   Coul. recip.
    1.03279e+05    5.04545e+05   -3.11080e+04   -4.17285e+06    2.35740e+04
      Potential    Kinetic En.   Total Energy  Conserved En.    Temperature
   -3.51175e+06    6.37006e+05   -2.87475e+06   -2.07262e+06    2.98746e+02
 Pres. DC (bar) Pressure (bar)   Constr. rmsd
   -2.01404e+02   -9.31956e+01    0.00000e+00

Writing checkpoint, step 21052600 at Tue Sep 29 16:42:39 2026


           Step           Time
       21100000    42200.00000

   Energies (kJ/mol)
           Bond          Angle    Proper Dih. Per. Imp. Dih.          LJ-14
    7.29119e+03    1.93219e+04    2.42211e+04    1.15274e+03    8.82290e+03
     Coulomb-14        LJ (SR)  Disper. corr.   Coulomb (SR)   Coul. recip.
    1.03666e+05    5.06250e+05   -3.11736e+04   -4.17557e+06    2.35693e+04
      Potential    Kinetic En.   Total Energy  Conserved En.    Temperature
   -3.51245e+06    6.39953e+05   -2.87249e+06   -2.07072e+06    3.00128e+02
 Pres. DC (bar) Pressure (bar)   Constr. rmsd
   -2.02253e+02   -4.23709e+01    0.00000e+00

           Step           Time
       21150000    42300.00000

   Energies (kJ/mol)
           Bond          Angle    Proper Dih. Per. Imp. Dih.          LJ-14
    7.26875e+03    1.92586e+04    2.40697e+04    1.16830e+03    8.91375e+03
     Coulomb-14        LJ (SR)  Disper. corr.   Coulomb (SR)   Coul. recip.
    1.03552e+05    5.08521e+05   -3.12911e+04   -4.18052e+06    2.34340e+04
      Potential    Kinetic En.   Total Energy  Conserved En.    Temperature
   -3.51562e+06    6.38144e+05   -2.87748e+06   -2.06879e+06    2.99279e+02
 Pres. DC (bar) Pressure (bar)   Constr. rmsd
   -2.03779e+02    3.32268e+01    0.00000e+00

           Step           Time
       21200000    42400.00000

   Energies (kJ/mol)
           Bond          Angle    Proper Dih. Per. Imp. Dih.          LJ-14
    7.18258e+03    1.92315e+04    2.43680e+04    1.17413e+03    8.86481e+03
     Coulomb-14        LJ (SR)  Disper. corr.   Coulomb (SR)   Coul. recip.
    1.03595e+05    5.11991e+05   -3.12699e+04   -4.18464e+06    2.36482e+04
      Potential    Kinetic En.   Total Energy  Conserved En.    Temperature
   -3.51585e+06    6.39294e+05   -2.87656e+06   -2.06713e+06    2.99819e+02
 Pres. DC (bar) Pressure (bar)   Constr. rmsd
   -2.03503e+02    1.44889e+02    0.00000e+00

           Step           Time
       21250000    42500.00000

   Energies (kJ/mol)
           Bond          Angle    Proper Dih. Per. Imp. Dih.          LJ-14
    7.33774e+03    1.93686e+04    2.42173e+04    1.24074e+03    9.00815e+03
     Coulomb-14        LJ (SR)  Disper. corr.   Coulomb (SR)   Coul. recip.
    1.03060e+05    5.09766e+05   -3.13082e+04   -4.18197e+06    2.35602e+04
      Potential    Kinetic En.   Total Energy  Conserved En.    Temperature
   -3.51572e+06    6.41212e+05   -2.87450e+06   -2.06504e+06    3.00718e+02
 Pres. DC (bar) Pressure (bar)   Constr. rmsd
   -2.04001e+02    9.88174e+01    0.00000e+00

           Step           Time
       21300000    42600.00000

   Energies (kJ/mol)
           Bond          Angle    Proper Dih. Per. Imp. Dih.          LJ-14
    7.36392e+03    1.90385e+04    2.39796e+04    1.14160e+03    9.04713e+03
     Coulomb-14        LJ (SR)  Disper. corr.   Coulomb (SR)   Coul. recip.
    1.03879e+05    5.07078e+05   -3.12170e+04   -4.17808e+06    2.35165e+04
      Potential    Kinetic En.   Total Energy  Conserved En.    Temperature
   -3.51425e+06    6.37857e+05   -2.87640e+06   -2.06311e+06    2.99145e+02
 Pres. DC (bar) Pressure (bar)   Constr. rmsd
   -2.02816e+02    6.10536e+00    0.00000e+00

           Step           Time
       21350000    42700.00000

   Energies (kJ/mol)
           Bond          Angle    Proper Dih. Per. Imp. Dih.          LJ-14
    7.38329e+03    1.91809e+04    2.41021e+04    1.20965e+03    8.88860e+03
     Coulomb-14        LJ (SR)  Disper. corr.   Coulomb (SR)   Coul. recip.
    1.03084e+05    5.06688e+05   -3.11889e+04   -4.17543e+06    2.37355e+04
      Potential    Kinetic En.   Total Energy  Conserved En.    Temperature
   -3.51235e+06    6.39866e+05   -2.87248e+06   -2.06109e+06    3.00087e+02
 Pres. DC (bar) Pressure (bar)   Constr. rmsd
   -2.02452e+02    1.49630e+01    0.00000e+00

Writing checkpoint, step 21397500 at Tue Sep 29 16:57:39 2026


           Step           Time
       21400000    42800.00000

   Energies (kJ/mol)
           Bond          Angle    Proper Dih. Per. Imp. Dih.          LJ-14
    7.29168e+03    1.91656e+04    2.41039e+04    1.21777e+03    8.86037e+03
     Coulomb-14        LJ (SR)  Disper. corr.   Coulomb (SR)   Coul. recip.
    1.03080e+05    5.07684e+05   -3.12600e+04   -4.18091e+06    2.35468e+04
      Potential    Kinetic En.   Total Energy  Conserved En.    Temperature
   -3.51722e+06    6.36238e+05   -2.88098e+06   -2.05921e+06    2.98385e+02
 Pres. DC (bar) Pressure (bar)   Constr. rmsd
   -2.03374e+02    1.60503e+00    0.00000e+00

           Step           Time
       21450000    42900.00000

   Energies (kJ/mol)
           Bond          Angle    Proper Dih. Per. Imp. Dih.          LJ-14
    7.30768e+03    1.88113e+04    2.40891e+04    1.13576e+03    8.85382e+03
     Coulomb-14        LJ (SR)  Disper. corr.   Coulomb (SR)   Coul. recip.
    1.03187e+05    5.07862e+05   -3.11666e+04   -4.17888e+06    2.36253e+04
      Potential    Kinetic En.   Total Energy  Conserved En.    Temperature
   -3.51518e+06    6.38692e+05   -2.87649e+06   -2.05766e+06    2.99536e+02
 Pres. DC (bar) Pressure (bar)   Constr. rmsd
   -2.02163e+02   -1.10780e+01    0.00000e+00

           Step           Time
       21500000    43000.00000

   Energies (kJ/mol)
           Bond          Angle    Proper Dih. Per. Imp. Dih.          LJ-14
    7.20702e+03    1.92057e+04    2.41460e+04    1.15829e+03    8.94829e+03
     Coulomb-14        LJ (SR)  Disper. corr.   Coulomb (SR)   Coul. recip.
    1.03275e+05    5.09278e+05   -3.11634e+04   -4.17901e+06    2.34424e+04
      Potential    Kinetic En.   Total Energy  Conserved En.    Temperature
   -3.51352e+06    6.42119e+05   -2.87140e+06   -2.05545e+06    3.01144e+02
 Pres. DC (bar) Pressure (bar)   Constr. rmsd
   -2.02121e+02    6.46386e+01    0.00000e+00

           Step           Time
       21550000    43100.00000

   Energies (kJ/mol)
           Bond          Angle    Proper Dih. Per. Imp. Dih.          LJ-14
    7.37307e+03    1.90399e+04    2.41111e+04    1.27083e+03    8.91198e+03
     Coulomb-14        LJ (SR)  Disper. corr.   Coulomb (SR)   Coul. recip.
    1.03603e+05    5.08235e+05   -3.11608e+04   -4.17695e+06    2.38222e+04
      Potential    Kinetic En.   Total Energy  Conserved En.    Temperature
   -3.51174e+06    6.39177e+05   -2.87257e+06   -2.05289e+06    2.99764e+02
 Pres. DC (bar) Pressure (bar)   Constr. rmsd
   -2.02088e+02    2.72541e+01    0.00000e+00

           Step           Time
       21600000    43200.00000

   Energies (kJ/mol)
           Bond          Angle    Proper Dih. Per. Imp. Dih.          LJ-14
    7.28731e+03    1.94235e+04    2.40577e+04    1.14745e+03    8.77127e+03
     Coulomb-14        LJ (SR)  Disper. corr.   Coulomb (SR)   Coul. recip.
    1.03070e+05    5.06801e+05   -3.12988e+04   -4.17985e+06    2.37069e+04
      Potential    Kinetic En.   Total Energy  Conserved En.    Temperature
   -3.51688e+06    6.41616e+05   -2.87527e+06   -2.05109e+06    3.00908e+02
 Pres. DC (bar) Pressure (bar)   Constr. rmsd
   -2.03880e+02    3.89514e+01    0.00000e+00

           Step           Time
       21650000    43300.00000

   Energies (kJ/mol)
           Bond          Angle    Proper Dih. Per. Imp. Dih.          LJ-14
    7.37222e+03    1.90151e+04    2.41947e+04    1.25722e+03    8.75226e+03
     Coulomb-14        LJ (SR)  Disper. corr.   Coulomb (SR)   Coul. recip.
    1.03296e+05    5.06929e+05   -3.12306e+04   -4.17956e+06    2.35411e+04
      Potential    Kinetic En.   Total Energy  Conserved En.    Temperature
   -3.51643e+06    6.40781e+05   -2.87565e+06   -2.04943e+06    3.00516e+02
 Pres. DC (bar) Pressure (bar)   Constr. rmsd
   -2.02993e+02   -1.11096e+01    0.00000e+00

           Step           Time
       21700000    43400.00000

   Energies (kJ/mol)
           Bond          Angle    Proper Dih. Per. Imp. Dih.          LJ-14
    7.40453e+03    1.91918e+04    2.41441e+04    1.25001e+03    8.84652e+03
     Coulomb-14        LJ (SR)  Disper. corr.   Coulomb (SR)   Coul. recip.
    1.03101e+05    5.06453e+05   -3.11709e+04   -4.17699e+06    2.36322e+04
      Potential    Kinetic En.   Total Energy  Conserved En.    Temperature
   -3.51414e+06    6.38967e+05   -2.87517e+06   -2.04792e+06    2.99665e+02
 Pres. DC (bar) Pressure (bar)   Constr. rmsd
   -2.02218e+02   -1.07181e+01    0.00000e+00

Writing checkpoint, step 21740100 at Tue Sep 29 17:12:39 2026


           Step           Time
       21750000    43500.00000

   Energies (kJ/mol)
           Bond          Angle    Proper Dih. Per. Imp. Dih.          LJ-14
    7.47555e+03    1.93567e+04    2.41415e+04    1.11899e+03    8.85024e+03
     Coulomb-14        LJ (SR)  Disper. corr.   Coulomb (SR)   Coul. recip.
    1.02935e+05    5.03949e+05   -3.11965e+04   -4.17335e+06    2.37170e+04
      Potential    Kinetic En.   Total Energy  Conserved En.    Temperature
   -3.51301e+06    6.40575e+05   -2.87243e+06   -2.04586e+06    3.00419e+02
 Pres. DC (bar) Pressure (bar)   Constr. rmsd
   -2.02551e+02   -4.74345e+01    0.00000e+00

           Step           Time
       21800000    43600.00000

   Energies (kJ/mol)
           Bond          Angle    Proper Dih. Per. Imp. Dih.          LJ-14
    7.26590e+03    1.91127e+04    2.40041e+04    1.18556e+03    8.87605e+03
     Coulomb-14        LJ (SR)  Disper. corr.   Coulomb (SR)   Coul. recip.
    1.03141e+05    5.07843e+05   -3.12909e+04   -4.17946e+06    2.37168e+04
      Potential    Kinetic En.   Total Energy  Conserved En.    Temperature
   -3.51561e+06    6.37189e+05   -2.87842e+06   -2.04426e+06    2.98831e+02
 Pres. DC (bar) Pressure (bar)   Constr. rmsd
   -2.03776e+02    4.01915e+01    0.00000e+00

           Step           Time
       21850000    43700.00000

   Energies (kJ/mol)
           Bond          Angle    Proper Dih. Per. Imp. Dih.          LJ-14
    7.33884e+03    1.94094e+04    2.40785e+04    1.16566e+03    8.90693e+03
     Coulomb-14        LJ (SR)  Disper. corr.   Coulomb (SR)   Coul. recip.
    1.03368e+05    5.05943e+05   -3.11395e+04   -4.17532e+06    2.36054e+04
      Potential    Kinetic En.   Total Energy  Conserved En.    Temperature
   -3.51264e+06    6.40227e+05   -2.87242e+06   -2.04237e+06    3.00256e+02
 Pres. DC (bar) Pressure (bar)   Constr. rmsd
   -2.01812e+02   -3.42477e+01    0.00000e+00

           Step           Time
       21900000    43800.00000

   Energies (kJ/mol)
           Bond          Angle    Proper Dih. Per. Imp. Dih.          LJ-14
    7.13059e+03    1.94184e+04    2.42297e+04    1.16007e+03    8.95477e+03
     Coulomb-14        LJ (SR)  Disper. corr.   Coulomb (SR)   Coul. recip.
    1.03419e+05    5.06773e+05   -3.11437e+04   -4.17454e+06    2.35961e+04
      Potential    Kinetic En.   Total Energy  Conserved En.    Temperature
   -3.51100e+06    6.39764e+05   -2.87124e+06   -2.04039e+06    3.00039e+02
 Pres. DC (bar) Pressure (bar)   Constr. rmsd
   -2.01866e+02    3.21202e+01    0.00000e+00

           Step           Time
       21950000    43900.00000

   Energies (kJ/mol)
           Bond          Angle    Proper Dih. Per. Imp. Dih.          LJ-14
    7.21865e+03    1.89033e+04    2.42369e+04    1.20761e+03    8.82345e+03
     Coulomb-14        LJ (SR)  Disper. corr.   Coulomb (SR)   Coul. recip.
    1.03267e+05    5.05927e+05   -3.12019e+04   -4.17665e+06    2.35529e+04
      Potential    Kinetic En.   Total Energy  Conserved En.    Temperature
   -3.51471e+06    6.37966e+05   -2.87674e+06   -2.03874e+06    2.99196e+02
 Pres. DC (bar) Pressure (bar)   Constr. rmsd
   -2.02620e+02   -2.86401e+01    0.00000e+00

           Step           Time
       22000000    44000.00000

   Energies (kJ/mol)
           Bond          Angle    Proper Dih. Per. Imp. Dih.          LJ-14
    7.34989e+03    1.93353e+04    2.42262e+04    1.21075e+03    8.92064e+03
     Coulomb-14        LJ (SR)  Disper. corr.   Coulomb (SR)   Coul. recip.
    1.03301e+05    5.03023e+05   -3.10971e+04   -4.17068e+06    2.36384e+04
      Potential    Kinetic En.   Total Energy  Conserved En.    Temperature
   -3.51077e+06    6.42093e+05   -2.86868e+06   -2.03675e+06    3.01131e+02
 Pres. DC (bar) Pressure (bar)   Constr. rmsd
   -2.01264e+02   -8.15590e+01    0.00000e+00

           Step           Time
       22050000    44100.00000

   Energies (kJ/mol)
           Bond          Angle    Proper Dih. Per. Imp. Dih.          LJ-14
    7.15757e+03    1.94631e+04    2.41234e+04    1.26008e+03    8.94116e+03
     Coulomb-14        LJ (SR)  Disper. corr.   Coulomb (SR)   Coul. recip.
    1.03320e+05    5.05509e+05   -3.12840e+04   -4.17563e+06    2.35088e+04
      Potential    Kinetic En.   Total Energy  Conserved En.    Temperature
   -3.51363e+06    6.40497e+05   -2.87313e+06   -2.03499e+06    3.00383e+02
 Pres. DC (bar) Pressure (bar)   Constr. rmsd
   -2.03687e+02    4.08672e+01    0.00000e+00

Writing checkpoint, step 22063300 at Tue Sep 29 17:27:39 2026


           Step           Time
       22100000    44200.00000

   Energies (kJ/mol)
           Bond          Angle    Proper Dih. Per. Imp. Dih.          LJ-14
    7.60423e+03    1.88977e+04    2.42593e+04    1.23698e+03    8.80413e+03
     Coulomb-14        LJ (SR)  Disper. corr.   Coulomb (SR)   Coul. recip.
    1.02844e+05    5.09464e+05   -3.12703e+04   -4.18170e+06    2.37074e+04
      Potential    Kinetic En.   Total Energy  Conserved En.    Temperature
   -3.51616e+06    6.37371e+05   -2.87878e+06   -2.03263e+06    2.98917e+02
 Pres. DC (bar) Pressure (bar)   Constr. rmsd
   -2.03509e+02    2.76873e+01    0.00000e+00

           Step           Time
       22150000    44300.00000

   Energies (kJ/mol)
           Bond          Angle    Proper Dih. Per. Imp. Dih.          LJ-14
    7.48636e+03    1.94869e+04    2.42356e+04    1.19436e+03    8.96440e+03
     Coulomb-14        LJ (SR)  Disper. corr.   Coulomb (SR)   Coul. recip.
    1.03025e+05    5.10885e+05   -3.12786e+04   -4.18345e+06    2.35016e+04
      Potential    Kinetic En.   Total Energy  Conserved En.    Temperature
   -3.51595e+06    6.40269e+05   -2.87568e+06   -2.03079e+06    3.00276e+02
 Pres. DC (bar) Pressure (bar)   Constr. rmsd
   -2.03617e+02    1.38400e+02    0.00000e+00

           Step           Time
       22200000    44400.00000

   Energies (kJ/mol)
           Bond          Angle    Proper Dih. Per. Imp. Dih.          LJ-14
    7.11253e+03    1.96450e+04    2.42011e+04    1.24879e+03    9.05326e+03
     Coulomb-14        LJ (SR)  Disper. corr.   Coulomb (SR)   Coul. recip.
    1.03754e+05    5.04442e+05   -3.11931e+04   -4.17621e+06    2.35472e+04
      Potential    Kinetic En.   Total Energy  Conserved En.    Temperature
   -3.51440e+06    6.41513e+05   -2.87289e+06   -2.02936e+06    3.00859e+02
 Pres. DC (bar) Pressure (bar)   Constr. rmsd
   -2.02506e+02   -2.18927e+01    0.00000e+00

           Step           Time
       22250000    44500.00000

   Energies (kJ/mol)
           Bond          Angle    Proper Dih. Per. Imp. Dih.          LJ-14
    7.34979e+03    1.94331e+04    2.42373e+04    1.23507e+03    8.80319e+03
     Coulomb-14        LJ (SR)  Disper. corr.   Coulomb (SR)   Coul. recip.
    1.03038e+05    5.03314e+05   -3.12159e+04   -4.17397e+06    2.37377e+04
      Potential    Kinetic En.   Total Energy  Conserved En.    Temperature
   -3.51404e+06    6.41592e+05   -2.87245e+06   -2.02740e+06    3.00896e+02
 Pres. DC (bar) Pressure (bar)   Constr. rmsd
   -2.02802e+02   -6.31046e+01    0.00000e+00

           Step           Time
       22300000    44600.00000

   Energies (kJ/mol)
           Bond          Angle    Proper Dih. Per. Imp. Dih.          LJ-14
    6.98323e+03    1.91563e+04    2.40490e+04    1.16360e+03    8.84273e+03
     Coulomb-14        LJ (SR)  Disper. corr.   Coulomb (SR)   Coul. recip.
    1.03049e+05    5.06237e+05   -3.11198e+04   -4.17749e+06    2.33878e+04
      Potential    Kinetic En.   Total Energy  Conserved En.    Temperature
   -3.51574e+06    6.36941e+05   -2.87880e+06   -2.02561e+06    2.98715e+02
 Pres. DC (bar) Pressure (bar)   Constr. rmsd
   -2.01556e+02   -9.74433e+01    0.00000e+00

           Step           Time
       22350000    44700.00000

   Energies (kJ/mol)
           Bond          Angle    Proper Dih. Per. Imp. Dih.          LJ-14
    7.12276e+03    1.94464e+04    2.41696e+04    1.26038e+03    8.84797e+03
     Coulomb-14        LJ (SR)  Disper. corr.   Coulomb (SR)   Coul. recip.
    1.02942e+05    5.08700e+05   -3.12325e+04   -4.17808e+06    2.37578e+04
      Potential    Kinetic En.   Total Energy  Conserved En.    Temperature
   -3.51307e+06    6.39244e+05   -2.87383e+06   -2.02419e+06    2.99795e+02
 Pres. DC (bar) Pressure (bar)   Constr. rmsd
   -2.03018e+02    5.97115e+01    0.00000e+00

           Step           Time
       22400000    44800.00000

   Energies (kJ/mol)
           Bond          Angle    Proper Dih. Per. Imp. Dih.          LJ-14
    7.36527e+03    1.94449e+04    2.41473e+04    1.20100e+03    8.81386e+03
     Coulomb-14        LJ (SR)  Disper. corr.   Coulomb (SR)   Coul. recip.
    1.03190e+05    5.06948e+05   -3.12457e+04   -4.17928e+06    2.33597e+04
      Potential    Kinetic En.   Total Energy  Conserved En.    Temperature
   -3.51605e+06    6.39493e+05   -2.87656e+06   -2.02264e+06    2.99912e+02
 Pres. DC (bar) Pressure (bar)   Constr. rmsd
   -2.03189e+02    8.33811e+00    0.00000e+00

Writing checkpoint, step 22406300 at Tue Sep 29 17:42:39 2026


           Step           Time
       22450000    44900.00000

   Energies (kJ/mol)
           Bond          Angle    Proper Dih. Per. Imp. Dih.          LJ-14
    7.15981e+03    1.91537e+04    2.41064e+04    1.23920e+03    8.82498e+03
     Coulomb-14        LJ (SR)  Disper. corr.   Coulomb (SR)   Coul. recip.
    1.02828e+05    5.02985e+05   -3.12434e+04   -4.17130e+06    2.33192e+04
      Potential    Kinetic En.   Total Energy  Conserved En.    Temperature
   -3.51293e+06    6.39801e+05   -2.87313e+06   -2.02093e+06    3.00057e+02
 Pres. DC (bar) Pressure (bar)   Constr. rmsd
   -2.03160e+02   -4.84959e+01    0.00000e+00

           Step           Time
       22500000    45000.00000

   Energies (kJ/mol)
           Bond          Angle    Proper Dih. Per. Imp. Dih.          LJ-14
    7.17648e+03    1.93751e+04    2.42749e+04    1.15858e+03    8.87040e+03
     Coulomb-14        LJ (SR)  Disper. corr.   Coulomb (SR)   Coul. recip.
    1.02902e+05    5.07714e+05   -3.12645e+04   -4.17989e+06    2.34942e+04
      Potential    Kinetic En.   Total Energy  Conserved En.    Temperature
   -3.51619e+06    6.38699e+05   -2.87749e+06   -2.01938e+06    2.99539e+02
 Pres. DC (bar) Pressure (bar)   Constr. rmsd
   -2.03434e+02    3.89492e+01    0.00000e+00

           Step           Time
       22550000    45100.00000

   Energies (kJ/mol)
           Bond          Angle    Proper Dih. Per. Imp. Dih.          LJ-14
    7.21494e+03    1.91557e+04    2.42048e+04    1.16184e+03    9.04694e+03
     Coulomb-14        LJ (SR)  Disper. corr.   Coulomb (SR)   Coul. recip.
    1.03512e+05    5.07500e+05   -3.11563e+04   -4.17717e+06    2.36286e+04
      Potential    Kinetic En.   Total Energy  Conserved En.    Temperature
   -3.51290e+06    6.39836e+05   -2.87306e+06   -2.01801e+06    3.00073e+02
 Pres. DC (bar) Pressure (bar)   Constr. rmsd
   -2.02030e+02    3.35342e+01    0.00000e+00

           Step           Time
       22600000    45200.00000

   Energies (kJ/mol)
           Bond          Angle    Proper Dih. Per. Imp. Dih.          LJ-14
    7.45390e+03    1.92916e+04    2.40796e+04    1.18019e+03    8.78446e+03
     Coulomb-14        LJ (SR)  Disper. corr.   Coulomb (SR)   Coul. recip.
    1.03136e+05    5.08952e+05   -3.12287e+04   -4.17771e+06    2.36148e+04
      Potential    Kinetic En.   Total Energy  Conserved En.    Temperature
   -3.51245e+06    6.37578e+05   -2.87487e+06   -2.01571e+06    2.99014e+02
 Pres. DC (bar) Pressure (bar)   Constr. rmsd
   -2.02968e+02    3.56057e+01    0.00000e+00

           Step           Time
       22650000    45300.00000

   Energies (kJ/mol)
           Bond          Angle    Proper Dih. Per. Imp. Dih.          LJ-14
    7.34853e+03    1.90999e+04    2.39196e+04    1.13155e+03    8.87083e+03
     Coulomb-14        LJ (SR)  Disper. corr.   Coulomb (SR)   Coul. recip.
    1.03260e+05    5.04410e+05   -3.11520e+04   -4.17487e+06    2.34646e+04
      Potential    Kinetic En.   Total Energy  Conserved En.    Temperature
   -3.51451e+06    6.40435e+05   -2.87408e+06   -2.01377e+06    3.00354e+02
 Pres. DC (bar) Pressure (bar)   Constr. rmsd
   -2.01973e+02   -8.42510e+01    0.00000e+00

           Step           Time
       22700000    45400.00000

   Energies (kJ/mol)
           Bond          Angle    Proper Dih. Per. Imp. Dih.          LJ-14
    7.09361e+03    1.91362e+04    2.41271e+04    1.16228e+03    8.89769e+03
     Coulomb-14        LJ (SR)  Disper. corr.   Coulomb (SR)   Coul. recip.
    1.03325e+05    5.05606e+05   -3.12110e+04   -4.17439e+06    2.37257e+04
      Potential    Kinetic En.   Total Energy  Conserved En.    Temperature
   -3.51253e+06    6.37675e+05   -2.87485e+06   -2.01144e+06    2.99059e+02
 Pres. DC (bar) Pressure (bar)   Constr. rmsd
   -2.02739e+02   -1.06106e+01    0.00000e+00

Writing checkpoint, step 22741000 at Tue Sep 29 17:57:39 2026


           Step           Time
       22750000    45500.00000

   Energies (kJ/mol)
           Bond          Angle    Proper Dih. Per. Imp. Dih.          LJ-14
    7.37336e+03    1.93428e+04    2.39908e+04    1.09253e+03    8.85743e+03
     Coulomb-14        LJ (SR)  Disper. corr.   Coulomb (SR)   Coul. recip.
    1.03103e+05    5.05448e+05   -3.12029e+04   -4.17624e+06    2.35929e+04
      Potential    Kinetic En.   Total Energy  Conserved En.    Temperature
   -3.51464e+06    6.40133e+05   -2.87450e+06   -2.00943e+06    3.00212e+02
 Pres. DC (bar) Pressure (bar)   Constr. rmsd
   -2.02633e+02   -3.48721e+01    0.00000e+00

           Step           Time
       22800000    45600.00000

   Energies (kJ/mol)
           Bond          Angle    Proper Dih. Per. Imp. Dih.          LJ-14
    7.53797e+03    1.94844e+04    2.39542e+04    1.14237e+03    8.87082e+03
     Coulomb-14        LJ (SR)  Disper. corr.   Coulomb (SR)   Coul. recip.
    1.02862e+05    5.05455e+05   -3.11663e+04   -4.17505e+06    2.34843e+04
      Potential    Kinetic En.   Total Energy  Conserved En.    Temperature
   -3.51342e+06    6.38994e+05   -2.87443e+06   -2.00755e+06    2.99678e+02
 Pres. DC (bar) Pressure (bar)   Constr. rmsd
   -2.02159e+02   -7.30927e+01    0.00000e+00

           Step           Time
       22850000    45700.00000

   Energies (kJ/mol)
           Bond          Angle    Proper Dih. Per. Imp. Dih.          LJ-14
    7.22952e+03    1.88916e+04    2.41877e+04    1.20407e+03    8.95912e+03
     Coulomb-14        LJ (SR)  Disper. corr.   Coulomb (SR)   Coul. recip.
    1.03235e+05    5.05366e+05   -3.11668e+04   -4.17967e+06    2.35903e+04
      Potential    Kinetic En.   Total Energy  Conserved En.    Temperature
   -3.51818e+06    6.37428e+05   -2.88075e+06   -2.00568e+06    2.98943e+02
 Pres. DC (bar) Pressure (bar)   Constr. rmsd
   -2.02166e+02   -4.87391e+01    0.00000e+00

           Step           Time
       22900000    45800.00000

   Energies (kJ/mol)
           Bond          Angle    Proper Dih. Per. Imp. Dih.          LJ-14
    7.24014e+03    1.91249e+04    2.42369e+04    1.23063e+03    8.78389e+03
     Coulomb-14        LJ (SR)  Disper. corr.   Coulomb (SR)   Coul. recip.
    1.03337e+05    5.06128e+05   -3.11598e+04   -4.17560e+06    2.35207e+04
      Potential    Kinetic En.   Total Energy  Conserved En.    Temperature
   -3.51316e+06    6.38126e+05   -2.87504e+06   -2.00384e+06    2.99271e+02
 Pres. DC (bar) Pressure (bar)   Constr. rmsd
   -2.02075e+02   -4.46907e+01    0.00000e+00

           Step           Time
       22950000    45900.00000

   Energies (kJ/mol)
           Bond          Angle    Proper Dih. Per. Imp. Dih.          LJ-14
    7.30329e+03    1.93450e+04    2.42086e+04    1.16578e+03    8.81137e+03
     Coulomb-14        LJ (SR)  Disper. corr.   Coulomb (SR)   Coul. recip.
    1.03542e+05    5.07200e+05   -3.12158e+04   -4.17832e+06    2.35468e+04
      Potential    Kinetic En.   Total Energy  Conserved En.    Temperature
   -3.51442e+06    6.41465e+05   -2.87295e+06   -2.00096e+06    3.00837e+02
 Pres. DC (bar) Pressure (bar)   Constr. rmsd
   -2.02800e+02    8.16379e+00    0.00000e+00

           Step           Time
       23000000    46000.00000

   Energies (kJ/mol)
           Bond          Angle    Proper Dih. Per. Imp. Dih.          LJ-14
    7.50153e+03    1.92032e+04    2.40481e+04    1.14954e+03    8.74566e+03
     Coulomb-14        LJ (SR)  Disper. corr.   Coulomb (SR)   Coul. recip.
    1.03445e+05    5.07001e+05   -3.11644e+04   -4.17711e+06    2.37197e+04
      Potential    Kinetic En.   Total Energy  Conserved En.    Temperature
   -3.51346e+06    6.39522e+05   -2.87394e+06   -1.99909e+06    2.99926e+02
 Pres. DC (bar) Pressure (bar)   Constr. rmsd
   -2.02134e+02   -3.34677e+01    0.00000e+00

           Step           Time
       23050000    46100.00000

   Energies (kJ/mol)
           Bond          Angle    Proper Dih. Per. Imp. Dih.          LJ-14
    7.32809e+03    1.91272e+04    2.41437e+04    1.13293e+03    8.83533e+03
     Coulomb-14        LJ (SR)  Disper. corr.   Coulomb (SR)   Coul. recip.
    1.03649e+05    5.06395e+05   -3.11622e+04   -4.17970e+06    2.38372e+04
      Potential    Kinetic En.   Total Energy  Conserved En.    Temperature
   -3.51641e+06    6.39487e+05   -2.87692e+06   -1.99737e+06    2.99909e+02
 Pres. DC (bar) Pressure (bar)   Constr. rmsd
   -2.02106e+02   -4.21393e+01    0.00000e+00

Writing checkpoint, step 23080800 at Tue Sep 29 18:12:39 2026


           Step           Time
       23100000    46200.00000

   Energies (kJ/mol)
           Bond          Angle    Proper Dih. Per. Imp. Dih.          LJ-14
    7.12376e+03    1.93789e+04    2.42279e+04    1.18149e+03    8.87350e+03
     Coulomb-14        LJ (SR)  Disper. corr.   Coulomb (SR)   Coul. recip.
    1.03270e+05    5.06517e+05   -3.11871e+04   -4.17674e+06    2.37144e+04
      Potential    Kinetic En.   Total Energy  Conserved En.    Temperature
   -3.51364e+06    6.40029e+05   -2.87361e+06   -1.99537e+06    3.00163e+02
 Pres. DC (bar) Pressure (bar)   Constr. rmsd
   -2.02428e+02   -2.02883e+00    0.00000e+00

           Step           Time
       23150000    46300.00000

   Energies (kJ/mol)
           Bond          Angle    Proper Dih. Per. Imp. Dih.          LJ-14
    6.97496e+03    1.96127e+04    2.39172e+04    1.25581e+03    8.94011e+03
     Coulomb-14        LJ (SR)  Disper. corr.   Coulomb (SR)   Coul. recip.
    1.03685e+05    5.09693e+05   -3.11995e+04   -4.18134e+06    2.36452e+04
      Potential    Kinetic En.   Total Energy  Conserved En.    Temperature
   -3.51482e+06    6.37259e+05   -2.87756e+06   -1.99372e+06    2.98864e+02
 Pres. DC (bar) Pressure (bar)   Constr. rmsd
   -2.02589e+02    7.48419e+01    0.00000e+00

           Step           Time
       23200000    46400.00000

   Energies (kJ/mol)
           Bond          Angle    Proper Dih. Per. Imp. Dih.          LJ-14
    7.45378e+03    1.91839e+04    2.42700e+04    1.19196e+03    8.74931e+03
     Coulomb-14        LJ (SR)  Disper. corr.   Coulomb (SR)   Coul. recip.
    1.03046e+05    5.03605e+05   -3.10876e+04   -4.17318e+06    2.37864e+04
      Potential    Kinetic En.   Total Energy  Conserved En.    Temperature
   -3.51298e+06    6.40038e+05   -2.87294e+06   -1.99225e+06    3.00168e+02
 Pres. DC (bar) Pressure (bar)   Constr. rmsd
   -2.01141e+02   -1.49169e+02    0.00000e+00

           Step           Time
       23250000    46500.00000

   Energies (kJ/mol)
           Bond          Angle    Proper Dih. Per. Imp. Dih.          LJ-14
    7.28191e+03    1.92638e+04    2.40821e+04    1.22935e+03    8.86342e+03
     Coulomb-14        LJ (SR)  Disper. corr.   Coulomb (SR)   Coul. recip.
    1.03049e+05    5.07512e+05   -3.12266e+04   -4.17680e+06    2.37198e+04
      Potential    Kinetic En.   Total Energy  Conserved En.    Temperature
   -3.51302e+06    6.37912e+05   -2.87511e+06   -1.99016e+06    2.99170e+02
 Pres. DC (bar) Pressure (bar)   Constr. rmsd
   -2.02942e+02    5.04444e+01    0.00000e+00

           Step           Time
       23300000    46600.00000

   Energies (kJ/mol)
           Bond          Angle    Proper Dih. Per. Imp. Dih.          LJ-14
    7.35964e+03    1.93824e+04    2.40825e+04    1.25887e+03    8.81128e+03
     Coulomb-14        LJ (SR)  Disper. corr.   Coulomb (SR)   Coul. recip.
    1.03075e+05    5.06482e+05   -3.11904e+04   -4.17512e+06    2.34616e+04
      Potential    Kinetic En.   Total Energy  Conserved En.    Temperature
   -3.51239e+06    6.39466e+05   -2.87293e+06   -1.98848e+06    2.99899e+02
 Pres. DC (bar) Pressure (bar)   Constr. rmsd
   -2.02471e+02   -1.16090e+01    0.00000e+00

           Step           Time
       23350000    46700.00000

   Energies (kJ/mol)
           Bond          Angle    Proper Dih. Per. Imp. Dih.          LJ-14
    7.40971e+03    1.92427e+04    2.42038e+04    1.16554e+03    8.82489e+03
     Coulomb-14        LJ (SR)  Disper. corr.   Coulomb (SR)   Coul. recip.
    1.03256e+05    5.09057e+05   -3.12838e+04   -4.17982e+06    2.34839e+04
      Potential    Kinetic En.   Total Energy  Conserved En.    Temperature
   -3.51446e+06    6.39834e+05   -2.87463e+06   -1.98660e+06    3.00072e+02
 Pres. DC (bar) Pressure (bar)   Constr. rmsd
   -2.03684e+02    4.30859e+01    0.00000e+00

Writing checkpoint, step 23383400 at Tue Sep 29 18:27:39 2026


           Step           Time
       23400000    46800.00000

   Energies (kJ/mol)
           Bond          Angle    Proper Dih. Per. Imp. Dih.          LJ-14
    7.38932e+03    1.94458e+04    2.40227e+04    1.19748e+03    8.85016e+03
     Coulomb-14        LJ (SR)  Disper. corr.   Coulomb (SR)   Coul. recip.
    1.03224e+05    5.07545e+05   -3.11643e+04   -4.17717e+06    2.36709e+04
      Potential    Kinetic En.   Total Energy  Conserved En.    Temperature
   -3.51299e+06    6.39227e+05   -2.87376e+06   -1.98430e+06    2.99787e+02
 Pres. DC (bar) Pressure (bar)   Constr. rmsd
   -2.02133e+02   -4.37381e+00    0.00000e+00

           Step           Time
       23450000    46900.00000

   Energies (kJ/mol)
           Bond          Angle    Proper Dih. Per. Imp. Dih.          LJ-14
    7.54313e+03    1.93766e+04    2.42792e+04    1.23604e+03    8.96324e+03
     Coulomb-14        LJ (SR)  Disper. corr.   Coulomb (SR)   Coul. recip.
    1.03068e+05    5.07045e+05   -3.11882e+04   -4.17385e+06    2.35387e+04
      Potential    Kinetic En.   Total Energy  Conserved En.    Temperature
   -3.50999e+06    6.42304e+05   -2.86768e+06   -1.98231e+06    3.01230e+02
 Pres. DC (bar) Pressure (bar)   Constr. rmsd
   -2.02443e+02    2.32853e+01    0.00000e+00

           Step           Time
       23500000    47000.00000

   Energies (kJ/mol)
           Bond          Angle    Proper Dih. Per. Imp. Dih.          LJ-14
    7.37031e+03    1.91937e+04    2.40002e+04    1.15098e+03    8.94842e+03
     Coulomb-14        LJ (SR)  Disper. corr.   Coulomb (SR)   Coul. recip.
    1.03709e+05    5.05679e+05   -3.11950e+04   -4.17609e+06    2.36502e+04
      Potential    Kinetic En.   Total Energy  Conserved En.    Temperature
   -3.51358e+06    6.39864e+05   -2.87371e+06   -1.98079e+06    3.00086e+02
 Pres. DC (bar) Pressure (bar)   Constr. rmsd
   -2.02531e+02   -2.19002e+01    0.00000e+00

           Step           Time
       23550000    47100.00000

   Energies (kJ/mol)
           Bond          Angle    Proper Dih. Per. Imp. Dih.          LJ-14
    7.25113e+03    1.93783e+04    2.41338e+04    1.22808e+03    8.85169e+03
     Coulomb-14        LJ (SR)  Disper. corr.   Coulomb (SR)   Coul. recip.
    1.03275e+05    5.07680e+05   -3.11950e+04   -4.17592e+06    2.36609e+04
      Potential    Kinetic En.   Total Energy  Conserved En.    Temperature
   -3.51165e+06    6.39175e+05   -2.87248e+06   -1.97908e+06    2.99763e+02
 Pres. DC (bar) Pressure (bar)   Constr. rmsd
   -2.02531e+02    1.23065e+01    0.00000e+00

           Step           Time
       23600000    47200.00000

   Energies (kJ/mol)
           Bond          Angle    Proper Dih. Per. Imp. Dih.          LJ-14
    7.27112e+03    1.96240e+04    2.40719e+04    1.24787e+03    8.94167e+03
     Coulomb-14        LJ (SR)  Disper. corr.   Coulomb (SR)   Coul. recip.
    1.03088e+05    5.04782e+05   -3.11655e+04   -4.17340e+06    2.35976e+04
      Potential    Kinetic En.   Total Energy  Conserved En.    Temperature
   -3.51194e+06    6.42057e+05   -2.86988e+06   -1.97703e+06    3.01115e+02
 Pres. DC (bar) Pressure (bar)   Constr. rmsd
   -2.02149e+02   -5.02812e+01    0.00000e+00

           Step           Time
       23650000    47300.00000

   Energies (kJ/mol)
           Bond          Angle    Proper Dih. Per. Imp. Dih.          LJ-14
    7.31980e+03    1.92991e+04    2.41478e+04    1.18984e+03    8.85751e+03
     Coulomb-14        LJ (SR)  Disper. corr.   Coulomb (SR)   Coul. recip.
    1.03046e+05    5.08986e+05   -3.12595e+04   -4.17693e+06    2.37015e+04
      Potential    Kinetic En.   Total Energy  Conserved En.    Temperature
   -3.51164e+06    6.39356e+05   -2.87229e+06   -1.97476e+06    2.99848e+02
 Pres. DC (bar) Pressure (bar)   Constr. rmsd
   -2.03368e+02    1.02096e+02    0.00000e+00

Writing checkpoint, step 23661400 at Tue Sep 29 18:42:39 2026


           Step           Time
       23700000    47400.00000

   Energies (kJ/mol)
           Bond          Angle    Proper Dih. Per. Imp. Dih.          LJ-14
    7.00460e+03    1.89601e+04    2.42274e+04    1.22781e+03    8.89745e+03
     Coulomb-14        LJ (SR)  Disper. corr.   Coulomb (SR)   Coul. recip.
    1.02813e+05    5.03809e+05   -3.11571e+04   -4.17326e+06    2.36502e+04
      Potential    Kinetic En.   Total Energy  Conserved En.    Temperature
   -3.51383e+06    6.37087e+05   -2.87675e+06   -1.97292e+06    2.98783e+02
 Pres. DC (bar) Pressure (bar)   Constr. rmsd
   -2.02040e+02   -7.48526e+01    0.00000e+00

           Step           Time
       23750000    47500.00000

   Energies (kJ/mol)
           Bond          Angle    Proper Dih. Per. Imp. Dih.          LJ-14
    7.31616e+03    1.92470e+04    2.41398e+04    1.17854e+03    8.88494e+03
     Coulomb-14        LJ (SR)  Disper. corr.   Coulomb (SR)   Coul. recip.
    1.03199e+05    5.09487e+05   -3.12700e+04   -4.18184e+06    2.35563e+04
      Potential    Kinetic En.   Total Energy  Conserved En.    Temperature
   -3.51610e+06    6.39309e+05   -2.87679e+06   -1.97156e+06    2.99826e+02
 Pres. DC (bar) Pressure (bar)   Constr. rmsd
   -2.03505e+02    5.85246e+01    0.00000e+00

           Step           Time
       23800000    47600.00000

   Energies (kJ/mol)
           Bond          Angle    Proper Dih. Per. Imp. Dih.          LJ-14
    7.40169e+03    1.93183e+04    2.42957e+04    1.14192e+03    8.89958e+03
     Coulomb-14        LJ (SR)  Disper. corr.   Coulomb (SR)   Coul. recip.
    1.03051e+05    5.09464e+05   -3.11923e+04   -4.17927e+06    2.37527e+04
      Potential    Kinetic En.   Total Energy  Conserved En.    Temperature
   -3.51314e+06    6.38416e+05   -2.87472e+06   -1.96980e+06    2.99407e+02
 Pres. DC (bar) Pressure (bar)   Constr. rmsd
   -2.02496e+02    6.49078e+01    0.00000e+00

           Step           Time
       23850000    47700.00000

   Energies (kJ/mol)
           Bond          Angle    Proper Dih. Per. Imp. Dih.          LJ-14
    7.29789e+03    1.94268e+04    2.41822e+04    1.20175e+03    8.80904e+03
     Coulomb-14        LJ (SR)  Disper. corr.   Coulomb (SR)   Coul. recip.
    1.03087e+05    5.04948e+05   -3.11174e+04   -4.17328e+06    2.38933e+04
      Potential    Kinetic En.   Total Energy  Conserved En.    Temperature
   -3.51155e+06    6.39989e+05   -2.87156e+06   -1.96745e+06    3.00145e+02
 Pres. DC (bar) Pressure (bar)   Constr. rmsd
   -2.01526e+02   -8.58940e+01    0.00000e+00

           Step           Time
       23900000    47800.00000

   Energies (kJ/mol)
           Bond          Angle    Proper Dih. Per. Imp. Dih.          LJ-14
    7.39823e+03    1.95251e+04    2.39749e+04    1.12433e+03    8.80217e+03
     Coulomb-14        LJ (SR)  Disper. corr.   Coulomb (SR)   Coul. recip.
    1.02813e+05    5.08987e+05   -3.12130e+04   -4.17670e+06    2.37151e+04
      Potential    Kinetic En.   Total Energy  Conserved En.    Temperature
   -3.51157e+06    6.38163e+05   -2.87341e+06   -1.96571e+06    2.99288e+02
 Pres. DC (bar) Pressure (bar)   Constr. rmsd
   -2.02764e+02    8.75261e+01    0.00000e+00

Writing checkpoint, step 23939100 at Tue Sep 29 18:57:39 2026


           Step           Time
       23950000    47900.00000

   Energies (kJ/mol)
           Bond          Angle    Proper Dih. Per. Imp. Dih.          LJ-14
    7.44535e+03    1.93127e+04    2.40484e+04    1.20795e+03    8.73688e+03
     Coulomb-14        LJ (SR)  Disper. corr.   Coulomb (SR)   Coul. recip.
    1.03122e+05    5.08232e+05   -3.13075e+04   -4.17819e+06    2.35403e+04
      Potential    Kinetic En.   Total Energy  Conserved En.    Temperature
   -3.51385e+06    6.39781e+05   -2.87407e+06   -1.96394e+06    3.00047e+02
 Pres. DC (bar) Pressure (bar)   Constr. rmsd
   -2.03993e+02    9.38582e+01    0.00000e+00

           Step           Time
       24000000    48000.00000

   Energies (kJ/mol)
           Bond          Angle    Proper Dih. Per. Imp. Dih.          LJ-14
    7.25559e+03    1.93810e+04    2.42242e+04    1.19778e+03    8.89272e+03
     Coulomb-14        LJ (SR)  Disper. corr.   Coulomb (SR)   Coul. recip.
    1.03195e+05    5.02531e+05   -3.11015e+04   -4.16957e+06    2.36280e+04
      Potential    Kinetic En.   Total Energy  Conserved En.    Temperature
   -3.51037e+06    6.38492e+05   -2.87187e+06   -1.96203e+06    2.99442e+02
 Pres. DC (bar) Pressure (bar)   Constr. rmsd
   -2.01320e+02   -1.14692e+02    0.00000e+00

           Step           Time
       24050000    48100.00000

   Energies (kJ/mol)
           Bond          Angle    Proper Dih. Per. Imp. Dih.          LJ-14
    7.37168e+03    1.93603e+04    2.43367e+04    1.17227e+03    8.93377e+03
     Coulomb-14        LJ (SR)  Disper. corr.   Coulomb (SR)   Coul. recip.
    1.03377e+05    5.06841e+05   -3.12028e+04   -4.17519e+06    2.37936e+04
      Potential    Kinetic En.   Total Energy  Conserved En.    Temperature
   -3.51120e+06    6.39254e+05   -2.87195e+06   -1.96020e+06    2.99800e+02
 Pres. DC (bar) Pressure (bar)   Constr. rmsd
   -2.02632e+02    5.12088e+01    0.00000e+00

           Step           Time
       24100000    48200.00000

   Energies (kJ/mol)
           Bond          Angle    Proper Dih. Per. Imp. Dih.          LJ-14
    7.30765e+03    1.90841e+04    2.41550e+04    1.23180e+03    8.91478e+03
     Coulomb-14        LJ (SR)  Disper. corr.   Coulomb (SR)   Coul. recip.
    1.03475e+05    5.03004e+05   -3.11567e+04   -4.17241e+06    2.38451e+04
      Potential    Kinetic En.   Total Energy  Conserved En.    Temperature
   -3.51255e+06    6.38595e+05   -2.87395e+06   -1.95849e+06    2.99491e+02
 Pres. DC (bar) Pressure (bar)   Constr. rmsd
   -2.02035e+02   -8.20518e+01    0.00000e+00

           Step           Time
       24150000    48300.00000

   Energies (kJ/mol)
           Bond          Angle    Proper Dih. Per. Imp. Dih.          LJ-14
    7.40033e+03    1.92794e+04    2.41623e+04    1.17885e+03    8.85459e+03
     Coulomb-14        LJ (SR)  Disper. corr.   Coulomb (SR)   Coul. recip.
    1.03337e+05    5.07765e+05   -3.12010e+04   -4.17565e+06    2.36987e+04
      Potential    Kinetic En.   Total Energy  Conserved En.    Temperature
   -3.51118e+06    6.37969e+05   -2.87321e+06   -1.95664e+06    2.99197e+02
 Pres. DC (bar) Pressure (bar)   Constr. rmsd
   -2.02609e+02    4.54348e+01    0.00000e+00

           Step           Time
       24200000    48400.00000

   Energies (kJ/mol)
           Bond          Angle    Proper Dih. Per. Imp. Dih.          LJ-14
    7.34791e+03    1.91183e+04    2.40500e+04    1.22704e+03    8.76958e+03
     Coulomb-14        LJ (SR)  Disper. corr.   Coulomb (SR)   Coul. recip.
    1.02854e+05    5.09336e+05   -3.12111e+04   -4.18003e+06    2.36820e+04
      Potential    Kinetic En.   Total Energy  Conserved En.    Temperature
   -3.51486e+06    6.38688e+05   -2.87617e+06   -1.95441e+06    2.99534e+02
 Pres. DC (bar) Pressure (bar)   Constr. rmsd
   -2.02740e+02    2.51287e+01    0.00000e+00

           Step           Time
       24250000    48500.00000

   Energies (kJ/mol)
           Bond          Angle    Proper Dih. Per. Imp. Dih.          LJ-14
    7.06696e+03    1.89659e+04    2.43298e+04    1.22229e+03    8.83946e+03
     Coulomb-14        LJ (SR)  Disper. corr.   Coulomb (SR)   Coul. recip.
    1.03187e+05    5.04452e+05   -3.12069e+04   -4.17386e+06    2.34670e+04
      Potential    Kinetic En.   Total Energy  Conserved En.    Temperature
   -3.51354e+06    6.39429e+05   -2.87411e+06   -1.95269e+06    2.99882e+02
 Pres. DC (bar) Pressure (bar)   Constr. rmsd
   -2.02685e+02   -3.99961e+01    0.00000e+00

Writing checkpoint, step 24277200 at Tue Sep 29 19:12:39 2026


           Step           Time
       24300000    48600.00000

   Energies (kJ/mol)
           Bond          Angle    Proper Dih. Per. Imp. Dih.          LJ-14
    7.03568e+03    1.94575e+04    2.40382e+04    1.24288e+03    8.91821e+03
     Coulomb-14        LJ (SR)  Disper. corr.   Coulomb (SR)   Coul. recip.
    1.03065e+05    5.08554e+05   -3.12182e+04   -4.17867e+06    2.34687e+04
      Potential    Kinetic En.   Total Energy  Conserved En.    Temperature
   -3.51410e+06    6.38667e+05   -2.87544e+06   -1.95089e+06    2.99525e+02
 Pres. DC (bar) Pressure (bar)   Constr. rmsd
   -2.02832e+02    5.16834e+01    0.00000e+00

           Step           Time
       24350000    48700.00000

   Energies (kJ/mol)
           Bond          Angle    Proper Dih. Per. Imp. Dih.          LJ-14
    6.99042e+03    1.91124e+04    2.40536e+04    1.23298e+03    8.80372e+03
     Coulomb-14        LJ (SR)  Disper. corr.   Coulomb (SR)   Coul. recip.
    1.03190e+05    5.07873e+05   -3.10936e+04   -4.17698e+06    2.36508e+04
      Potential    Kinetic En.   Total Energy  Conserved En.    Temperature
   -3.51317e+06    6.39948e+05   -2.87322e+06   -1.94964e+06    3.00126e+02
 Pres. DC (bar) Pressure (bar)   Constr. rmsd
   -2.01218e+02   -2.27415e+01    0.00000e+00

           Step           Time
       24400000    48800.00000

   Energies (kJ/mol)
           Bond          Angle    Proper Dih. Per. Imp. Dih.          LJ-14
    7.11811e+03    1.93979e+04    2.40443e+04    1.20533e+03    8.82531e+03
     Coulomb-14        LJ (SR)  Disper. corr.   Coulomb (SR)   Coul. recip.
    1.03123e+05    5.05719e+05   -3.11512e+04   -4.17469e+06    2.33563e+04
      Potential    Kinetic En.   Total Energy  Conserved En.    Temperature
   -3.51305e+06    6.37402e+05   -2.87565e+06   -1.94761e+06    2.98931e+02
 Pres. DC (bar) Pressure (bar)   Constr. rmsd
   -2.01963e+02   -4.14752e+01    0.00000e+00

           Step           Time
       24450000    48900.00000

   Energies (kJ/mol)
           Bond          Angle    Proper Dih. Per. Imp. Dih.          LJ-14
    7.40640e+03    1.94570e+04    2.42655e+04    1.21119e+03    8.84416e+03
     Coulomb-14        LJ (SR)  Disper. corr.   Coulomb (SR)   Coul. recip.
    1.02992e+05    5.08487e+05   -3.13212e+04   -4.17821e+06    2.35248e+04
      Potential    Kinetic En.   Total Energy  Conserved En.    Temperature
   -3.51334e+06    6.38442e+05   -2.87490e+06   -1.94460e+06    2.99419e+02
 Pres. DC (bar) Pressure (bar)   Constr. rmsd
   -2.04171e+02    9.45959e+01    0.00000e+00

           Step           Time
       24500000    49000.00000

   Energies (kJ/mol)
           Bond          Angle    Proper Dih. Per. Imp. Dih.          LJ-14
    7.30104e+03    1.92682e+04    2.42251e+04    1.16254e+03    8.97637e+03
     Coulomb-14        LJ (SR)  Disper. corr.   Coulomb (SR)   Coul. recip.
    1.03276e+05    5.07046e+05   -3.12421e+04   -4.17633e+06    2.36826e+04
      Potential    Kinetic En.   Total Energy  Conserved En.    Temperature
   -3.51263e+06    6.41496e+05   -2.87114e+06   -1.94285e+06    3.00852e+02
 Pres. DC (bar) Pressure (bar)   Constr. rmsd
   -2.03142e+02    6.71369e+01    0.00000e+00

           Step           Time
       24550000    49100.00000

   Energies (kJ/mol)
           Bond          Angle    Proper Dih. Per. Imp. Dih.          LJ-14
    7.13014e+03    1.94215e+04    2.41151e+04    1.15699e+03    8.80668e+03
     Coulomb-14        LJ (SR)  Disper. corr.   Coulomb (SR)   Coul. recip.
    1.03059e+05    5.08434e+05   -3.12226e+04   -4.17621e+06    2.37157e+04
      Potential    Kinetic En.   Total Energy  Conserved En.    Temperature
   -3.51159e+06    6.37948e+05   -2.87364e+06   -1.94112e+06    2.99187e+02
 Pres. DC (bar) Pressure (bar)   Constr. rmsd
   -2.02890e+02    7.73854e+01    0.00000e+00

           Step           Time
       24600000    49200.00000

   Energies (kJ/mol)
           Bond          Angle    Proper Dih. Per. Imp. Dih.          LJ-14
    7.13507e+03    1.90255e+04    2.41554e+04    1.21577e+03    8.83603e+03
     Coulomb-14        LJ (SR)  Disper. corr.   Coulomb (SR)   Coul. recip.
    1.03087e+05    5.08807e+05   -3.12133e+04   -4.17737e+06    2.34910e+04
      Potential    Kinetic En.   Total Energy  Conserved En.    Temperature
   -3.51283e+06    6.35976e+05   -2.87685e+06   -1.93928e+06    2.98262e+02
 Pres. DC (bar) Pressure (bar)   Constr. rmsd
   -2.02768e+02    1.07288e+01    0.00000e+00

Writing checkpoint, step 24617700 at Tue Sep 29 19:27:39 2026


           Step           Time
       24650000    49300.00000

   Energies (kJ/mol)
           Bond          Angle    Proper Dih. Per. Imp. Dih.          LJ-14
    7.01238e+03    1.97189e+04    2.42777e+04    1.13091e+03    8.86391e+03
     Coulomb-14        LJ (SR)  Disper. corr.   Coulomb (SR)   Coul. recip.
    1.02882e+05    5.08361e+05   -3.12163e+04   -4.18055e+06    2.36294e+04
      Potential    Kinetic En.   Total Energy  Conserved En.    Temperature
   -3.51589e+06    6.41982e+05   -2.87390e+06   -1.93736e+06    3.01079e+02
 Pres. DC (bar) Pressure (bar)   Constr. rmsd
   -2.02807e+02    2.77640e+01    0.00000e+00

           Step           Time
       24700000    49400.00000

   Energies (kJ/mol)
           Bond          Angle    Proper Dih. Per. Imp. Dih.          LJ-14
    7.28490e+03    1.90177e+04    2.40567e+04    1.16020e+03    8.98720e+03
     Coulomb-14        LJ (SR)  Disper. corr.   Coulomb (SR)   Coul. recip.
    1.03064e+05    5.02347e+05   -3.11888e+04   -4.17198e+06    2.35116e+04
      Potential    Kinetic En.   Total Energy  Conserved En.    Temperature
   -3.51374e+06    6.39687e+05   -2.87406e+06   -1.93535e+06    3.00003e+02
 Pres. DC (bar) Pressure (bar)   Constr. rmsd
   -2.02450e+02   -7.96543e+01    0.00000e+00

           Step           Time
       24750000    49500.00000

   Energies (kJ/mol)
           Bond          Angle    Proper Dih. Per. Imp. Dih.          LJ-14
    6.95263e+03    1.94802e+04    2.42300e+04    1.12308e+03    8.92668e+03
     Coulomb-14        LJ (SR)  Disper. corr.   Coulomb (SR)   Coul. recip.
    1.03333e+05    5.10185e+05   -3.12518e+04   -4.18360e+06    2.35002e+04
      Potential    Kinetic En.   Total Energy  Conserved En.    Temperature
   -3.51712e+06    6.40045e+05   -2.87708e+06   -1.93369e+06    3.00171e+02
 Pres. DC (bar) Pressure (bar)   Constr. rmsd
   -2.03269e+02    1.14074e+02    0.00000e+00

           Step           Time
       24800000    49600.00000

   Energies (kJ/mol)
           Bond          Angle    Proper Dih. Per. Imp. Dih.          LJ-14
    7.45155e+03    1.92641e+04    2.40260e+04    1.12600e+03    8.94723e+03
     Coulomb-14        LJ (SR)  Disper. corr.   Coulomb (SR)   Coul. recip.
    1.02944e+05    5.04884e+05   -3.11846e+04   -4.17440e+06    2.35451e+04
      Potential    Kinetic En.   Total Energy  Conserved En.    Temperature
   -3.51340e+06    6.40021e+05   -2.87338e+06   -1.93165e+06    3.00160e+02
 Pres. DC (bar) Pressure (bar)   Constr. rmsd
   -2.02396e+02   -3.20320e+01    0.00000e+00

           Step           Time
       24850000    49700.00000

   Energies (kJ/mol)
           Bond          Angle    Proper Dih. Per. Imp. Dih.          LJ-14
    7.48690e+03    1.95734e+04    2.41209e+04    1.22684e+03    8.75910e+03
     Coulomb-14        LJ (SR)  Disper. corr.   Coulomb (SR)   Coul. recip.
    1.02969e+05    5.06976e+05   -3.12109e+04   -4.17405e+06    2.37913e+04
      Potential    Kinetic En.   Total Energy  Conserved En.    Temperature
   -3.51036e+06    6.40524e+05   -2.86984e+06   -1.92967e+06    3.00395e+02
 Pres. DC (bar) Pressure (bar)   Constr. rmsd
   -2.02737e+02    8.06087e+00    0.00000e+00

           Step           Time
       24900000    49800.00000

   Energies (kJ/mol)
           Bond          Angle    Proper Dih. Per. Imp. Dih.          LJ-14
    7.15946e+03    1.93356e+04    2.39698e+04    1.14802e+03    8.74664e+03
     Coulomb-14        LJ (SR)  Disper. corr.   Coulomb (SR)   Coul. recip.
    1.03267e+05    5.09825e+05   -3.12721e+04   -4.18352e+06    2.34633e+04
      Potential    Kinetic En.   Total Energy  Conserved En.    Temperature
   -3.51788e+06    6.38875e+05   -2.87900e+06   -1.92846e+06    2.99622e+02
 Pres. DC (bar) Pressure (bar)   Constr. rmsd
   -2.03532e+02    3.39031e+01    0.00000e+00

           Step           Time
       24950000    49900.00000

   Energies (kJ/mol)
           Bond          Angle    Proper Dih. Per. Imp. Dih.          LJ-14
    7.26812e+03    1.99170e+04    2.40344e+04    1.12952e+03    8.76171e+03
     Coulomb-14        LJ (SR)  Disper. corr.   Coulomb (SR)   Coul. recip.
    1.03049e+05    5.08905e+05   -3.12600e+04   -4.17696e+06    2.34964e+04
      Potential    Kinetic En.   Total Energy  Conserved En.    Temperature
   -3.51166e+06    6.41890e+05   -2.86977e+06   -1.92713e+06    3.01036e+02
 Pres. DC (bar) Pressure (bar)   Constr. rmsd
   -2.03375e+02    9.52806e+01    0.00000e+00

Writing checkpoint, step 24955900 at Tue Sep 29 19:42:39 2026


           Step           Time
       25000000    50000.00000

   Energies (kJ/mol)
           Bond          Angle    Proper Dih. Per. Imp. Dih.          LJ-14
    7.28007e+03    1.95547e+04    2.40305e+04    1.17290e+03    8.91351e+03
     Coulomb-14        LJ (SR)  Disper. corr.   Coulomb (SR)   Coul. recip.
    1.03054e+05    5.09206e+05   -3.12658e+04   -4.17752e+06    2.35263e+04
      Potential    Kinetic En.   Total Energy  Conserved En.    Temperature
   -3.51205e+06    6.41067e+05   -2.87098e+06   -1.92480e+06    3.00650e+02
 Pres. DC (bar) Pressure (bar)   Constr. rmsd
   -2.03450e+02    1.08899e+02    0.00000e+00

           Step           Time
       25050000    50100.00000

   Energies (kJ/mol)
           Bond          Angle    Proper Dih. Per. Imp. Dih.          LJ-14
    7.31069e+03    1.90803e+04    2.41447e+04    1.25531e+03    8.73340e+03
     Coulomb-14        LJ (SR)  Disper. corr.   Coulomb (SR)   Coul. recip.
    1.03010e+05    5.13156e+05   -3.11924e+04   -4.18507e+06    2.35249e+04
      Potential    Kinetic En.   Total Energy  Conserved En.    Temperature
   -3.51605e+06    6.39565e+05   -2.87648e+06   -1.92292e+06    2.99946e+02
 Pres. DC (bar) Pressure (bar)   Constr. rmsd
   -2.02497e+02    8.60750e+01    0.00000e+00

           Step           Time
       25100000    50200.00000

   Energies (kJ/mol)
           Bond          Angle    Proper Dih. Per. Imp. Dih.          LJ-14
    7.23323e+03    1.90333e+04    2.41155e+04    1.13981e+03    8.76946e+03
     Coulomb-14        LJ (SR)  Disper. corr.   Coulomb (SR)   Coul. recip.
    1.03428e+05    5.10878e+05   -3.11642e+04   -4.18342e+06    2.36396e+04
      Potential    Kinetic En.   Total Energy  Conserved En.    Temperature
   -3.51635e+06    6.39306e+05   -2.87704e+06   -1.92070e+06    2.99824e+02
 Pres. DC (bar) Pressure (bar)   Constr. rmsd
   -2.02132e+02    4.37030e+01    0.00000e+00

           Step           Time
       25150000    50300.00000

   Energies (kJ/mol)
           Bond          Angle    Proper Dih. Per. Imp. Dih.          LJ-14
    7.43763e+03    1.96870e+04    2.40481e+04    1.11937e+03    8.70220e+03
     Coulomb-14        LJ (SR)  Disper. corr.   Coulomb (SR)   Coul. recip.
    1.02975e+05    5.08765e+05   -3.12981e+04   -4.17874e+06    2.37521e+04
      Potential    Kinetic En.   Total Energy  Conserved En.    Temperature
   -3.51355e+06    6.38164e+05   -2.87539e+06   -1.91865e+06    2.99289e+02
 Pres. DC (bar) Pressure (bar)   Constr. rmsd
   -2.03870e+02    6.73891e+01    0.00000e+00

           Step           Time
       25200000    50400.00000

   Energies (kJ/mol)
           Bond          Angle    Proper Dih. Per. Imp. Dih.          LJ-14
    7.11059e+03    1.95445e+04    2.42121e+04    1.11408e+03    8.72044e+03
     Coulomb-14        LJ (SR)  Disper. corr.   Coulomb (SR)   Coul. recip.
    1.03423e+05    5.13040e+05   -3.13387e+04   -4.18837e+06    2.36032e+04
      Potential    Kinetic En.   Total Energy  Conserved En.    Temperature
   -3.51894e+06    6.39470e+05   -2.87947e+06   -1.91722e+06    2.99901e+02
 Pres. DC (bar) Pressure (bar)   Constr. rmsd
   -2.04399e+02    1.39468e+02    0.00000e+00

           Step           Time
       25250000    50500.00000

   Energies (kJ/mol)
           Bond          Angle    Proper Dih. Per. Imp. Dih.          LJ-14
    7.29332e+03    1.93299e+04    2.44737e+04    1.17015e+03    8.88271e+03
     Coulomb-14        LJ (SR)  Disper. corr.   Coulomb (SR)   Coul. recip.
    1.03251e+05    5.08198e+05   -3.12151e+04   -4.17780e+06    2.36401e+04
      Potential    Kinetic En.   Total Energy  Conserved En.    Temperature
   -3.51278e+06    6.38459e+05   -2.87432e+06   -1.91468e+06    2.99427e+02
 Pres. DC (bar) Pressure (bar)   Constr. rmsd
   -2.02792e+02    4.36337e+01    0.00000e+00

Writing checkpoint, step 25295900 at Tue Sep 29 19:57:39 2026


           Step           Time
       25300000    50600.00000

   Energies (kJ/mol)
           Bond          Angle    Proper Dih. Per. Imp. Dih.          LJ-14
    7.34171e+03    1.91553e+04    2.42936e+04    1.27726e+03    8.73567e+03
     Coulomb-14        LJ (SR)  Disper. corr.   Coulomb (SR)   Coul. recip.
    1.02988e+05    5.06951e+05   -3.11888e+04   -4.17660e+06    2.37120e+04
      Potential    Kinetic En.   Total Energy  Conserved En.    Temperature
   -3.51333e+06    6.40648e+05   -2.87268e+06   -1.91312e+06    3.00454e+02
 Pres. DC (bar) Pressure (bar)   Constr. rmsd
   -2.02451e+02   -1.38001e+01    0.00000e+00

           Step           Time
       25350000    50700.00000

   Energies (kJ/mol)
           Bond          Angle    Proper Dih. Per. Imp. Dih.          LJ-14
    7.64165e+03    1.91402e+04    2.42016e+04    1.23439e+03    8.81192e+03
     Coulomb-14        LJ (SR)  Disper. corr.   Coulomb (SR)   Coul. recip.
    1.03543e+05    5.08104e+05   -3.11967e+04   -4.17876e+06    2.37634e+04
      Potential    Kinetic En.   Total Energy  Conserved En.    Temperature
   -3.51352e+06    6.39400e+05   -2.87412e+06   -1.91099e+06    2.99868e+02
 Pres. DC (bar) Pressure (bar)   Constr. rmsd
   -2.02553e+02   -2.31644e+01    0.00000e+00

           Step           Time
       25400000    50800.00000

   Energies (kJ/mol)
           Bond          Angle    Proper Dih. Per. Imp. Dih.          LJ-14
    7.25342e+03    1.92958e+04    2.42703e+04    1.16915e+03    8.84037e+03
     Coulomb-14        LJ (SR)  Disper. corr.   Coulomb (SR)   Coul. recip.
    1.03490e+05    5.03640e+05   -3.11544e+04   -4.17239e+06    2.37242e+04
      Potential    Kinetic En.   Total Energy  Conserved En.    Temperature
   -3.51186e+06    6.37820e+05   -2.87404e+06   -1.90891e+06    2.99128e+02
 Pres. DC (bar) Pressure (bar)   Constr. rmsd
   -2.02005e+02   -1.01310e+02    0.00000e+00

           Step           Time
       25450000    50900.00000

   Energies (kJ/mol)
           Bond          Angle    Proper Dih. Per. Imp. Dih.          LJ-14
    7.31502e+03    1.94170e+04    2.40728e+04    1.11583e+03    8.77215e+03
     Coulomb-14        LJ (SR)  Disper. corr.   Coulomb (SR)   Coul. recip.
    1.03340e+05    5.09977e+05   -3.12481e+04   -4.18121e+06    2.38362e+04
      Potential    Kinetic En.   Total Energy  Conserved En.    Temperature
   -3.51461e+06    6.39031e+05   -2.87558e+06   -1.90733e+06    2.99695e+02
 Pres. DC (bar) Pressure (bar)   Constr. rmsd
   -2.03220e+02    5.68585e+01    0.00000e+00

           Step           Time
       25500000    51000.00000

   Energies (kJ/mol)
           Bond          Angle    Proper Dih. Per. Imp. Dih.          LJ-14
    7.54619e+03    1.91612e+04    2.42117e+04    1.17621e+03    8.73899e+03
     Coulomb-14        LJ (SR)  Disper. corr.   Coulomb (SR)   Coul. recip.
    1.03250e+05    5.04375e+05   -3.11863e+04   -4.17693e+06    2.36278e+04
      Potential    Kinetic En.   Total Energy  Conserved En.    Temperature
   -3.51603e+06    6.40873e+05   -2.87516e+06   -1.90542e+06    3.00559e+02
 Pres. DC (bar) Pressure (bar)   Constr. rmsd
   -2.02418e+02   -1.10048e+02    0.00000e+00

           Step           Time
       25550000    51100.00000

   Energies (kJ/mol)
           Bond          Angle    Proper Dih. Per. Imp. Dih.          LJ-14
    7.23752e+03    1.97845e+04    2.39980e+04    1.17100e+03    8.81629e+03
     Coulomb-14        LJ (SR)  Disper. corr.   Coulomb (SR)   Coul. recip.
    1.03249e+05    5.06640e+05   -3.12134e+04   -4.17735e+06    2.37171e+04
      Potential    Kinetic En.   Total Energy  Conserved En.    Temperature
   -3.51395e+06    6.40968e+05   -2.87298e+06   -1.90322e+06    3.00604e+02
 Pres. DC (bar) Pressure (bar)   Constr. rmsd
   -2.02770e+02    5.49198e+00    0.00000e+00

           Step           Time
       25600000    51200.00000

   Energies (kJ/mol)
           Bond          Angle    Proper Dih. Per. Imp. Dih.          LJ-14
    7.14604e+03    1.94760e+04    2.42248e+04    1.17991e+03    8.86596e+03
     Coulomb-14        LJ (SR)  Disper. corr.   Coulomb (SR)   Coul. recip.
    1.02710e+05    5.05736e+05   -3.11533e+04   -4.17419e+06    2.37443e+04
      Potential    Kinetic En.   Total Energy  Conserved En.    Temperature
   -3.51226e+06    6.39056e+05   -2.87321e+06   -1.90125e+06    2.99707e+02
 Pres. DC (bar) Pressure (bar)   Constr. rmsd
   -2.01991e+02   -4.82342e+01    0.00000e+00

Writing checkpoint, step 25623600 at Tue Sep 29 20:12:39 2026


           Step           Time
       25650000    51300.00000

   Energies (kJ/mol)
           Bond          Angle    Proper Dih. Per. Imp. Dih.          LJ-14
    7.20844e+03    1.93232e+04    2.42676e+04    1.19692e+03    8.73506e+03
     Coulomb-14        LJ (SR)  Disper. corr.   Coulomb (SR)   Coul. recip.
    1.03110e+05    5.06794e+05   -3.11368e+04   -4.17641e+06    2.35171e+04
      Potential    Kinetic En.   Total Energy  Conserved En.    Temperature
   -3.51339e+06    6.38735e+05   -2.87466e+06   -1.89962e+06    2.99556e+02
 Pres. DC (bar) Pressure (bar)   Constr. rmsd
   -2.01776e+02   -3.14715e+01    0.00000e+00

           Step           Time
       25700000    51400.00000

   Energies (kJ/mol)
           Bond          Angle    Proper Dih. Per. Imp. Dih.          LJ-14
    7.46889e+03    1.94754e+04    2.40352e+04    1.15341e+03    8.84522e+03
     Coulomb-14        LJ (SR)  Disper. corr.   Coulomb (SR)   Coul. recip.
    1.03115e+05    5.06677e+05   -3.11546e+04   -4.17335e+06    2.34991e+04
      Potential    Kinetic En.   Total Energy  Conserved En.    Temperature
   -3.51024e+06    6.42592e+05   -2.86764e+06   -1.89761e+06    3.01366e+02
 Pres. DC (bar) Pressure (bar)   Constr. rmsd
   -2.02007e+02   -2.09778e+01    0.00000e+00

           Step           Time
       25750000    51500.00000

   Energies (kJ/mol)
           Bond          Angle    Proper Dih. Per. Imp. Dih.          LJ-14
    7.32673e+03    1.91097e+04    2.38321e+04    1.20635e+03    8.90273e+03
     Coulomb-14        LJ (SR)  Disper. corr.   Coulomb (SR)   Coul. recip.
    1.03263e+05    5.09878e+05   -3.12102e+04   -4.18172e+06    2.36856e+04
      Potential    Kinetic En.   Total Energy  Conserved En.    Temperature
   -3.51572e+06    6.37574e+05   -2.87815e+06   -1.89562e+06    2.99012e+02
 Pres. DC (bar) Pressure (bar)   Constr. rmsd
   -2.02728e+02    4.82994e+01    0.00000e+00

           Step           Time
       25800000    51600.00000

   Energies (kJ/mol)
           Bond          Angle    Proper Dih. Per. Imp. Dih.          LJ-14
    7.29466e+03    1.94943e+04    2.40393e+04    1.14523e+03    8.77268e+03
     Coulomb-14        LJ (SR)  Disper. corr.   Coulomb (SR)   Coul. recip.
    1.02673e+05    5.09600e+05   -3.12243e+04   -4.17993e+06    2.36354e+04
      Potential    Kinetic En.   Total Energy  Conserved En.    Temperature
   -3.51450e+06    6.39000e+05   -2.87550e+06   -1.89388e+06    2.99681e+02
 Pres. DC (bar) Pressure (bar)   Constr. rmsd
   -2.02911e+02    7.01265e+01    0.00000e+00

           Step           Time
       25850000    51700.00000

   Energies (kJ/mol)
           Bond          Angle    Proper Dih. Per. Imp. Dih.          LJ-14
    7.22893e+03    1.92126e+04    2.42427e+04    1.17685e+03    8.77648e+03
     Coulomb-14        LJ (SR)  Disper. corr.   Coulomb (SR)   Coul. recip.
    1.03171e+05    5.05782e+05   -3.11347e+04   -4.17664e+06    2.35261e+04
      Potential    Kinetic En.   Total Energy  Conserved En.    Temperature
   -3.51466e+06    6.40015e+05   -2.87464e+06   -1.89244e+06    3.00157e+02
 Pres. DC (bar) Pressure (bar)   Constr. rmsd
   -2.01750e+02   -4.09314e+01    0.00000e+00

           Step           Time
       25900000    51800.00000

   Energies (kJ/mol)
           Bond          Angle    Proper Dih. Per. Imp. Dih.          LJ-14
    7.44704e+03    1.93364e+04    2.40399e+04    1.13916e+03    8.89606e+03
     Coulomb-14        LJ (SR)  Disper. corr.   Coulomb (SR)   Coul. recip.
    1.02911e+05    5.05085e+05   -3.11205e+04   -4.17185e+06    2.35264e+04
      Potential    Kinetic En.   Total Energy  Conserved En.    Temperature
   -3.51059e+06    6.37994e+05   -2.87260e+06   -1.89034e+06    2.99209e+02
 Pres. DC (bar) Pressure (bar)   Constr. rmsd
   -2.01566e+02   -5.48597e+01    0.00000e+00

           Step           Time
       25950000    51900.00000

   Energies (kJ/mol)
           Bond          Angle    Proper Dih. Per. Imp. Dih.          LJ-14
    7.35230e+03    1.93556e+04    2.40795e+04    1.17680e+03    8.90525e+03
     Coulomb-14        LJ (SR)  Disper. corr.   Coulomb (SR)   Coul. recip.
    1.02755e+05    5.04886e+05   -3.11637e+04   -4.17317e+06    2.36337e+04
      Potential    Kinetic En.   Total Energy  Conserved En.    Temperature
   -3.51219e+06    6.38848e+05   -2.87334e+06   -1.88816e+06    2.99609e+02
 Pres. DC (bar) Pressure (bar)   Constr. rmsd
   -2.02125e+02   -4.85869e+01    0.00000e+00

Writing checkpoint, step 25967300 at Tue Sep 29 20:27:39 2026


           Step           Time
       26000000    52000.00000

   Energies (kJ/mol)
           Bond          Angle    Proper Dih. Per. Imp. Dih.          LJ-14
    7.30871e+03    1.88620e+04    2.41980e+04    1.15701e+03    8.94312e+03
     Coulomb-14        LJ (SR)  Disper. corr.   Coulomb (SR)   Coul. recip.
    1.02787e+05    5.04891e+05   -3.12519e+04   -4.17349e+06    2.35664e+04
      Potential    Kinetic En.   Total Energy  Conserved En.    Temperature
   -3.51303e+06    6.40547e+05   -2.87248e+06   -1.88601e+06    3.00406e+02
 Pres. DC (bar) Pressure (bar)   Constr. rmsd
   -2.03270e+02   -1.04872e+01    0.00000e+00

           Step           Time
       26050000    52100.00000

   Energies (kJ/mol)
           Bond          Angle    Proper Dih. Per. Imp. Dih.          LJ-14
    7.27036e+03    1.93998e+04    2.40108e+04    1.16484e+03    8.96336e+03
     Coulomb-14        LJ (SR)  Disper. corr.   Coulomb (SR)   Coul. recip.
    1.02747e+05    5.07795e+05   -3.12157e+04   -4.17756e+06    2.34302e+04
      Potential    Kinetic En.   Total Energy  Conserved En.    Temperature
   -3.51399e+06    6.37496e+05   -2.87650e+06   -1.88424e+06    2.98975e+02
 Pres. DC (bar) Pressure (bar)   Constr. rmsd
   -2.02800e+02    5.42120e+01    0.00000e+00

           Step           Time
       26100000    52200.00000

   Energies (kJ/mol)
           Bond          Angle    Proper Dih. Per. Imp. Dih.          LJ-14
    7.06593e+03    1.95911e+04    2.41294e+04    1.14667e+03    8.92470e+03
     Coulomb-14        LJ (SR)  Disper. corr.   Coulomb (SR)   Coul. recip.
    1.03320e+05    5.04251e+05   -3.11852e+04   -4.17348e+06    2.36830e+04
      Potential    Kinetic En.   Total Energy  Conserved En.    Temperature
   -3.51255e+06    6.40486e+05   -2.87207e+06   -1.88276e+06    3.00378e+02
 Pres. DC (bar) Pressure (bar)   Constr. rmsd
   -2.02404e+02   -5.46988e+01    0.00000e+00

           Step           Time
       26150000    52300.00000

   Energies (kJ/mol)
           Bond          Angle    Proper Dih. Per. Imp. Dih.          LJ-14
    7.42182e+03    1.93372e+04    2.40878e+04    1.14076e+03    8.84150e+03
     Coulomb-14        LJ (SR)  Disper. corr.   Coulomb (SR)   Coul. recip.
    1.02378e+05    5.05412e+05   -3.12398e+04   -4.17428e+06    2.34609e+04
      Potential    Kinetic En.   Total Energy  Conserved En.    Temperature
   -3.51344e+06    6.39556e+05   -2.87388e+06   -1.88048e+06    2.99941e+02
 Pres. DC (bar) Pressure (bar)   Constr. rmsd
   -2.03113e+02   -3.32167e+01    0.00000e+00

           Step           Time
       26200000    52400.00000

   Energies (kJ/mol)
           Bond          Angle    Proper Dih. Per. Imp. Dih.          LJ-14
    7.46831e+03    1.93044e+04    2.39377e+04    1.17472e+03    8.83737e+03
     Coulomb-14        LJ (SR)  Disper. corr.   Coulomb (SR)   Coul. recip.
    1.02908e+05    5.05378e+05   -3.11448e+04   -4.17494e+06    2.37756e+04
      Potential    Kinetic En.   Total Energy  Conserved En.    Temperature
   -3.51330e+06    6.38864e+05   -2.87444e+06   -1.87870e+06    2.99617e+02
 Pres. DC (bar) Pressure (bar)   Constr. rmsd
   -2.01881e+02   -4.02118e+01    0.00000e+00

           Step           Time
       26250000    52500.00000

   Energies (kJ/mol)
           Bond          Angle    Proper Dih. Per. Imp. Dih.          LJ-14
    7.42031e+03    1.93412e+04    2.39840e+04    1.11962e+03    8.91183e+03
     Coulomb-14        LJ (SR)  Disper. corr.   Coulomb (SR)   Coul. recip.
    1.02800e+05    5.06037e+05   -3.11875e+04   -4.17433e+06    2.36305e+04
      Potential    Kinetic En.   Total Energy  Conserved En.    Temperature
   -3.51227e+06    6.40993e+05   -2.87128e+06   -1.87675e+06    3.00615e+02
 Pres. DC (bar) Pressure (bar)   Constr. rmsd
   -2.02434e+02   -2.44711e+01    0.00000e+00

Writing checkpoint, step 26296900 at Tue Sep 29 20:42:39 2026


           Step           Time
       26300000    52600.00000

   Energies (kJ/mol)
           Bond          Angle    Proper Dih. Per. Imp. Dih.          LJ-14
    7.39298e+03    1.94076e+04    2.41927e+04    1.18917e+03    8.98281e+03
     Coulomb-14        LJ (SR)  Disper. corr.   Coulomb (SR)   Coul. recip.
    1.02958e+05    5.03885e+05   -3.11498e+04   -4.17398e+06    2.36517e+04
      Potential    Kinetic En.   Total Energy  Conserved En.    Temperature
   -3.51347e+06    6.38583e+05   -2.87489e+06   -1.87407e+06    2.99485e+02
 Pres. DC (bar) Pressure (bar)   Constr. rmsd
   -2.01946e+02   -6.57016e+01    0.00000e+00

           Step           Time
       26350000    52700.00000

   Energies (kJ/mol)
           Bond          Angle    Proper Dih. Per. Imp. Dih.          LJ-14
    7.29570e+03    1.94597e+04    2.40005e+04    1.16545e+03    8.91605e+03
     Coulomb-14        LJ (SR)  Disper. corr.   Coulomb (SR)   Coul. recip.
    1.03054e+05    5.06931e+05   -3.11382e+04   -4.17378e+06    2.36611e+04
      Potential    Kinetic En.   Total Energy  Conserved En.    Temperature
   -3.51043e+06    6.40954e+05   -2.86948e+06   -1.87220e+06    3.00597e+02
 Pres. DC (bar) Pressure (bar)   Constr. rmsd
   -2.01795e+02   -1.09098e+01    0.00000e+00

           Step           Time
       26400000    52800.00000

   Energies (kJ/mol)
           Bond          Angle    Proper Dih. Per. Imp. Dih.          LJ-14
    7.08198e+03    1.93330e+04    2.39596e+04    1.14917e+03    8.85803e+03
     Coulomb-14        LJ (SR)  Disper. corr.   Coulomb (SR)   Coul. recip.
    1.03044e+05    5.09238e+05   -3.11574e+04   -4.17829e+06    2.37126e+04
      Potential    Kinetic En.   Total Energy  Conserved En.    Temperature
   -3.51307e+06    6.38717e+05   -2.87435e+06   -1.87063e+06    2.99548e+02
 Pres. DC (bar) Pressure (bar)   Constr. rmsd
   -2.02044e+02    2.80829e+01    0.00000e+00

           Step           Time
       26450000    52900.00000

   Energies (kJ/mol)
           Bond          Angle    Proper Dih. Per. Imp. Dih.          LJ-14
    7.26389e+03    1.96048e+04    2.42119e+04    1.19409e+03    8.85870e+03
     Coulomb-14        LJ (SR)  Disper. corr.   Coulomb (SR)   Coul. recip.
    1.02684e+05    5.04430e+05   -3.11642e+04   -4.17237e+06    2.37422e+04
      Potential    Kinetic En.   Total Energy  Conserved En.    Temperature
   -3.51155e+06    6.38877e+05   -2.87267e+06   -1.86864e+06    2.99623e+02
 Pres. DC (bar) Pressure (bar)   Constr. rmsd
   -2.02131e+02   -6.19134e+01    0.00000e+00

           Step           Time
       26500000    53000.00000

   Energies (kJ/mol)
           Bond          Angle    Proper Dih. Per. Imp. Dih.          LJ-14
    7.38058e+03    1.91880e+04    2.39492e+04    1.22691e+03    8.90352e+03
     Coulomb-14        LJ (SR)  Disper. corr.   Coulomb (SR)   Coul. recip.
    1.02583e+05    5.09365e+05   -3.12695e+04   -4.18004e+06    2.38118e+04
      Potential    Kinetic En.   Total Energy  Conserved En.    Temperature
   -3.51490e+06    6.41520e+05   -2.87338e+06   -1.86674e+06    3.00863e+02
 Pres. DC (bar) Pressure (bar)   Constr. rmsd
   -2.03498e+02    9.61939e+01    0.00000e+00

           Step           Time
       26550000    53100.00000

   Energies (kJ/mol)
           Bond          Angle    Proper Dih. Per. Imp. Dih.          LJ-14
    7.18264e+03    1.92937e+04    2.40577e+04    1.21932e+03    8.86256e+03
     Coulomb-14        LJ (SR)  Disper. corr.   Coulomb (SR)   Coul. recip.
    1.03189e+05    5.08646e+05   -3.12582e+04   -4.17865e+06    2.34052e+04
      Potential    Kinetic En.   Total Energy  Conserved En.    Temperature
   -3.51405e+06    6.39352e+05   -2.87470e+06   -1.86488e+06    2.99846e+02
 Pres. DC (bar) Pressure (bar)   Constr. rmsd
   -2.03351e+02    6.60547e+01    0.00000e+00

Writing checkpoint, step 26579700 at Tue Sep 29 20:57:39 2026


           Step           Time
       26600000    53200.00000

   Energies (kJ/mol)
           Bond          Angle    Proper Dih. Per. Imp. Dih.          LJ-14
    7.27839e+03    1.89677e+04    2.40946e+04    1.09862e+03    8.80946e+03
     Coulomb-14        LJ (SR)  Disper. corr.   Coulomb (SR)   Coul. recip.
    1.02638e+05    5.07860e+05   -3.11844e+04   -4.18020e+06    2.35976e+04
      Potential    Kinetic En.   Total Energy  Conserved En.    Temperature
   -3.51704e+06    6.37440e+05   -2.87960e+06   -1.86295e+06    2.98949e+02
 Pres. DC (bar) Pressure (bar)   Constr. rmsd
   -2.02394e+02   -3.67614e+01    0.00000e+00

           Step           Time
       26650000    53300.00000

   Energies (kJ/mol)
           Bond          Angle    Proper Dih. Per. Imp. Dih.          LJ-14
    7.21549e+03    1.95547e+04    2.41717e+04    1.18985e+03    8.83086e+03
     Coulomb-14        LJ (SR)  Disper. corr.   Coulomb (SR)   Coul. recip.
    1.02853e+05    5.05898e+05   -3.11287e+04   -4.17270e+06    2.35603e+04
      Potential    Kinetic En.   Total Energy  Conserved En.    Temperature
   -3.51056e+06    6.39850e+05   -2.87071e+06   -1.86113e+06    3.00079e+02
 Pres. DC (bar) Pressure (bar)   Constr. rmsd
   -2.01671e+02   -2.17822e+01    0.00000e+00

           Step           Time
       26700000    53400.00000

   Energies (kJ/mol)
           Bond          Angle    Proper Dih. Per. Imp. Dih.          LJ-14
    7.44170e+03    1.94967e+04    2.38545e+04    1.11331e+03    9.00834e+03
     Coulomb-14        LJ (SR)  Disper. corr.   Coulomb (SR)   Coul. recip.
    1.02674e+05    5.09232e+05   -3.12877e+04   -4.17941e+06    2.36276e+04
      Potential    Kinetic En.   Total Energy  Conserved En.    Temperature
   -3.51425e+06    6.40668e+05   -2.87358e+06   -1.85964e+06    3.00463e+02
 Pres. DC (bar) Pressure (bar)   Constr. rmsd
   -2.03735e+02    1.33658e+02    0.00000e+00

           Step           Time
       26750000    53500.00000

   Energies (kJ/mol)
           Bond          Angle    Proper Dih. Per. Imp. Dih.          LJ-14
    7.22543e+03    1.91736e+04    2.39950e+04    1.20273e+03    8.82942e+03
     Coulomb-14        LJ (SR)  Disper. corr.   Coulomb (SR)   Coul. recip.
    1.02927e+05    5.06670e+05   -3.11929e+04   -4.17724e+06    2.35894e+04
      Potential    Kinetic En.   Total Energy  Conserved En.    Temperature
   -3.51482e+06    6.38919e+05   -2.87590e+06   -1.85786e+06    2.99643e+02
 Pres. DC (bar) Pressure (bar)   Constr. rmsd
   -2.02503e+02   -1.55252e+01    0.00000e+00

           Step           Time
       26800000    53600.00000

   Energies (kJ/mol)
           Bond          Angle    Proper Dih. Per. Imp. Dih.          LJ-14
    7.47151e+03    1.90752e+04    2.39514e+04    1.08767e+03    8.85453e+03
     Coulomb-14        LJ (SR)  Disper. corr.   Coulomb (SR)   Coul. recip.
    1.02772e+05    5.09520e+05   -3.11762e+04   -4.18014e+06    2.35291e+04
      Potential    Kinetic En.   Total Energy  Conserved En.    Temperature
   -3.51506e+06    6.39763e+05   -2.87530e+06   -1.85572e+06    3.00039e+02
 Pres. DC (bar) Pressure (bar)   Constr. rmsd
   -2.02287e+02    2.12713e+01    0.00000e+00

           Step           Time
       26850000    53700.00000

   Energies (kJ/mol)
           Bond          Angle    Proper Dih. Per. Imp. Dih.          LJ-14
    7.26696e+03    1.94956e+04    2.40426e+04    1.15957e+03    8.79845e+03
     Coulomb-14        LJ (SR)  Disper. corr.   Coulomb (SR)   Coul. recip.
    1.02642e+05    5.03923e+05   -3.12000e+04   -4.17129e+06    2.38480e+04
      Potential    Kinetic En.   Total Energy  Conserved En.    Temperature
   -3.51131e+06    6.42700e+05   -2.86861e+06   -1.85401e+06    3.01416e+02
 Pres. DC (bar) Pressure (bar)   Constr. rmsd
   -2.02596e+02   -4.08633e+01    0.00000e+00

Writing checkpoint, step 26862900 at Tue Sep 29 21:12:39 2026


           Step           Time
       26900000    53800.00000

   Energies (kJ/mol)
           Bond          Angle    Proper Dih. Per. Imp. Dih.          LJ-14
    7.22644e+03    1.93798e+04    2.40079e+04    1.22537e+03    8.84094e+03
     Coulomb-14        LJ (SR)  Disper. corr.   Coulomb (SR)   Coul. recip.
    1.02967e+05    5.05433e+05   -3.11827e+04   -4.17297e+06    2.36946e+04
      Potential    Kinetic En.   Total Energy  Conserved En.    Temperature
   -3.51138e+06    6.38724e+05   -2.87265e+06   -1.85164e+06    2.99552e+02
 Pres. DC (bar) Pressure (bar)   Constr. rmsd
   -2.02371e+02   -2.40554e+01    0.00000e+00

           Step           Time
       26950000    53900.00000

   Energies (kJ/mol)
           Bond          Angle    Proper Dih. Per. Imp. Dih.          LJ-14
    7.33040e+03    1.91983e+04    2.39422e+04    1.23470e+03    8.94738e+03
     Coulomb-14        LJ (SR)  Disper. corr.   Coulomb (SR)   Coul. recip.
    1.02587e+05    5.03639e+05   -3.11143e+04   -4.17119e+06    2.36113e+04
      Potential    Kinetic En.   Total Energy  Conserved En.    Temperature
   -3.51181e+06    6.39949e+05   -2.87186e+06   -1.84993e+06    3.00126e+02
 Pres. DC (bar) Pressure (bar)   Constr. rmsd
   -2.01486e+02   -1.03396e+02    0.00000e+00

           Step           Time
       27000000    54000.00000

   Energies (kJ/mol)
           Bond          Angle    Proper Dih. Per. Imp. Dih.          LJ-14
    7.33520e+03    1.93188e+04    2.39976e+04    1.32169e+03    8.90900e+03
     Coulomb-14        LJ (SR)  Disper. corr.   Coulomb (SR)   Coul. recip.
    1.02774e+05    5.06222e+05   -3.12271e+04   -4.17496e+06    2.36347e+04
      Potential    Kinetic En.   Total Energy  Conserved En.    Temperature
   -3.51267e+06    6.39760e+05   -2.87291e+06   -1.84814e+06    3.00037e+02
 Pres. DC (bar) Pressure (bar)   Constr. rmsd
   -2.02948e+02   -1.18598e+01    0.00000e+00

           Step           Time
       27050000    54100.00000

   Energies (kJ/mol)
           Bond          Angle    Proper Dih. Per. Imp. Dih.          LJ-14
    7.54953e+03    1.93297e+04    2.39557e+04    1.25140e+03    8.95475e+03
     Coulomb-14        LJ (SR)  Disper. corr.   Coulomb (SR)   Coul. recip.
    1.02649e+05    5.06644e+05   -3.12070e+04   -4.17408e+06    2.35971e+04
      Potential    Kinetic En.   Total Energy  Conserved En.    Temperature
   -3.51136e+06    6.40804e+05   -2.87055e+06   -1.84647e+06    3.00527e+02
 Pres. DC (bar) Pressure (bar)   Constr. rmsd
   -2.02687e+02    4.40087e+01    0.00000e+00

           Step           Time
       27100000    54200.00000

   Energies (kJ/mol)
           Bond          Angle    Proper Dih. Per. Imp. Dih.          LJ-14
    7.35747e+03    1.95224e+04    2.40509e+04    1.19931e+03    8.82076e+03
     Coulomb-14        LJ (SR)  Disper. corr.   Coulomb (SR)   Coul. recip.
    1.02653e+05    5.09887e+05   -3.13230e+04   -4.18269e+06    2.36647e+04
      Potential    Kinetic En.   Total Energy  Conserved En.    Temperature
   -3.51686e+06    6.39538e+05   -2.87732e+06   -1.84447e+06    2.99933e+02
 Pres. DC (bar) Pressure (bar)   Constr. rmsd
   -2.04195e+02    9.72054e+01    0.00000e+00

           Step           Time
       27150000    54300.00000

   Energies (kJ/mol)
           Bond          Angle    Proper Dih. Per. Imp. Dih.          LJ-14
    7.49733e+03    1.91734e+04    2.40987e+04    1.17644e+03    8.86838e+03
     Coulomb-14        LJ (SR)  Disper. corr.   Coulomb (SR)   Coul. recip.
    1.02667e+05    5.05536e+05   -3.12313e+04   -4.17768e+06    2.36375e+04
      Potential    Kinetic En.   Total Energy  Conserved En.    Temperature
   -3.51626e+06    6.39644e+05   -2.87662e+06   -1.84265e+06    2.99983e+02
 Pres. DC (bar) Pressure (bar)   Constr. rmsd
   -2.03002e+02   -2.27014e+01    0.00000e+00

Writing checkpoint, step 27174400 at Tue Sep 29 21:27:39 2026


           Step           Time
       27200000    54400.00000

   Energies (kJ/mol)
           Bond          Angle    Proper Dih. Per. Imp. Dih.          LJ-14
    7.28342e+03    1.94436e+04    2.43067e+04    1.18032e+03    8.95615e+03
     Coulomb-14        LJ (SR)  Disper. corr.   Coulomb (SR)   Coul. recip.
    1.02735e+05    5.07217e+05   -3.12083e+04   -4.17558e+06    2.37268e+04
      Potential    Kinetic En.   Total Energy  Conserved En.    Temperature
   -3.51194e+06    6.40288e+05   -2.87165e+06   -1.84114e+06    3.00285e+02
 Pres. DC (bar) Pressure (bar)   Constr. rmsd
   -2.02704e+02    1.90752e+01    0.00000e+00

           Step           Time
       27250000    54500.00000

   Energies (kJ/mol)
           Bond          Angle    Proper Dih. Per. Imp. Dih.          LJ-14
    7.30986e+03    1.95098e+04    2.40155e+04    1.18363e+03    8.90829e+03
     Coulomb-14        LJ (SR)  Disper. corr.   Coulomb (SR)   Coul. recip.
    1.02938e+05    5.08240e+05   -3.12319e+04   -4.17942e+06    2.36967e+04
      Potential    Kinetic En.   Total Energy  Conserved En.    Temperature
   -3.51485e+06    6.41695e+05   -2.87315e+06   -1.83930e+06    3.00945e+02
 Pres. DC (bar) Pressure (bar)   Constr. rmsd
   -2.03010e+02    1.93027e+01    0.00000e+00

           Step           Time
       27300000    54600.00000

   Energies (kJ/mol)
           Bond          Angle    Proper Dih. Per. Imp. Dih.          LJ-14
    7.36775e+03    1.88922e+04    2.38640e+04    1.12931e+03    8.89847e+03
     Coulomb-14        LJ (SR)  Disper. corr.   Coulomb (SR)   Coul. recip.
    1.02474e+05    5.09051e+05   -3.12581e+04   -4.17967e+06    2.36196e+04
      Potential    Kinetic En.   Total Energy  Conserved En.    Temperature
   -3.51563e+06    6.39765e+05   -2.87586e+06   -1.83715e+06    3.00040e+02
 Pres. DC (bar) Pressure (bar)   Constr. rmsd
   -2.03351e+02    6.85318e+01    0.00000e+00

           Step           Time
       27350000    54700.00000

   Energies (kJ/mol)
           Bond          Angle    Proper Dih. Per. Imp. Dih.          LJ-14
    7.18503e+03    1.91481e+04    2.42436e+04    1.19867e+03    9.02400e+03
     Coulomb-14        LJ (SR)  Disper. corr.   Coulomb (SR)   Coul. recip.
    1.02940e+05    5.05878e+05   -3.12252e+04   -4.17744e+06    2.36177e+04
      Potential    Kinetic En.   Total Energy  Conserved En.    Temperature
   -3.51543e+06    6.41169e+05   -2.87426e+06   -1.83563e+06    3.00698e+02
 Pres. DC (bar) Pressure (bar)   Constr. rmsd
   -2.02923e+02   -1.63077e+01    0.00000e+00

           Step           Time
       27400000    54800.00000

   Energies (kJ/mol)
           Bond          Angle    Proper Dih. Per. Imp. Dih.          LJ-14
    7.25573e+03    1.93849e+04    2.39379e+04    1.25833e+03    8.90916e+03
     Coulomb-14        LJ (SR)  Disper. corr.   Coulomb (SR)   Coul. recip.
    1.02940e+05    5.04739e+05   -3.12265e+04   -4.17341e+06    2.37223e+04
      Potential    Kinetic En.   Total Energy  Conserved En.    Temperature
   -3.51249e+06    6.38753e+05   -2.87373e+06   -1.83392e+06    2.99565e+02
 Pres. DC (bar) Pressure (bar)   Constr. rmsd
   -2.02940e+02   -3.54616e+01    0.00000e+00

           Step           Time
       27450000    54900.00000

   Energies (kJ/mol)
           Bond          Angle    Proper Dih. Per. Imp. Dih.          LJ-14
    7.26779e+03    1.93674e+04    2.39707e+04    1.08816e+03    8.92037e+03
     Coulomb-14        LJ (SR)  Disper. corr.   Coulomb (SR)   Coul. recip.
    1.02604e+05    5.08645e+05   -3.12655e+04   -4.17926e+06    2.35338e+04
      Potential    Kinetic En.   Total Energy  Conserved En.    Temperature
   -3.51513e+06    6.41038e+05   -2.87410e+06   -1.83147e+06    3.00637e+02
 Pres. DC (bar) Pressure (bar)   Constr. rmsd
   -2.03446e+02    7.44619e+01    0.00000e+00

           Step           Time
       27500000    55000.00000

   Energies (kJ/mol)
           Bond          Angle    Proper Dih. Per. Imp. Dih.          LJ-14
    7.29452e+03    1.92333e+04    2.41894e+04    1.16760e+03    8.96310e+03
     Coulomb-14        LJ (SR)  Disper. corr.   Coulomb (SR)   Coul. recip.
    1.02909e+05    5.07696e+05   -3.11325e+04   -4.17546e+06    2.36419e+04
      Potential    Kinetic En.   Total Energy  Conserved En.    Temperature
   -3.51149e+06    6.40305e+05   -2.87119e+06   -1.82946e+06    3.00293e+02
 Pres. DC (bar) Pressure (bar)   Constr. rmsd
   -2.01721e+02    6.95193e+00    0.00000e+00

Writing checkpoint, step 27511100 at Tue Sep 29 21:42:39 2026


           Step           Time
       27550000    55100.00000

   Energies (kJ/mol)
           Bond          Angle    Proper Dih. Per. Imp. Dih.          LJ-14
    7.40170e+03    1.92021e+04    2.40877e+04    1.23082e+03    8.99835e+03
     Coulomb-14        LJ (SR)  Disper. corr.   Coulomb (SR)   Coul. recip.
    1.03177e+05    5.06583e+05   -3.11316e+04   -4.17479e+06    2.34554e+04
      Potential    Kinetic En.   Total Energy  Conserved En.    Temperature
   -3.51179e+06    6.40279e+05   -2.87151e+06   -1.82740e+06    3.00281e+02
 Pres. DC (bar) Pressure (bar)   Constr. rmsd
   -2.01709e+02    1.71314e+01    0.00000e+00

           Step           Time
       27600000    55200.00000

   Energies (kJ/mol)
           Bond          Angle    Proper Dih. Per. Imp. Dih.          LJ-14
    7.30933e+03    1.92097e+04    2.42567e+04    1.24013e+03    8.89473e+03
     Coulomb-14        LJ (SR)  Disper. corr.   Coulomb (SR)   Coul. recip.
    1.02963e+05    5.04104e+05   -3.12276e+04   -4.17097e+06    2.36510e+04
      Potential    Kinetic En.   Total Energy  Conserved En.    Temperature
   -3.51056e+06    6.38630e+05   -2.87193e+06   -1.82531e+06    2.99507e+02
 Pres. DC (bar) Pressure (bar)   Constr. rmsd
   -2.02954e+02   -5.28154e+01    0.00000e+00

           Step           Time
       27650000    55300.00000

   Energies (kJ/mol)
           Bond          Angle    Proper Dih. Per. Imp. Dih.          LJ-14
    7.20774e+03    1.90213e+04    2.42025e+04    1.17594e+03    9.01424e+03
     Coulomb-14        LJ (SR)  Disper. corr.   Coulomb (SR)   Coul. recip.
    1.03039e+05    5.07928e+05   -3.12692e+04   -4.17994e+06    2.34813e+04
      Potential    Kinetic En.   Total Energy  Conserved En.    Temperature
   -3.51614e+06    6.40777e+05   -2.87536e+06   -1.82368e+06    3.00514e+02
 Pres. DC (bar) Pressure (bar)   Constr. rmsd
   -2.03494e+02    2.86229e+01    0.00000e+00

           Step           Time
       27700000    55400.00000

   Energies (kJ/mol)
           Bond          Angle    Proper Dih. Per. Imp. Dih.          LJ-14
    7.45241e+03    1.93440e+04    2.41188e+04    1.15742e+03    8.76208e+03
     Coulomb-14        LJ (SR)  Disper. corr.   Coulomb (SR)   Coul. recip.
    1.02896e+05    5.05255e+05   -3.12413e+04   -4.17768e+06    2.34066e+04
      Potential    Kinetic En.   Total Energy  Conserved En.    Temperature
   -3.51653e+06    6.38233e+05   -2.87830e+06   -1.82129e+06    2.99321e+02
 Pres. DC (bar) Pressure (bar)   Constr. rmsd
   -2.03132e+02   -7.26592e+01    0.00000e+00

           Step           Time
       27750000    55500.00000

   Energies (kJ/mol)
           Bond          Angle    Proper Dih. Per. Imp. Dih.          LJ-14
    7.18186e+03    1.91429e+04    2.40113e+04    1.13231e+03    8.72398e+03
     Coulomb-14        LJ (SR)  Disper. corr.   Coulomb (SR)   Coul. recip.
    1.03287e+05    5.09353e+05   -3.12583e+04   -4.18173e+06    2.35902e+04
      Potential    Kinetic En.   Total Energy  Conserved En.    Temperature
   -3.51657e+06    6.39634e+05   -2.87693e+06   -1.81957e+06    2.99978e+02
 Pres. DC (bar) Pressure (bar)   Constr. rmsd
   -2.03353e+02    4.84068e+01    0.00000e+00

           Step           Time
       27800000    55600.00000

   Energies (kJ/mol)
           Bond          Angle    Proper Dih. Per. Imp. Dih.          LJ-14
    7.23125e+03    1.96917e+04    2.38521e+04    1.15875e+03    8.81392e+03
     Coulomb-14        LJ (SR)  Disper. corr.   Coulomb (SR)   Coul. recip.
    1.02804e+05    5.05986e+05   -3.12164e+04   -4.17384e+06    2.36974e+04
      Potential    Kinetic En.   Total Energy  Conserved En.    Temperature
   -3.51182e+06    6.38930e+05   -2.87289e+06   -1.81765e+06    2.99648e+02
 Pres. DC (bar) Pressure (bar)   Constr. rmsd
   -2.02808e+02    3.44541e+00    0.00000e+00

           Step           Time
       27850000    55700.00000

   Energies (kJ/mol)
           Bond          Angle    Proper Dih. Per. Imp. Dih.          LJ-14
    7.58889e+03    1.95376e+04    2.42070e+04    1.22439e+03    8.88868e+03
     Coulomb-14        LJ (SR)  Disper. corr.   Coulomb (SR)   Coul. recip.
    1.02384e+05    5.07254e+05   -3.11589e+04   -4.17426e+06    2.37644e+04
      Potential    Kinetic En.   Total Energy  Conserved En.    Temperature
   -3.51057e+06    6.42012e+05   -2.86856e+06   -1.81574e+06    3.01093e+02
 Pres. DC (bar) Pressure (bar)   Constr. rmsd
   -2.02064e+02    1.41752e+01    0.00000e+00

Writing checkpoint, step 27857300 at Tue Sep 29 21:57:39 2026


           Step           Time
       27900000    55800.00000

   Energies (kJ/mol)
           Bond          Angle    Proper Dih. Per. Imp. Dih.          LJ-14
    7.24404e+03    1.90952e+04    2.40250e+04    1.10641e+03    8.95174e+03
     Coulomb-14        LJ (SR)  Disper. corr.   Coulomb (SR)   Coul. recip.
    1.03100e+05    5.06397e+05   -3.12785e+04   -4.17773e+06    2.33079e+04
      Potential    Kinetic En.   Total Energy  Conserved En.    Temperature
   -3.51578e+06    6.36490e+05   -2.87929e+06   -1.81338e+06    2.98504e+02
 Pres. DC (bar) Pressure (bar)   Constr. rmsd
   -2.03615e+02    2.81136e+01    0.00000e+00

           Step           Time
       27950000    55900.00000

   Energies (kJ/mol)
           Bond          Angle    Proper Dih. Per. Imp. Dih.          LJ-14
    7.32431e+03    1.96828e+04    2.39728e+04    1.18727e+03    8.90596e+03
     Coulomb-14        LJ (SR)  Disper. corr.   Coulomb (SR)   Coul. recip.
    1.03279e+05    5.05218e+05   -3.11415e+04   -4.17267e+06    2.36252e+04
      Potential    Kinetic En.   Total Energy  Conserved En.    Temperature
   -3.51062e+06    6.40656e+05   -2.86996e+06   -1.81197e+06    3.00457e+02
 Pres. DC (bar) Pressure (bar)   Constr. rmsd
   -2.01838e+02   -2.73654e+01    0.00000e+00

           Step           Time
       28000000    56000.00000

   Energies (kJ/mol)
           Bond          Angle    Proper Dih. Per. Imp. Dih.          LJ-14
    7.45749e+03    1.93990e+04    2.40273e+04    1.15106e+03    8.79771e+03
     Coulomb-14        LJ (SR)  Disper. corr.   Coulomb (SR)   Coul. recip.
    1.02804e+05    5.03622e+05   -3.11097e+04   -4.17153e+06    2.35759e+04
      Potential    Kinetic En.   Total Energy  Conserved En.    Temperature
   -3.51180e+06    6.40887e+05   -2.87092e+06   -1.81060e+06    3.00566e+02
 Pres. DC (bar) Pressure (bar)   Constr. rmsd
   -2.01427e+02   -9.25721e+01    0.00000e+00

           Step           Time
       28050000    56100.00000

   Energies (kJ/mol)
           Bond          Angle    Proper Dih. Per. Imp. Dih.          LJ-14
    7.29155e+03    1.94677e+04    2.38362e+04    1.12637e+03    8.87522e+03
     Coulomb-14        LJ (SR)  Disper. corr.   Coulomb (SR)   Coul. recip.
    1.02681e+05    5.08943e+05   -3.12202e+04   -4.17868e+06    2.36856e+04
      Potential    Kinetic En.   Total Energy  Conserved En.    Temperature
   -3.51400e+06    6.38787e+05   -2.87521e+06   -1.80898e+06    2.99581e+02
 Pres. DC (bar) Pressure (bar)   Constr. rmsd
   -2.02858e+02    4.38875e+01    0.00000e+00

           Step           Time
       28100000    56200.00000

   Energies (kJ/mol)
           Bond          Angle    Proper Dih. Per. Imp. Dih.          LJ-14
    7.34383e+03    1.92598e+04    2.41357e+04    1.16206e+03    8.87066e+03
     Coulomb-14        LJ (SR)  Disper. corr.   Coulomb (SR)   Coul. recip.
    1.02820e+05    5.04433e+05   -3.11586e+04   -4.17295e+06    2.39287e+04
      Potential    Kinetic En.   Total Energy  Conserved En.    Temperature
   -3.51215e+06    6.40156e+05   -2.87200e+06   -1.80693e+06    3.00223e+02
 Pres. DC (bar) Pressure (bar)   Constr. rmsd
   -2.02059e+02   -7.35174e+01    0.00000e+00

           Step           Time
       28150000    56300.00000

   Energies (kJ/mol)
           Bond          Angle    Proper Dih. Per. Imp. Dih.          LJ-14
    7.25497e+03    1.91528e+04    2.41315e+04    1.28463e+03    9.09435e+03
     Coulomb-14        LJ (SR)  Disper. corr.   Coulomb (SR)   Coul. recip.
    1.03178e+05    5.07506e+05   -3.12467e+04   -4.17658e+06    2.36017e+04
      Potential    Kinetic En.   Total Energy  Conserved En.    Temperature
   -3.51263e+06    6.38265e+05   -2.87436e+06   -1.80508e+06    2.99336e+02
 Pres. DC (bar) Pressure (bar)   Constr. rmsd
   -2.03202e+02    3.94372e+01    0.00000e+00

Writing checkpoint, step 28171400 at Tue Sep 29 22:12:39 2026


           Step           Time
       28200000    56400.00000

   Energies (kJ/mol)
           Bond          Angle    Proper Dih. Per. Imp. Dih.          LJ-14
    7.20676e+03    1.92816e+04    2.40705e+04    1.17926e+03    8.85729e+03
     Coulomb-14        LJ (SR)  Disper. corr.   Coulomb (SR)   Coul. recip.
    1.03135e+05    5.07197e+05   -3.11543e+04   -4.17700e+06    2.38414e+04
      Potential    Kinetic En.   Total Energy  Conserved En.    Temperature
   -3.51338e+06    6.38175e+05   -2.87521e+06   -1.80356e+06    2.99294e+02
 Pres. DC (bar) Pressure (bar)   Constr. rmsd
   -2.02003e+02    1.35810e+00    0.00000e+00

           Step           Time
       28250000    56500.00000

   Energies (kJ/mol)
           Bond          Angle    Proper Dih. Per. Imp. Dih.          LJ-14
    7.26715e+03    1.92512e+04    2.40302e+04    1.11934e+03    8.79935e+03
     Coulomb-14        LJ (SR)  Disper. corr.   Coulomb (SR)   Coul. recip.
    1.02875e+05    5.05967e+05   -3.11489e+04   -4.17659e+06    2.36398e+04
      Potential    Kinetic En.   Total Energy  Conserved En.    Temperature
   -3.51479e+06    6.40996e+05   -2.87379e+06   -1.80108e+06    3.00617e+02
 Pres. DC (bar) Pressure (bar)   Constr. rmsd
   -2.01933e+02   -6.61389e+01    0.00000e+00

           Step           Time
       28300000    56600.00000

   Energies (kJ/mol)
           Bond          Angle    Proper Dih. Per. Imp. Dih.          LJ-14
    7.38482e+03    1.94339e+04    2.39721e+04    1.12139e+03    8.84768e+03
     Coulomb-14        LJ (SR)  Disper. corr.   Coulomb (SR)   Coul. recip.
    1.02776e+05    5.07943e+05   -3.13436e+04   -4.18404e+06    2.34941e+04
      Potential    Kinetic En.   Total Energy  Conserved En.    Temperature
   -3.52041e+06    6.38804e+05   -2.88161e+06   -1.79907e+06    2.99589e+02
 Pres. DC (bar) Pressure (bar)   Constr. rmsd
   -2.04463e+02    1.67957e+01    0.00000e+00

           Step           Time
       28350000    56700.00000

   Energies (kJ/mol)
           Bond          Angle    Proper Dih. Per. Imp. Dih.          LJ-14
    7.13713e+03    1.89486e+04    2.40172e+04    1.17498e+03    9.00351e+03
     Coulomb-14        LJ (SR)  Disper. corr.   Coulomb (SR)   Coul. recip.
    1.03145e+05    5.08197e+05   -3.12968e+04   -4.18096e+06    2.35084e+04
      Potential    Kinetic En.   Total Energy  Conserved En.    Temperature
   -3.51713e+06    6.40042e+05   -2.87709e+06   -1.79693e+06    3.00170e+02
 Pres. DC (bar) Pressure (bar)   Constr. rmsd
   -2.03854e+02    5.07604e+01    0.00000e+00

           Step           Time
       28400000    56800.00000

   Energies (kJ/mol)
           Bond          Angle    Proper Dih. Per. Imp. Dih.          LJ-14
    7.24170e+03    1.93372e+04    2.42832e+04    1.22330e+03    8.92802e+03
     Coulomb-14        LJ (SR)  Disper. corr.   Coulomb (SR)   Coul. recip.
    1.02861e+05    5.04084e+05   -3.10869e+04   -4.17256e+06    2.36318e+04
      Potential    Kinetic En.   Total Energy  Conserved En.    Temperature
   -3.51205e+06    6.39714e+05   -2.87234e+06   -1.79544e+06    3.00016e+02
 Pres. DC (bar) Pressure (bar)   Constr. rmsd
   -2.01131e+02   -1.09261e+02    0.00000e+00

           Step           Time
       28450000    56900.00000

   Energies (kJ/mol)
           Bond          Angle    Proper Dih. Per. Imp. Dih.          LJ-14
    7.27792e+03    1.92642e+04    2.41960e+04    1.19026e+03    8.86281e+03
     Coulomb-14        LJ (SR)  Disper. corr.   Coulomb (SR)   Coul. recip.
    1.02435e+05    5.12154e+05   -3.11795e+04   -4.18265e+06    2.37928e+04
      Potential    Kinetic En.   Total Energy  Conserved En.    Temperature
   -3.51465e+06    6.39480e+05   -2.87517e+06   -1.79375e+06    2.99906e+02
 Pres. DC (bar) Pressure (bar)   Constr. rmsd
   -2.02330e+02    7.71065e+01    0.00000e+00

Writing checkpoint, step 28490100 at Tue Sep 29 22:27:39 2026


           Step           Time
       28500000    57000.00000

   Energies (kJ/mol)
           Bond          Angle    Proper Dih. Per. Imp. Dih.          LJ-14
    7.37544e+03    1.94741e+04    2.39310e+04    1.16169e+03    8.84925e+03
     Coulomb-14        LJ (SR)  Disper. corr.   Coulomb (SR)   Coul. recip.
    1.02910e+05    5.08856e+05   -3.12720e+04   -4.18084e+06    2.33856e+04
      Potential    Kinetic En.   Total Energy  Conserved En.    Temperature
   -3.51617e+06    6.39210e+05   -2.87696e+06   -1.79182e+06    2.99779e+02
 Pres. DC (bar) Pressure (bar)   Constr. rmsd
   -2.03531e+02    5.38780e+01    0.00000e+00

           Step           Time
       28550000    57100.00000

   Energies (kJ/mol)
           Bond          Angle    Proper Dih. Per. Imp. Dih.          LJ-14
    7.34850e+03    1.93715e+04    2.41242e+04    1.13313e+03    8.80141e+03
     Coulomb-14        LJ (SR)  Disper. corr.   Coulomb (SR)   Coul. recip.
    1.02753e+05    5.07810e+05   -3.11590e+04   -4.17696e+06    2.37788e+04
      Potential    Kinetic En.   Total Energy  Conserved En.    Temperature
   -3.51300e+06    6.39004e+05   -2.87399e+06   -1.78989e+06    2.99683e+02
 Pres. DC (bar) Pressure (bar)   Constr. rmsd
   -2.02064e+02    4.78450e+00    0.00000e+00

           Step           Time
       28600000    57200.00000

   Energies (kJ/mol)
           Bond          Angle    Proper Dih. Per. Imp. Dih.          LJ-14
    7.32253e+03    1.92267e+04    2.38824e+04    1.15378e+03    8.79579e+03
     Coulomb-14        LJ (SR)  Disper. corr.   Coulomb (SR)   Coul. recip.
    1.02362e+05    5.07295e+05   -3.12714e+04   -4.17762e+06    2.35894e+04
      Potential    Kinetic En.   Total Energy  Conserved En.    Temperature
   -3.51527e+06    6.41336e+05   -2.87393e+06   -1.78821e+06    3.00776e+02
 Pres. DC (bar) Pressure (bar)   Constr. rmsd
   -2.03523e+02    1.06067e+01    0.00000e+00

           Step           Time
       28650000    57300.00000

   Energies (kJ/mol)
           Bond          Angle    Proper Dih. Per. Imp. Dih.          LJ-14
    7.38446e+03    1.91854e+04    2.40166e+04    1.15698e+03    8.89022e+03
     Coulomb-14        LJ (SR)  Disper. corr.   Coulomb (SR)   Coul. recip.
    1.02865e+05    5.06470e+05   -3.11255e+04   -4.17556e+06    2.33747e+04
      Potential    Kinetic En.   Total Energy  Conserved En.    Temperature
   -3.51334e+06    6.39555e+05   -2.87378e+06   -1.78639e+06    2.99941e+02
 Pres. DC (bar) Pressure (bar)   Constr. rmsd
   -2.01631e+02   -4.36810e+01    0.00000e+00

           Step           Time
       28700000    57400.00000

   Energies (kJ/mol)
           Bond          Angle    Proper Dih. Per. Imp. Dih.          LJ-14
    7.36130e+03    1.92541e+04    2.38814e+04    1.16346e+03    8.84657e+03
     Coulomb-14        LJ (SR)  Disper. corr.   Coulomb (SR)   Coul. recip.
    1.02713e+05    5.08006e+05   -3.12398e+04   -4.18041e+06    2.36378e+04
      Potential    Kinetic En.   Total Energy  Conserved En.    Temperature
   -3.51679e+06    6.39943e+05   -2.87684e+06   -1.78485e+06    3.00123e+02
 Pres. DC (bar) Pressure (bar)   Constr. rmsd
   -2.03112e+02   -7.00069e+00    0.00000e+00

           Step           Time
       28750000    57500.00000

   Energies (kJ/mol)
           Bond          Angle    Proper Dih. Per. Imp. Dih.          LJ-14
    7.44997e+03    1.90890e+04    2.42585e+04    1.18836e+03    8.75744e+03
     Coulomb-14        LJ (SR)  Disper. corr.   Coulomb (SR)   Coul. recip.
    1.02374e+05    5.06897e+05   -3.12632e+04   -4.17569e+06    2.35315e+04
      Potential    Kinetic En.   Total Energy  Conserved En.    Temperature
   -3.51340e+06    6.39451e+05   -2.87395e+06   -1.78212e+06    2.99892e+02
 Pres. DC (bar) Pressure (bar)   Constr. rmsd
   -2.03416e+02    2.03205e+01    0.00000e+00

           Step           Time
       28800000    57600.00000

   Energies (kJ/mol)
           Bond          Angle    Proper Dih. Per. Imp. Dih.          LJ-14
    7.26956e+03    1.92967e+04    2.40414e+04    1.15803e+03    8.86927e+03
     Coulomb-14        LJ (SR)  Disper. corr.   Coulomb (SR)   Coul. recip.
    1.03130e+05    5.08079e+05   -3.12110e+04   -4.18330e+06    2.35201e+04
      Potential    Kinetic En.   Total Energy  Conserved En.    Temperature
   -3.51915e+06    6.38413e+05   -2.88073e+06   -1.78033e+06    2.99406e+02
 Pres. DC (bar) Pressure (bar)   Constr. rmsd
   -2.02738e+02    1.15884e+00    0.00000e+00

Writing checkpoint, step 28815600 at Tue Sep 29 22:42:39 2026


           Step           Time
       28850000    57700.00000

   Energies (kJ/mol)
           Bond          Angle    Proper Dih. Per. Imp. Dih.          LJ-14
    7.32892e+03    1.93679e+04    2.41761e+04    1.18261e+03    8.82338e+03
     Coulomb-14        LJ (SR)  Disper. corr.   Coulomb (SR)   Coul. recip.
    1.02968e+05    5.04123e+05   -3.11498e+04   -4.17205e+06    2.36817e+04
      Potential    Kinetic En.   Total Energy  Conserved En.    Temperature
   -3.51155e+06    6.40342e+05   -2.87121e+06   -1.77886e+06    3.00310e+02
 Pres. DC (bar) Pressure (bar)   Constr. rmsd
   -2.01945e+02   -9.21063e+01    0.00000e+00

           Step           Time
       28900000    57800.00000

   Energies (kJ/mol)
           Bond          Angle    Proper Dih. Per. Imp. Dih.          LJ-14
    7.35837e+03    1.93590e+04    2.40725e+04    1.16255e+03    8.85373e+03
     Coulomb-14        LJ (SR)  Disper. corr.   Coulomb (SR)   Coul. recip.
    1.02963e+05    5.05842e+05   -3.12392e+04   -4.17684e+06    2.34782e+04
      Potential    Kinetic En.   Total Energy  Conserved En.    Temperature
   -3.51499e+06    6.40500e+05   -2.87449e+06   -1.77726e+06    3.00384e+02
 Pres. DC (bar) Pressure (bar)   Constr. rmsd
   -2.03104e+02   -3.79937e+01    0.00000e+00

           Step           Time
       28950000    57900.00000

   Energies (kJ/mol)
           Bond          Angle    Proper Dih. Per. Imp. Dih.          LJ-14
    7.08624e+03    1.92784e+04    2.39506e+04    1.16461e+03    8.87169e+03
     Coulomb-14        LJ (SR)  Disper. corr.   Coulomb (SR)   Coul. recip.
    1.03529e+05    5.10650e+05   -3.12510e+04   -4.18382e+06    2.35787e+04
      Potential    Kinetic En.   Total Energy  Conserved En.    Temperature
   -3.51696e+06    6.35864e+05   -2.88109e+06   -1.77558e+06    2.98210e+02
 Pres. DC (bar) Pressure (bar)   Constr. rmsd
   -2.03258e+02    4.80945e+01    0.00000e+00

           Step           Time
       29000000    58000.00000

   Energies (kJ/mol)
           Bond          Angle    Proper Dih. Per. Imp. Dih.          LJ-14
    7.04604e+03    1.91476e+04    2.39447e+04    1.16887e+03    8.91123e+03
     Coulomb-14        LJ (SR)  Disper. corr.   Coulomb (SR)   Coul. recip.
    1.03653e+05    5.05122e+05   -3.10989e+04   -4.17590e+06    2.38804e+04
      Potential    Kinetic En.   Total Energy  Conserved En.    Temperature
   -3.51412e+06    6.38643e+05   -2.87548e+06   -1.77341e+06    2.99513e+02
 Pres. DC (bar) Pressure (bar)   Constr. rmsd
   -2.01287e+02   -9.45027e+01    0.00000e+00

           Step           Time
       29050000    58100.00000

   Energies (kJ/mol)
           Bond          Angle    Proper Dih. Per. Imp. Dih.          LJ-14
    7.46175e+03    1.93042e+04    2.42929e+04    1.25022e+03    8.80065e+03
     Coulomb-14        LJ (SR)  Disper. corr.   Coulomb (SR)   Coul. recip.
    1.03219e+05    5.10050e+05   -3.12037e+04   -4.18068e+06    2.35288e+04
      Potential    Kinetic En.   Total Energy  Conserved En.    Temperature
   -3.51398e+06    6.39047e+05   -2.87493e+06   -1.77165e+06    2.99703e+02
 Pres. DC (bar) Pressure (bar)   Constr. rmsd
   -2.02644e+02    6.06467e+01    0.00000e+00

           Step           Time
       29100000    58200.00000

   Energies (kJ/mol)
           Bond          Angle    Proper Dih. Per. Imp. Dih.          LJ-14
    7.35028e+03    1.95622e+04    2.41976e+04    1.22651e+03    8.78431e+03
     Coulomb-14        LJ (SR)  Disper. corr.   Coulomb (SR)   Coul. recip.
    1.03209e+05    5.09429e+05   -3.12097e+04   -4.17693e+06    2.35816e+04
      Potential    Kinetic En.   Total Energy  Conserved En.    Temperature
   -3.51080e+06    6.42433e+05   -2.86837e+06   -1.76977e+06    3.01291e+02
 Pres. DC (bar) Pressure (bar)   Constr. rmsd
   -2.02721e+02    7.15052e+01    0.00000e+00

Writing checkpoint, step 29147500 at Tue Sep 29 22:57:39 2026


           Step           Time
       29150000    58300.00000

   Energies (kJ/mol)
           Bond          Angle    Proper Dih. Per. Imp. Dih.          LJ-14
    6.95563e+03    1.91111e+04    2.39893e+04    1.21259e+03    8.94217e+03
     Coulomb-14        LJ (SR)  Disper. corr.   Coulomb (SR)   Coul. recip.
    1.03678e+05    5.09347e+05   -3.12844e+04   -4.18289e+06    2.33719e+04
      Potential    Kinetic En.   Total Energy  Conserved En.    Temperature
   -3.51756e+06    6.39725e+05   -2.87784e+06   -1.76795e+06    3.00021e+02
 Pres. DC (bar) Pressure (bar)   Constr. rmsd
   -2.03692e+02    9.24185e+01    0.00000e+00

           Step           Time
       29200000    58400.00000

   Energies (kJ/mol)
           Bond          Angle    Proper Dih. Per. Imp. Dih.          LJ-14
    7.46355e+03    1.92612e+04    2.40715e+04    1.17187e+03    8.89350e+03
     Coulomb-14        LJ (SR)  Disper. corr.   Coulomb (SR)   Coul. recip.
    1.03107e+05    5.08474e+05   -3.13123e+04   -4.18058e+06    2.36294e+04
      Potential    Kinetic En.   Total Energy  Conserved En.    Temperature
   -3.51582e+06    6.40731e+05   -2.87509e+06   -1.76638e+06    3.00493e+02
 Pres. DC (bar) Pressure (bar)   Constr. rmsd
   -2.04055e+02    8.09841e+01    0.00000e+00

           Step           Time
       29250000    58500.00000

   Energies (kJ/mol)
           Bond          Angle    Proper Dih. Per. Imp. Dih.          LJ-14
    7.38351e+03    1.89253e+04    2.42755e+04    1.25768e+03    8.86744e+03
     Coulomb-14        LJ (SR)  Disper. corr.   Coulomb (SR)   Coul. recip.
    1.03493e+05    5.06465e+05   -3.11373e+04   -4.17492e+06    2.35180e+04
      Potential    Kinetic En.   Total Energy  Conserved En.    Temperature
   -3.51187e+06    6.38019e+05   -2.87385e+06   -1.76440e+06    2.99221e+02
 Pres. DC (bar) Pressure (bar)   Constr. rmsd
   -2.01784e+02   -3.50516e+01    0.00000e+00

           Step           Time
       29300000    58600.00000

   Energies (kJ/mol)
           Bond          Angle    Proper Dih. Per. Imp. Dih.          LJ-14
    7.18825e+03    1.90494e+04    2.40980e+04    1.18595e+03    8.83015e+03
     Coulomb-14        LJ (SR)  Disper. corr.   Coulomb (SR)   Coul. recip.
    1.03318e+05    5.09624e+05   -3.12791e+04   -4.18066e+06    2.33832e+04
      Potential    Kinetic En.   Total Energy  Conserved En.    Temperature
   -3.51527e+06    6.39504e+05   -2.87576e+06   -1.76253e+06    2.99917e+02
 Pres. DC (bar) Pressure (bar)   Constr. rmsd
   -2.03623e+02    4.72629e+01    0.00000e+00

           Step           Time
       29350000    58700.00000

   Energies (kJ/mol)
           Bond          Angle    Proper Dih. Per. Imp. Dih.          LJ-14
    7.53205e+03    1.92798e+04    2.43255e+04    1.20726e+03    8.86008e+03
     Coulomb-14        LJ (SR)  Disper. corr.   Coulomb (SR)   Coul. recip.
    1.02784e+05    5.07866e+05   -3.12195e+04   -4.17728e+06    2.37222e+04
      Potential    Kinetic En.   Total Energy  Conserved En.    Temperature
   -3.51292e+06    6.42460e+05   -2.87046e+06   -1.76092e+06    3.01303e+02
 Pres. DC (bar) Pressure (bar)   Constr. rmsd
   -2.02848e+02    4.24533e+00    0.00000e+00

           Step           Time
       29400000    58800.00000

   Energies (kJ/mol)
           Bond          Angle    Proper Dih. Per. Imp. Dih.          LJ-14
    7.20793e+03    1.92986e+04    2.40911e+04    1.22630e+03    8.88596e+03
     Coulomb-14        LJ (SR)  Disper. corr.   Coulomb (SR)   Coul. recip.
    1.03134e+05    5.06741e+05   -3.12755e+04   -4.17844e+06    2.33835e+04
      Potential    Kinetic En.   Total Energy  Conserved En.    Temperature
   -3.51575e+06    6.40534e+05   -2.87521e+06   -1.75937e+06    3.00400e+02
 Pres. DC (bar) Pressure (bar)   Constr. rmsd
   -2.03576e+02    1.24751e+01    0.00000e+00

           Step           Time
       29450000    58900.00000

   Energies (kJ/mol)
           Bond          Angle    Proper Dih. Per. Imp. Dih.          LJ-14
    7.17339e+03    1.93511e+04    2.41500e+04    1.19675e+03    8.88390e+03
     Coulomb-14        LJ (SR)  Disper. corr.   Coulomb (SR)   Coul. recip.
    1.03296e+05    5.06430e+05   -3.11295e+04   -4.17265e+06    2.36975e+04
      Potential    Kinetic En.   Total Energy  Conserved En.    Temperature
   -3.50960e+06    6.39678e+05   -2.86992e+06   -1.75706e+06    2.99999e+02
 Pres. DC (bar) Pressure (bar)   Constr. rmsd
   -2.01682e+02    1.24038e+01    0.00000e+00

Writing checkpoint, step 29490700 at Tue Sep 29 23:12:39 2026


           Step           Time
       29500000    59000.00000

   Energies (kJ/mol)
           Bond          Angle    Proper Dih. Per. Imp. Dih.          LJ-14
    7.08263e+03    1.94939e+04    2.40255e+04    1.21802e+03    8.73111e+03
     Coulomb-14        LJ (SR)  Disper. corr.   Coulomb (SR)   Coul. recip.
    1.02805e+05    5.09456e+05   -3.12024e+04   -4.17896e+06    2.37448e+04
      Potential    Kinetic En.   Total Energy  Conserved En.    Temperature
   -3.51361e+06    6.36583e+05   -2.87703e+06   -1.75488e+06    2.98547e+02
 Pres. DC (bar) Pressure (bar)   Constr. rmsd
   -2.02627e+02    3.80150e+01    0.00000e+00

           Step           Time
       29550000    59100.00000

   Energies (kJ/mol)
           Bond          Angle    Proper Dih. Per. Imp. Dih.          LJ-14
    7.50504e+03    1.93050e+04    2.41016e+04    1.17258e+03    8.79992e+03
     Coulomb-14        LJ (SR)  Disper. corr.   Coulomb (SR)   Coul. recip.
    1.02780e+05    5.05241e+05   -3.12167e+04   -4.17596e+06    2.36224e+04
      Potential    Kinetic En.   Total Energy  Conserved En.    Temperature
   -3.51465e+06    6.39023e+05   -2.87563e+06   -1.75240e+06    2.99692e+02
 Pres. DC (bar) Pressure (bar)   Constr. rmsd
   -2.02813e+02   -6.67988e+01    0.00000e+00

           Step           Time
       29600000    59200.00000

   Energies (kJ/mol)
           Bond          Angle    Proper Dih. Per. Imp. Dih.          LJ-14
    7.32912e+03    1.94295e+04    2.41511e+04    1.10029e+03    8.89140e+03
     Coulomb-14        LJ (SR)  Disper. corr.   Coulomb (SR)   Coul. recip.
    1.02848e+05    5.06230e+05   -3.11758e+04   -4.17645e+06    2.36063e+04
      Potential    Kinetic En.   Total Energy  Conserved En.    Temperature
   -3.51404e+06    6.41392e+05   -2.87265e+06   -1.75064e+06    3.00803e+02
 Pres. DC (bar) Pressure (bar)   Constr. rmsd
   -2.02283e+02   -3.48943e+01    0.00000e+00

           Step           Time
       29650000    59300.00000

   Energies (kJ/mol)
           Bond          Angle    Proper Dih. Per. Imp. Dih.          LJ-14
    7.13380e+03    1.89742e+04    2.41195e+04    1.13743e+03    8.91464e+03
     Coulomb-14        LJ (SR)  Disper. corr.   Coulomb (SR)   Coul. recip.
    1.03254e+05    5.07310e+05   -3.12266e+04   -4.17909e+06    2.35881e+04
      Potential    Kinetic En.   Total Energy  Conserved En.    Temperature
   -3.51589e+06    6.37557e+05   -2.87833e+06   -1.74913e+06    2.99004e+02
 Pres. DC (bar) Pressure (bar)   Constr. rmsd
   -2.02941e+02   -7.11694e+00    0.00000e+00

           Step           Time
       29700000    59400.00000

   Energies (kJ/mol)
           Bond          Angle    Proper Dih. Per. Imp. Dih.          LJ-14
    7.15162e+03    1.89822e+04    2.41700e+04    1.27904e+03    8.90457e+03
     Coulomb-14        LJ (SR)  Disper. corr.   Coulomb (SR)   Coul. recip.
    1.02850e+05    5.03870e+05   -3.10840e+04   -4.17334e+06    2.33221e+04
      Potential    Kinetic En.   Total Energy  Conserved En.    Temperature
   -3.51389e+06    6.37294e+05   -2.87660e+06   -1.74690e+06    2.98881e+02
 Pres. DC (bar) Pressure (bar)   Constr. rmsd
   -2.01094e+02   -1.36462e+02    0.00000e+00

           Step           Time
       29750000    59500.00000

   Energies (kJ/mol)
           Bond          Angle    Proper Dih. Per. Imp. Dih.          LJ-14
    7.34261e+03    1.91283e+04    2.40130e+04    1.14166e+03    8.86916e+03
     Coulomb-14        LJ (SR)  Disper. corr.   Coulomb (SR)   Coul. recip.
    1.02916e+05    5.05532e+05   -3.11015e+04   -4.17708e+06    2.36265e+04
      Potential    Kinetic En.   Total Energy  Conserved En.    Temperature
   -3.51561e+06    6.39029e+05   -2.87658e+06   -1.74557e+06    2.99695e+02
 Pres. DC (bar) Pressure (bar)   Constr. rmsd
   -2.01321e+02   -9.02400e+01    0.00000e+00

           Step           Time
       29800000    59600.00000

   Energies (kJ/mol)
           Bond          Angle    Proper Dih. Per. Imp. Dih.          LJ-14
    7.33360e+03    1.95755e+04    2.39913e+04    1.18117e+03    8.74201e+03
     Coulomb-14        LJ (SR)  Disper. corr.   Coulomb (SR)   Coul. recip.
    1.02588e+05    5.06025e+05   -3.11989e+04   -4.17768e+06    2.34072e+04
      Potential    Kinetic En.   Total Energy  Conserved En.    Temperature
   -3.51604e+06    6.39659e+05   -2.87638e+06   -1.74389e+06    2.99990e+02
 Pres. DC (bar) Pressure (bar)   Constr. rmsd
   -2.02581e+02   -3.91049e+01    0.00000e+00

Writing checkpoint, step 29836700 at Tue Sep 29 23:27:39 2026


           Step           Time
       29850000    59700.00000

   Energies (kJ/mol)
           Bond          Angle    Proper Dih. Per. Imp. Dih.          LJ-14
    7.24355e+03    1.93890e+04    2.43739e+04    1.18951e+03    8.80486e+03
     Coulomb-14        LJ (SR)  Disper. corr.   Coulomb (SR)   Coul. recip.
    1.03212e+05    5.07127e+05   -3.12240e+04   -4.17744e+06    2.35752e+04
      Potential    Kinetic En.   Total Energy  Conserved En.    Temperature
   -3.51375e+06    6.41509e+05   -2.87224e+06   -1.74179e+06    3.00857e+02
 Pres. DC (bar) Pressure (bar)   Constr. rmsd
   -2.02907e+02    3.97659e+01    0.00000e+00

           Step           Time
       29900000    59800.00000

   Energies (kJ/mol)
           Bond          Angle    Proper Dih. Per. Imp. Dih.          LJ-14
    7.29338e+03    1.90846e+04    2.42098e+04    1.15361e+03    8.86849e+03
     Coulomb-14        LJ (SR)  Disper. corr.   Coulomb (SR)   Coul. recip.
    1.02797e+05    5.02102e+05   -3.11080e+04   -4.17230e+06    2.37969e+04
      Potential    Kinetic En.   Total Energy  Conserved En.    Temperature
   -3.51410e+06    6.38810e+05   -2.87529e+06   -1.73949e+06    2.99592e+02
 Pres. DC (bar) Pressure (bar)   Constr. rmsd
   -2.01404e+02   -1.15543e+02    0.00000e+00

           Step           Time
       29950000    59900.00000

   Energies (kJ/mol)
           Bond          Angle    Proper Dih. Per. Imp. Dih.          LJ-14
    7.32250e+03    1.94471e+04    2.42840e+04    1.15137e+03    8.89766e+03
     Coulomb-14        LJ (SR)  Disper. corr.   Coulomb (SR)   Coul. recip.
    1.03256e+05    5.06305e+05   -3.12331e+04   -4.17455e+06    2.36021e+04
      Potential    Kinetic En.   Total Energy  Conserved En.    Temperature
   -3.51152e+06    6.39549e+05   -2.87197e+06   -1.73709e+06    2.99938e+02
 Pres. DC (bar) Pressure (bar)   Constr. rmsd
   -2.03025e+02    4.17368e+01    0.00000e+00

           Step           Time
       30000000    60000.00000

   Energies (kJ/mol)
           Bond          Angle    Proper Dih. Per. Imp. Dih.          LJ-14
    7.26132e+03    1.92443e+04    2.40646e+04    1.16549e+03    8.77182e+03
     Coulomb-14        LJ (SR)  Disper. corr.   Coulomb (SR)   Coul. recip.
    1.03190e+05    5.05161e+05   -3.12381e+04   -4.17714e+06    2.36792e+04
      Potential    Kinetic En.   Total Energy  Conserved En.    Temperature
   -3.51584e+06    6.40183e+05   -2.87566e+06   -1.73550e+06    3.00235e+02
 Pres. DC (bar) Pressure (bar)   Constr. rmsd
   -2.03090e+02   -1.04686e+01    0.00000e+00

           Step           Time
       30050000    60100.00000

   Energies (kJ/mol)
           Bond          Angle    Proper Dih. Per. Imp. Dih.          LJ-14
    7.50917e+03    1.96412e+04    2.40447e+04    1.19505e+03    8.75006e+03
     Coulomb-14        LJ (SR)  Disper. corr.   Coulomb (SR)   Coul. recip.
    1.02806e+05    5.05853e+05   -3.12609e+04   -4.17267e+06    2.35063e+04
      Potential    Kinetic En.   Total Energy  Conserved En.    Temperature
   -3.51062e+06    6.38235e+05   -2.87238e+06   -1.73365e+06    2.99322e+02
 Pres. DC (bar) Pressure (bar)   Constr. rmsd
   -2.03386e+02    3.53382e+01    0.00000e+00

           Step           Time
       30100000    60200.00000

   Energies (kJ/mol)
           Bond          Angle    Proper Dih. Per. Imp. Dih.          LJ-14
    7.27194e+03    1.93168e+04    2.42024e+04    1.14355e+03    8.84486e+03
     Coulomb-14        LJ (SR)  Disper. corr.   Coulomb (SR)   Coul. recip.
    1.03069e+05    5.05852e+05   -3.12157e+04   -4.17558e+06    2.37179e+04
      Potential    Kinetic En.   Total Energy  Conserved En.    Temperature
   -3.51337e+06    6.41988e+05   -2.87139e+06   -1.73209e+06    3.01082e+02
 Pres. DC (bar) Pressure (bar)   Constr. rmsd
   -2.02800e+02    1.06158e+01    0.00000e+00

           Step           Time
       30150000    60300.00000

   Energies (kJ/mol)
           Bond          Angle    Proper Dih. Per. Imp. Dih.          LJ-14
    7.14337e+03    1.96387e+04    2.40944e+04    1.17733e+03    8.80338e+03
     Coulomb-14        LJ (SR)  Disper. corr.   Coulomb (SR)   Coul. recip.
    1.03100e+05    5.07003e+05   -3.11086e+04   -4.17617e+06    2.36994e+04
      Potential    Kinetic En.   Total Energy  Conserved En.    Temperature
   -3.51262e+06    6.39540e+05   -2.87307e+06   -1.73003e+06    2.99934e+02
 Pres. DC (bar) Pressure (bar)   Constr. rmsd
   -2.01413e+02   -6.15709e+01    0.00000e+00

Writing checkpoint, step 30181500 at Tue Sep 29 23:42:39 2026


           Step           Time
       30200000    60400.00000

   Energies (kJ/mol)
           Bond          Angle    Proper Dih. Per. Imp. Dih.          LJ-14
    7.38778e+03    1.97691e+04    2.41933e+04    1.17595e+03    8.80575e+03
     Coulomb-14        LJ (SR)  Disper. corr.   Coulomb (SR)   Coul. recip.
    1.02792e+05    5.07098e+05   -3.11515e+04   -4.17533e+06    2.35910e+04
      Potential    Kinetic En.   Total Energy  Conserved En.    Temperature
   -3.51166e+06    6.40312e+05   -2.87135e+06   -1.72844e+06    3.00296e+02
 Pres. DC (bar) Pressure (bar)   Constr. rmsd
   -2.01967e+02   -7.79692e+00    0.00000e+00

           Step           Time
       30250000    60500.00000

   Energies (kJ/mol)
           Bond          Angle    Proper Dih. Per. Imp. Dih.          LJ-14
    7.24822e+03    1.95799e+04    2.42049e+04    1.14092e+03    8.89285e+03
     Coulomb-14        LJ (SR)  Disper. corr.   Coulomb (SR)   Coul. recip.
    1.03340e+05    5.05786e+05   -3.11689e+04   -4.17686e+06    2.35599e+04
      Potential    Kinetic En.   Total Energy  Conserved En.    Temperature
   -3.51428e+06    6.40436e+05   -2.87384e+06   -1.72671e+06    3.00354e+02
 Pres. DC (bar) Pressure (bar)   Constr. rmsd
   -2.02193e+02   -4.88519e+01    0.00000e+00

           Step           Time
       30300000    60600.00000

   Energies (kJ/mol)
           Bond          Angle    Proper Dih. Per. Imp. Dih.          LJ-14
    7.26276e+03    1.90505e+04    2.41795e+04    1.28332e+03    9.01814e+03
     Coulomb-14        LJ (SR)  Disper. corr.   Coulomb (SR)   Coul. recip.
    1.03291e+05    5.09228e+05   -3.11633e+04   -4.17872e+06    2.34279e+04
      Potential    Kinetic En.   Total Energy  Conserved En.    Temperature
   -3.51314e+06    6.39348e+05   -2.87380e+06   -1.72502e+06    2.99844e+02
 Pres. DC (bar) Pressure (bar)   Constr. rmsd
   -2.02120e+02    8.54900e+01    0.00000e+00

           Step           Time
       30350000    60700.00000

   Energies (kJ/mol)
           Bond          Angle    Proper Dih. Per. Imp. Dih.          LJ-14
    7.39680e+03    1.94295e+04    2.43256e+04    1.16856e+03    8.84647e+03
     Coulomb-14        LJ (SR)  Disper. corr.   Coulomb (SR)   Coul. recip.
    1.03036e+05    5.06553e+05   -3.12172e+04   -4.17450e+06    2.33103e+04
      Potential    Kinetic En.   Total Energy  Conserved En.    Temperature
   -3.51165e+06    6.40689e+05   -2.87096e+06   -1.72342e+06    3.00473e+02
 Pres. DC (bar) Pressure (bar)   Constr. rmsd
   -2.02819e+02    5.30087e-01    0.00000e+00

           Step           Time
       30400000    60800.00000

   Energies (kJ/mol)
           Bond          Angle    Proper Dih. Per. Imp. Dih.          LJ-14
    7.41740e+03    1.91513e+04    2.41264e+04    1.18481e+03    8.80502e+03
     Coulomb-14        LJ (SR)  Disper. corr.   Coulomb (SR)   Coul. recip.
    1.03757e+05    5.08948e+05   -3.12375e+04   -4.18237e+06    2.36645e+04
      Potential    Kinetic En.   Total Energy  Conserved En.    Temperature
   -3.51656e+06    6.39838e+05   -2.87672e+06   -1.72211e+06    3.00074e+02
 Pres. DC (bar) Pressure (bar)   Constr. rmsd
   -2.03083e+02    1.30086e+01    0.00000e+00

           Step           Time
       30450000    60900.00000

   Energies (kJ/mol)
           Bond          Angle    Proper Dih. Per. Imp. Dih.          LJ-14
    7.35279e+03    1.94427e+04    2.41478e+04    1.15853e+03    8.78951e+03
     Coulomb-14        LJ (SR)  Disper. corr.   Coulomb (SR)   Coul. recip.
    1.03262e+05    5.09175e+05   -3.11922e+04   -4.17843e+06    2.37378e+04
      Potential    Kinetic En.   Total Energy  Conserved En.    Temperature
   -3.51255e+06    6.39622e+05   -2.87293e+06   -1.72040e+06    2.99972e+02
 Pres. DC (bar) Pressure (bar)   Constr. rmsd
   -2.02494e+02    3.51611e+01    0.00000e+00

           Step           Time
       30500000    61000.00000

   Energies (kJ/mol)
           Bond          Angle    Proper Dih. Per. Imp. Dih.          LJ-14
    7.20468e+03    1.91922e+04    2.41101e+04    1.17683e+03    8.75552e+03
     Coulomb-14        LJ (SR)  Disper. corr.   Coulomb (SR)   Coul. recip.
    1.03510e+05    5.07108e+05   -3.11579e+04   -4.17929e+06    2.39586e+04
      Potential    Kinetic En.   Total Energy  Conserved En.    Temperature
   -3.51543e+06    6.38421e+05   -2.87701e+06   -1.71859e+06    2.99409e+02
 Pres. DC (bar) Pressure (bar)   Constr. rmsd
   -2.02050e+02   -3.73461e+01    0.00000e+00

Writing checkpoint, step 30527700 at Tue Sep 29 23:57:39 2026


           Step           Time
       30550000    61100.00000

   Energies (kJ/mol)
           Bond          Angle    Proper Dih. Per. Imp. Dih.          LJ-14
    7.29064e+03    1.91567e+04    2.41680e+04    1.17705e+03    8.75628e+03
     Coulomb-14        LJ (SR)  Disper. corr.   Coulomb (SR)   Coul. recip.
    1.03037e+05    5.06964e+05   -3.11711e+04   -4.17663e+06    2.36238e+04
      Potential    Kinetic En.   Total Energy  Conserved En.    Temperature
   -3.51363e+06    6.38257e+05   -2.87537e+06   -1.71705e+06    2.99332e+02
 Pres. DC (bar) Pressure (bar)   Constr. rmsd
   -2.02221e+02   -8.26457e+00    0.00000e+00

           Step           Time
       30600000    61200.00000

   Energies (kJ/mol)
           Bond          Angle    Proper Dih. Per. Imp. Dih.          LJ-14
    7.23246e+03    1.93382e+04    2.43218e+04    1.21099e+03    8.85608e+03
     Coulomb-14        LJ (SR)  Disper. corr.   Coulomb (SR)   Coul. recip.
    1.02688e+05    5.10216e+05   -3.13359e+04   -4.18223e+06    2.34985e+04
      Potential    Kinetic En.   Total Energy  Conserved En.    Temperature
   -3.51620e+06    6.39842e+05   -2.87636e+06   -1.71516e+06    3.00076e+02
 Pres. DC (bar) Pressure (bar)   Constr. rmsd
   -2.04362e+02    1.06162e+02    0.00000e+00

           Step           Time
       30650000    61300.00000

   Energies (kJ/mol)
           Bond          Angle    Proper Dih. Per. Imp. Dih.          LJ-14
    7.27590e+03    1.96275e+04    2.42124e+04    1.29980e+03    8.91523e+03
     Coulomb-14        LJ (SR)  Disper. corr.   Coulomb (SR)   Coul. recip.
    1.02736e+05    5.07076e+05   -3.11596e+04   -4.17597e+06    2.38709e+04
      Potential    Kinetic En.   Total Energy  Conserved En.    Temperature
   -3.51212e+06    6.40727e+05   -2.87139e+06   -1.71356e+06    3.00491e+02
 Pres. DC (bar) Pressure (bar)   Constr. rmsd
   -2.02073e+02   -3.20691e-01    0.00000e+00

           Step           Time
       30700000    61400.00000

   Energies (kJ/mol)
           Bond          Angle    Proper Dih. Per. Imp. Dih.          LJ-14
    7.23537e+03    1.94543e+04    2.42509e+04    1.21185e+03    8.98801e+03
     Coulomb-14        LJ (SR)  Disper. corr.   Coulomb (SR)   Coul. recip.
    1.03259e+05    5.07112e+05   -3.11972e+04   -4.17419e+06    2.36369e+04
      Potential    Kinetic En.   Total Energy  Conserved En.    Temperature
   -3.51024e+06    6.39272e+05   -2.87097e+06   -1.71132e+06    2.99809e+02
 Pres. DC (bar) Pressure (bar)   Constr. rmsd
   -2.02560e+02    4.46097e+01    0.00000e+00

           Step           Time
       30750000    61500.00000

   Energies (kJ/mol)
           Bond          Angle    Proper Dih. Per. Imp. Dih.          LJ-14
    7.14625e+03    1.92717e+04    2.41924e+04    1.21524e+03    9.01152e+03
     Coulomb-14        LJ (SR)  Disper. corr.   Coulomb (SR)   Coul. recip.
    1.03445e+05    5.09967e+05   -3.12444e+04   -4.18048e+06    2.36059e+04
      Potential    Kinetic En.   Total Energy  Conserved En.    Temperature
   -3.51387e+06    6.42303e+05   -2.87156e+06   -1.70977e+06    3.01230e+02
 Pres. DC (bar) Pressure (bar)   Constr. rmsd
   -2.03172e+02    1.07444e+02    0.00000e+00

           Step           Time
       30800000    61600.00000

   Energies (kJ/mol)
           Bond          Angle    Proper Dih. Per. Imp. Dih.          LJ-14
    7.25688e+03    1.93455e+04    2.43249e+04    1.20665e+03    8.96438e+03
     Coulomb-14        LJ (SR)  Disper. corr.   Coulomb (SR)   Coul. recip.
    1.03254e+05    5.04056e+05   -3.11430e+04   -4.17179e+06    2.34712e+04
      Potential    Kinetic En.   Total Energy  Conserved En.    Temperature
   -3.51105e+06    6.37470e+05   -2.87358e+06   -1.70799e+06    2.98963e+02
 Pres. DC (bar) Pressure (bar)   Constr. rmsd
   -2.01857e+02   -5.19676e+01    0.00000e+00

           Step           Time
       30850000    61700.00000

   Energies (kJ/mol)
           Bond          Angle    Proper Dih. Per. Imp. Dih.          LJ-14
    7.18483e+03    1.94333e+04    2.42070e+04    1.19286e+03    8.77517e+03
     Coulomb-14        LJ (SR)  Disper. corr.   Coulomb (SR)   Coul. recip.
    1.03231e+05    5.09702e+05   -3.12218e+04   -4.17702e+06    2.38853e+04
      Potential    Kinetic En.   Total Energy  Conserved En.    Temperature
   -3.51063e+06    6.41018e+05   -2.86962e+06   -1.70590e+06    3.00627e+02
 Pres. DC (bar) Pressure (bar)   Constr. rmsd
   -2.02879e+02    5.33656e+01    0.00000e+00

Writing checkpoint, step 30869100 at Wed Sep 30 00:12:39 2026


           Step           Time
       30900000    61800.00000

   Energies (kJ/mol)
           Bond          Angle    Proper Dih. Per. Imp. Dih.          LJ-14
    7.34285e+03    1.92831e+04    2.40339e+04    1.24079e+03    8.86851e+03
     Coulomb-14        LJ (SR)  Disper. corr.   Coulomb (SR)   Coul. recip.
    1.03591e+05    5.08903e+05   -3.12085e+04   -4.17901e+06    2.35868e+04
      Potential    Kinetic En.   Total Energy  Conserved En.    Temperature
   -3.51337e+06    6.40464e+05   -2.87291e+06   -1.70370e+06    3.00367e+02
 Pres. DC (bar) Pressure (bar)   Constr. rmsd
   -2.02706e+02    6.20865e+01    0.00000e+00

           Step           Time
       30950000    61900.00000

   Energies (kJ/mol)
           Bond          Angle    Proper Dih. Per. Imp. Dih.          LJ-14
    7.30790e+03    1.92151e+04    2.38752e+04    1.17670e+03    8.78354e+03
     Coulomb-14        LJ (SR)  Disper. corr.   Coulomb (SR)   Coul. recip.
    1.02942e+05    5.06071e+05   -3.11613e+04   -4.17302e+06    2.35117e+04
      Potential    Kinetic En.   Total Energy  Conserved En.    Temperature
   -3.51130e+06    6.39896e+05   -2.87140e+06   -1.70218e+06    3.00101e+02
 Pres. DC (bar) Pressure (bar)   Constr. rmsd
   -2.02094e+02   -4.05284e+01    0.00000e+00

           Step           Time
       31000000    62000.00000

   Energies (kJ/mol)
           Bond          Angle    Proper Dih. Per. Imp. Dih.          LJ-14
    7.36657e+03    1.93538e+04    2.40026e+04    1.18562e+03    8.95876e+03
     Coulomb-14        LJ (SR)  Disper. corr.   Coulomb (SR)   Coul. recip.
    1.02832e+05    5.07454e+05   -3.12249e+04   -4.17815e+06    2.35539e+04
      Potential    Kinetic En.   Total Energy  Conserved En.    Temperature
   -3.51467e+06    6.39217e+05   -2.87545e+06   -1.70029e+06    2.99783e+02
 Pres. DC (bar) Pressure (bar)   Constr. rmsd
   -2.02918e+02    2.78029e+00    0.00000e+00

           Step           Time
       31050000    62100.00000

   Energies (kJ/mol)
           Bond          Angle    Proper Dih. Per. Imp. Dih.          LJ-14
    7.24604e+03    1.95244e+04    2.40586e+04    1.17762e+03    8.97283e+03
     Coulomb-14        LJ (SR)  Disper. corr.   Coulomb (SR)   Coul. recip.
    1.03514e+05    5.08404e+05   -3.11434e+04   -4.17770e+06    2.36515e+04
      Potential    Kinetic En.   Total Energy  Conserved En.    Temperature
   -3.51230e+06    6.40851e+05   -2.87145e+06   -1.69822e+06    3.00549e+02
 Pres. DC (bar) Pressure (bar)   Constr. rmsd
   -2.01863e+02    1.63534e+01    0.00000e+00

           Step           Time
       31100000    62200.00000

   Energies (kJ/mol)
           Bond          Angle    Proper Dih. Per. Imp. Dih.          LJ-14
    7.21851e+03    1.94707e+04    2.40738e+04    1.14935e+03    8.74898e+03
     Coulomb-14        LJ (SR)  Disper. corr.   Coulomb (SR)   Coul. recip.
    1.03212e+05    5.06690e+05   -3.11989e+04   -4.17840e+06    2.35307e+04
      Potential    Kinetic En.   Total Energy  Conserved En.    Temperature
   -3.51550e+06    6.36967e+05   -2.87853e+06   -1.69615e+06    2.98727e+02
 Pres. DC (bar) Pressure (bar)   Constr. rmsd
   -2.02581e+02   -3.50980e+01    0.00000e+00

           Step           Time
       31150000    62300.00000

   Energies (kJ/mol)
           Bond          Angle    Proper Dih. Per. Imp. Dih.          LJ-14
    7.14191e+03    1.94788e+04    2.41398e+04    1.16825e+03    8.90008e+03
     Coulomb-14        LJ (SR)  Disper. corr.   Coulomb (SR)   Coul. recip.
    1.03358e+05    5.07835e+05   -3.11577e+04   -4.18099e+06    2.36099e+04
      Potential    Kinetic En.   Total Energy  Conserved En.    Temperature
   -3.51651e+06    6.38920e+05   -2.87759e+06   -1.69439e+06    2.99643e+02
 Pres. DC (bar) Pressure (bar)   Constr. rmsd
   -2.02047e+02   -1.80983e+01    0.00000e+00

           Step           Time
       31200000    62400.00000

   Energies (kJ/mol)
           Bond          Angle    Proper Dih. Per. Imp. Dih.          LJ-14
    7.29575e+03    1.91842e+04    2.39319e+04    1.09870e+03    8.96237e+03
     Coulomb-14        LJ (SR)  Disper. corr.   Coulomb (SR)   Coul. recip.
    1.03429e+05    5.06448e+05   -3.12413e+04   -4.17759e+06    2.35042e+04
      Potential    Kinetic En.   Total Energy  Conserved En.    Temperature
   -3.51498e+06    6.41067e+05   -2.87391e+06   -1.69263e+06    3.00650e+02
 Pres. DC (bar) Pressure (bar)   Constr. rmsd
   -2.03132e+02    3.19382e+01    0.00000e+00

Writing checkpoint, step 31211700 at Wed Sep 30 00:27:39 2026


           Step           Time
       31250000    62500.00000

   Energies (kJ/mol)
           Bond          Angle    Proper Dih. Per. Imp. Dih.          LJ-14
    7.19823e+03    1.90950e+04    2.42086e+04    1.12448e+03    8.89434e+03
     Coulomb-14        LJ (SR)  Disper. corr.   Coulomb (SR)   Coul. recip.
    1.03517e+05    5.06789e+05   -3.12119e+04   -4.17917e+06    2.37599e+04
      Potential    Kinetic En.   Total Energy  Conserved En.    Temperature
   -3.51579e+06    6.37894e+05   -2.87790e+06   -1.69068e+06    2.99162e+02
 Pres. DC (bar) Pressure (bar)   Constr. rmsd
   -2.02751e+02   -2.37151e+01    0.00000e+00

           Step           Time
       31300000    62600.00000

   Energies (kJ/mol)
           Bond          Angle    Proper Dih. Per. Imp. Dih.          LJ-14
    7.59208e+03    1.91999e+04    2.38463e+04    1.12225e+03    8.82347e+03
     Coulomb-14        LJ (SR)  Disper. corr.   Coulomb (SR)   Coul. recip.
    1.03019e+05    5.08727e+05   -3.11816e+04   -4.18070e+06    2.36530e+04
      Potential    Kinetic En.   Total Energy  Conserved En.    Temperature
   -3.51590e+06    6.39287e+05   -2.87662e+06   -1.68886e+06    2.99815e+02
 Pres. DC (bar) Pressure (bar)   Constr. rmsd
   -2.02357e+02    2.44094e+01    0.00000e+00

           Step           Time
       31350000    62700.00000

   Energies (kJ/mol)
           Bond          Angle    Proper Dih. Per. Imp. Dih.          LJ-14
    7.35794e+03    1.89591e+04    2.39279e+04    1.14083e+03    8.95967e+03
     Coulomb-14        LJ (SR)  Disper. corr.   Coulomb (SR)   Coul. recip.
    1.03113e+05    5.07359e+05   -3.12365e+04   -4.17591e+06    2.33852e+04
      Potential    Kinetic En.   Total Energy  Conserved En.    Temperature
   -3.51294e+06    6.40120e+05   -2.87282e+06   -1.68726e+06    3.00206e+02
 Pres. DC (bar) Pressure (bar)   Constr. rmsd
   -2.03070e+02    7.25425e+01    0.00000e+00

           Step           Time
       31400000    62800.00000

   Energies (kJ/mol)
           Bond          Angle    Proper Dih. Per. Imp. Dih.          LJ-14
    7.19594e+03    1.91283e+04    2.42069e+04    1.16364e+03    8.95286e+03
     Coulomb-14        LJ (SR)  Disper. corr.   Coulomb (SR)   Coul. recip.
    1.02931e+05    5.08028e+05   -3.12320e+04   -4.17845e+06    2.37175e+04
      Potential    Kinetic En.   Total Energy  Conserved En.    Temperature
   -3.51436e+06    6.36654e+05   -2.87771e+06   -1.68566e+06    2.98581e+02
 Pres. DC (bar) Pressure (bar)   Constr. rmsd
   -2.03011e+02    4.21947e+01    0.00000e+00

           Step           Time
       31450000    62900.00000

   Energies (kJ/mol)
           Bond          Angle    Proper Dih. Per. Imp. Dih.          LJ-14
    7.30554e+03    1.89511e+04    2.40041e+04    1.19792e+03    8.89833e+03
     Coulomb-14        LJ (SR)  Disper. corr.   Coulomb (SR)   Coul. recip.
    1.02748e+05    5.07489e+05   -3.13129e+04   -4.17997e+06    2.36822e+04
      Potential    Kinetic En.   Total Energy  Conserved En.    Temperature
   -3.51700e+06    6.36739e+05   -2.88027e+06   -1.68404e+06    2.98621e+02
 Pres. DC (bar) Pressure (bar)   Constr. rmsd
   -2.04062e+02    4.19512e+01    0.00000e+00

           Step           Time
       31500000    63000.00000

   Energies (kJ/mol)
           Bond          Angle    Proper Dih. Per. Imp. Dih.          LJ-14
    6.96072e+03    1.92800e+04    2.41336e+04    1.14933e+03    8.97825e+03
     Coulomb-14        LJ (SR)  Disper. corr.   Coulomb (SR)   Coul. recip.
    1.03224e+05    5.09335e+05   -3.11965e+04   -4.18010e+06    2.34942e+04
      Potential    Kinetic En.   Total Energy  Conserved En.    Temperature
   -3.51475e+06    6.38426e+05   -2.87632e+06   -1.68216e+06    2.99411e+02
 Pres. DC (bar) Pressure (bar)   Constr. rmsd
   -2.02551e+02    6.76834e+01    0.00000e+00

           Step           Time
       31550000    63100.00000

   Energies (kJ/mol)
           Bond          Angle    Proper Dih. Per. Imp. Dih.          LJ-14
    6.89971e+03    1.95810e+04    2.41208e+04    1.13385e+03    8.81574e+03
     Coulomb-14        LJ (SR)  Disper. corr.   Coulomb (SR)   Coul. recip.
    1.03181e+05    5.10232e+05   -3.13060e+04   -4.18197e+06    2.35709e+04
      Potential    Kinetic En.   Total Energy  Conserved En.    Temperature
   -3.51574e+06    6.38520e+05   -2.87722e+06   -1.68023e+06    2.99456e+02
 Pres. DC (bar) Pressure (bar)   Constr. rmsd
   -2.03973e+02    9.79748e+01    0.00000e+00

Writing checkpoint, step 31554100 at Wed Sep 30 00:42:39 2026


           Step           Time
       31600000    63200.00000

   Energies (kJ/mol)
           Bond          Angle    Proper Dih. Per. Imp. Dih.          LJ-14
    7.17724e+03    1.92665e+04    2.42687e+04    1.20662e+03    8.82869e+03
     Coulomb-14        LJ (SR)  Disper. corr.   Coulomb (SR)   Coul. recip.
    1.02819e+05    5.06856e+05   -3.12558e+04   -4.17782e+06    2.37992e+04
      Potential    Kinetic En.   Total Energy  Conserved En.    Temperature
   -3.51486e+06    6.39725e+05   -2.87513e+06   -1.67821e+06    3.00021e+02
 Pres. DC (bar) Pressure (bar)   Constr. rmsd
   -2.03320e+02    4.64266e+01    0.00000e+00

           Step           Time
       31650000    63300.00000

   Energies (kJ/mol)
           Bond          Angle    Proper Dih. Per. Imp. Dih.          LJ-14
    7.33778e+03    1.94948e+04    2.43049e+04    1.23178e+03    8.75099e+03
     Coulomb-14        LJ (SR)  Disper. corr.   Coulomb (SR)   Coul. recip.
    1.02695e+05    5.05525e+05   -3.11130e+04   -4.17314e+06    2.35443e+04
      Potential    Kinetic En.   Total Energy  Conserved En.    Temperature
   -3.51137e+06    6.38512e+05   -2.87286e+06   -1.67662e+06    2.99452e+02
 Pres. DC (bar) Pressure (bar)   Constr. rmsd
   -2.01469e+02   -5.04330e+01    0.00000e+00

           Step           Time
       31700000    63400.00000

   Energies (kJ/mol)
           Bond          Angle    Proper Dih. Per. Imp. Dih.          LJ-14
    7.34694e+03    1.94341e+04    2.39115e+04    1.19640e+03    8.85340e+03
     Coulomb-14        LJ (SR)  Disper. corr.   Coulomb (SR)   Coul. recip.
    1.02928e+05    5.07886e+05   -3.11706e+04   -4.17527e+06    2.36270e+04
      Potential    Kinetic En.   Total Energy  Conserved En.    Temperature
   -3.51126e+06    6.40361e+05   -2.87090e+06   -1.67500e+06    3.00319e+02
 Pres. DC (bar) Pressure (bar)   Constr. rmsd
   -2.02215e+02    2.46666e+01    0.00000e+00

           Step           Time
       31750000    63500.00000

   Energies (kJ/mol)
           Bond          Angle    Proper Dih. Per. Imp. Dih.          LJ-14
    7.12781e+03    1.92000e+04    2.41323e+04    1.18196e+03    8.83369e+03
     Coulomb-14        LJ (SR)  Disper. corr.   Coulomb (SR)   Coul. recip.
    1.03269e+05    5.05532e+05   -3.11252e+04   -4.17601e+06    2.37538e+04
      Potential    Kinetic En.   Total Energy  Conserved En.    Temperature
   -3.51411e+06    6.35746e+05   -2.87836e+06   -1.67303e+06    2.98155e+02
 Pres. DC (bar) Pressure (bar)   Constr. rmsd
   -2.01627e+02   -7.49421e+01    0.00000e+00

           Step           Time
       31800000    63600.00000

   Energies (kJ/mol)
           Bond          Angle    Proper Dih. Per. Imp. Dih.          LJ-14
    7.15770e+03    1.95044e+04    2.40300e+04    1.14195e+03    8.77772e+03
     Coulomb-14        LJ (SR)  Disper. corr.   Coulomb (SR)   Coul. recip.
    1.03596e+05    5.11307e+05   -3.12584e+04   -4.18580e+06    2.36718e+04
      Potential    Kinetic En.   Total Energy  Conserved En.    Temperature
   -3.51787e+06    6.37316e+05   -2.88056e+06   -1.67112e+06    2.98891e+02
 Pres. DC (bar) Pressure (bar)   Constr. rmsd
   -2.03354e+02    7.36511e+01    0.00000e+00

           Step           Time
       31850000    63700.00000

   Energies (kJ/mol)
           Bond          Angle    Proper Dih. Per. Imp. Dih.          LJ-14
    7.02110e+03    1.89755e+04    2.41509e+04    1.12055e+03    9.02729e+03
     Coulomb-14        LJ (SR)  Disper. corr.   Coulomb (SR)   Coul. recip.
    1.03064e+05    5.06308e+05   -3.12123e+04   -4.17650e+06    2.37300e+04
      Potential    Kinetic En.   Total Energy  Conserved En.    Temperature
   -3.51431e+06    6.39088e+05   -2.87523e+06   -1.66926e+06    2.99722e+02
 Pres. DC (bar) Pressure (bar)   Constr. rmsd
   -2.02756e+02    6.17377e+01    0.00000e+00

Writing checkpoint, step 31895900 at Wed Sep 30 00:57:39 2026


           Step           Time
       31900000    63800.00000

   Energies (kJ/mol)
           Bond          Angle    Proper Dih. Per. Imp. Dih.          LJ-14
    7.33666e+03    1.92806e+04    2.41612e+04    1.20033e+03    8.84195e+03
     Coulomb-14        LJ (SR)  Disper. corr.   Coulomb (SR)   Coul. recip.
    1.03495e+05    5.05916e+05   -3.12599e+04   -4.17847e+06    2.36261e+04
      Potential    Kinetic En.   Total Energy  Conserved En.    Temperature
   -3.51587e+06    6.39252e+05   -2.87662e+06   -1.66714e+06    2.99799e+02
 Pres. DC (bar) Pressure (bar)   Constr. rmsd
   -2.03373e+02   -4.70636e-01    0.00000e+00

           Step           Time
       31950000    63900.00000

   Energies (kJ/mol)
           Bond          Angle    Proper Dih. Per. Imp. Dih.          LJ-14
    7.14198e+03    1.95446e+04    2.41854e+04    1.16684e+03    8.94189e+03
     Coulomb-14        LJ (SR)  Disper. corr.   Coulomb (SR)   Coul. recip.
    1.03263e+05    5.10625e+05   -3.13175e+04   -4.18431e+06    2.36218e+04
      Potential    Kinetic En.   Total Energy  Conserved En.    Temperature
   -3.51713e+06    6.40693e+05   -2.87644e+06   -1.66492e+06    3.00475e+02
 Pres. DC (bar) Pressure (bar)   Constr. rmsd
   -2.04123e+02    1.26301e+02    0.00000e+00

           Step           Time
       32000000    64000.00000

   Energies (kJ/mol)
           Bond          Angle    Proper Dih. Per. Imp. Dih.          LJ-14
    7.34445e+03    1.95806e+04    2.40491e+04    1.13099e+03    8.72737e+03
     Coulomb-14        LJ (SR)  Disper. corr.   Coulomb (SR)   Coul. recip.
    1.02720e+05    5.04238e+05   -3.11887e+04   -4.17459e+06    2.38692e+04
      Potential    Kinetic En.   Total Energy  Conserved En.    Temperature
   -3.51412e+06    6.41538e+05   -2.87258e+06   -1.66277e+06    3.00871e+02
 Pres. DC (bar) Pressure (bar)   Constr. rmsd
   -2.02449e+02   -5.69414e+01    0.00000e+00

           Step           Time
       32050000    64100.00000

   Energies (kJ/mol)
           Bond          Angle    Proper Dih. Per. Imp. Dih.          LJ-14
    7.18895e+03    1.90155e+04    2.38835e+04    1.15354e+03    8.93168e+03
     Coulomb-14        LJ (SR)  Disper. corr.   Coulomb (SR)   Coul. recip.
    1.03255e+05    5.08294e+05   -3.12493e+04   -4.18324e+06    2.36757e+04
      Potential    Kinetic En.   Total Energy  Conserved En.    Temperature
   -3.51909e+06    6.39539e+05   -2.87955e+06   -1.66100e+06    2.99934e+02
 Pres. DC (bar) Pressure (bar)   Constr. rmsd
   -2.03236e+02    5.36899e+01    0.00000e+00

           Step           Time
       32100000    64200.00000

   Energies (kJ/mol)
           Bond          Angle    Proper Dih. Per. Imp. Dih.          LJ-14
    7.32958e+03    1.92438e+04    2.40772e+04    1.14322e+03    8.95762e+03
     Coulomb-14        LJ (SR)  Disper. corr.   Coulomb (SR)   Coul. recip.
    1.03276e+05    5.06485e+05   -3.11483e+04   -4.17506e+06    2.37123e+04
      Potential    Kinetic En.   Total Energy  Conserved En.    Temperature
   -3.51199e+06    6.37550e+05   -2.87444e+06   -1.65894e+06    2.99001e+02
 Pres. DC (bar) Pressure (bar)   Constr. rmsd
   -2.01926e+02   -2.94498e+01    0.00000e+00

           Step           Time
       32150000    64300.00000

   Energies (kJ/mol)
           Bond          Angle    Proper Dih. Per. Imp. Dih.          LJ-14
    7.48633e+03    1.99552e+04    2.42255e+04    1.18245e+03    8.84225e+03
     Coulomb-14        LJ (SR)  Disper. corr.   Coulomb (SR)   Coul. recip.
    1.03010e+05    5.03406e+05   -3.12169e+04   -4.16982e+06    2.35839e+04
      Potential    Kinetic En.   Total Energy  Conserved En.    Temperature
   -3.50935e+06    6.41876e+05   -2.86747e+06   -1.65725e+06    3.01030e+02
 Pres. DC (bar) Pressure (bar)   Constr. rmsd
   -2.02815e+02   -5.18306e+01    0.00000e+00

           Step           Time
       32200000    64400.00000

   Energies (kJ/mol)
           Bond          Angle    Proper Dih. Per. Imp. Dih.          LJ-14
    7.21046e+03    1.93206e+04    2.42940e+04    1.16378e+03    8.90698e+03
     Coulomb-14        LJ (SR)  Disper. corr.   Coulomb (SR)   Coul. recip.
    1.02882e+05    5.05403e+05   -3.12224e+04   -4.17611e+06    2.35758e+04
      Potential    Kinetic En.   Total Energy  Conserved En.    Temperature
   -3.51457e+06    6.42057e+05   -2.87252e+06   -1.65554e+06    3.01115e+02
 Pres. DC (bar) Pressure (bar)   Constr. rmsd
   -2.02887e+02    7.57106e+00    0.00000e+00

Writing checkpoint, step 32238200 at Wed Sep 30 01:12:39 2026


           Step           Time
       32250000    64500.00000

   Energies (kJ/mol)
           Bond          Angle    Proper Dih. Per. Imp. Dih.          LJ-14
    7.46410e+03    1.94399e+04    2.41839e+04    1.10270e+03    8.91951e+03
     Coulomb-14        LJ (SR)  Disper. corr.   Coulomb (SR)   Coul. recip.
    1.03402e+05    5.07782e+05   -3.12098e+04   -4.17887e+06    2.36281e+04
      Potential    Kinetic En.   Total Energy  Conserved En.    Temperature
   -3.51416e+06    6.39315e+05   -2.87484e+06   -1.65373e+06    2.99829e+02
 Pres. DC (bar) Pressure (bar)   Constr. rmsd
   -2.02723e+02    5.10777e+01    0.00000e+00

           Step           Time
       32300000    64600.00000

   Energies (kJ/mol)
           Bond          Angle    Proper Dih. Per. Imp. Dih.          LJ-14
    7.44211e+03    1.93272e+04    2.41937e+04    1.15999e+03    8.87737e+03
     Coulomb-14        LJ (SR)  Disper. corr.   Coulomb (SR)   Coul. recip.
    1.03102e+05    5.05995e+05   -3.11399e+04   -4.17422e+06    2.36981e+04
      Potential    Kinetic En.   Total Energy  Conserved En.    Temperature
   -3.51157e+06    6.40952e+05   -2.87062e+06   -1.65218e+06    3.00596e+02
 Pres. DC (bar) Pressure (bar)   Constr. rmsd
   -2.01816e+02   -3.66987e+01    0.00000e+00

           Step           Time
       32350000    64700.00000

   Energies (kJ/mol)
           Bond          Angle    Proper Dih. Per. Imp. Dih.          LJ-14
    7.24587e+03    1.91043e+04    2.41349e+04    1.18361e+03    9.00439e+03
     Coulomb-14        LJ (SR)  Disper. corr.   Coulomb (SR)   Coul. recip.
    1.03623e+05    5.09105e+05   -3.12024e+04   -4.17932e+06    2.36160e+04
      Potential    Kinetic En.   Total Energy  Conserved En.    Temperature
   -3.51350e+06    6.40417e+05   -2.87308e+06   -1.65080e+06    3.00345e+02
 Pres. DC (bar) Pressure (bar)   Constr. rmsd
   -2.02627e+02    9.51636e+01    0.00000e+00

           Step           Time
       32400000    64800.00000

   Energies (kJ/mol)
           Bond          Angle    Proper Dih. Per. Imp. Dih.          LJ-14
    7.35762e+03    1.94033e+04    2.41476e+04    1.19751e+03    8.95396e+03
     Coulomb-14        LJ (SR)  Disper. corr.   Coulomb (SR)   Coul. recip.
    1.03165e+05    5.09866e+05   -3.12801e+04   -4.18114e+06    2.35156e+04
      Potential    Kinetic En.   Total Energy  Conserved En.    Temperature
   -3.51482e+06    6.39397e+05   -2.87542e+06   -1.64921e+06    2.99867e+02
 Pres. DC (bar) Pressure (bar)   Constr. rmsd
   -2.03636e+02    9.14088e+01    0.00000e+00

           Step           Time
       32450000    64900.00000

   Energies (kJ/mol)
           Bond          Angle    Proper Dih. Per. Imp. Dih.          LJ-14
    7.43613e+03    1.90871e+04    2.41807e+04    1.15194e+03    8.81965e+03
     Coulomb-14        LJ (SR)  Disper. corr.   Coulomb (SR)   Coul. recip.
    1.03652e+05    5.09781e+05   -3.13497e+04   -4.18621e+06    2.35926e+04
      Potential    Kinetic En.   Total Energy  Conserved En.    Temperature
   -3.51986e+06    6.42443e+05   -2.87742e+06   -1.64761e+06    3.01295e+02
 Pres. DC (bar) Pressure (bar)   Constr. rmsd
   -2.04542e+02    5.71301e+01    0.00000e+00

           Step           Time
       32500000    65000.00000

   Energies (kJ/mol)
           Bond          Angle    Proper Dih. Per. Imp. Dih.          LJ-14
    7.19485e+03    1.89977e+04    2.40188e+04    1.15686e+03    8.79629e+03
     Coulomb-14        LJ (SR)  Disper. corr.   Coulomb (SR)   Coul. recip.
    1.03032e+05    5.08633e+05   -3.12133e+04   -4.17992e+06    2.32926e+04
      Potential    Kinetic En.   Total Energy  Conserved En.    Temperature
   -3.51602e+06    6.35240e+05   -2.88078e+06   -1.64578e+06    2.97917e+02
 Pres. DC (bar) Pressure (bar)   Constr. rmsd
   -2.02768e+02    3.03674e+01    0.00000e+00

           Step           Time
       32550000    65100.00000

   Energies (kJ/mol)
           Bond          Angle    Proper Dih. Per. Imp. Dih.          LJ-14
    7.04628e+03    1.93813e+04    2.40743e+04    1.14265e+03    8.93764e+03
     Coulomb-14        LJ (SR)  Disper. corr.   Coulomb (SR)   Coul. recip.
    1.03468e+05    5.08566e+05   -3.11795e+04   -4.17944e+06    2.34269e+04
      Potential    Kinetic En.   Total Energy  Conserved En.    Temperature
   -3.51458e+06    6.40536e+05   -2.87404e+06   -1.64385e+06    3.00401e+02
 Pres. DC (bar) Pressure (bar)   Constr. rmsd
   -2.02330e+02    2.58343e+01    0.00000e+00

Writing checkpoint, step 32580400 at Wed Sep 30 01:27:39 2026


           Step           Time
       32600000    65200.00000

   Energies (kJ/mol)
           Bond          Angle    Proper Dih. Per. Imp. Dih.          LJ-14
    7.18245e+03    1.94890e+04    2.41193e+04    1.17519e+03    8.84822e+03
     Coulomb-14        LJ (SR)  Disper. corr.   Coulomb (SR)   Coul. recip.
    1.03290e+05    5.09912e+05   -3.12546e+04   -4.18245e+06    2.34222e+04
      Potential    Kinetic En.   Total Energy  Conserved En.    Temperature
   -3.51626e+06    6.38469e+05   -2.87779e+06   -1.64157e+06    2.99432e+02
 Pres. DC (bar) Pressure (bar)   Constr. rmsd
   -2.03304e+02    9.78240e+01    0.00000e+00

           Step           Time
       32650000    65300.00000

   Energies (kJ/mol)
           Bond          Angle    Proper Dih. Per. Imp. Dih.          LJ-14
    7.22393e+03    1.95225e+04    2.43375e+04    1.12300e+03    8.77612e+03
     Coulomb-14        LJ (SR)  Disper. corr.   Coulomb (SR)   Coul. recip.
    1.02835e+05    5.09041e+05   -3.12308e+04   -4.18296e+06    2.35798e+04
      Potential    Kinetic En.   Total Energy  Conserved En.    Temperature
   -3.51775e+06    6.43392e+05   -2.87436e+06   -1.63999e+06    3.01740e+02
 Pres. DC (bar) Pressure (bar)   Constr. rmsd
   -2.02995e+02    2.71743e+01    0.00000e+00

           Step           Time
       32700000    65400.00000

   Energies (kJ/mol)
           Bond          Angle    Proper Dih. Per. Imp. Dih.          LJ-14
    7.39483e+03    1.95106e+04    2.42364e+04    1.13336e+03    8.84222e+03
     Coulomb-14        LJ (SR)  Disper. corr.   Coulomb (SR)   Coul. recip.
    1.03389e+05    5.06403e+05   -3.11806e+04   -4.17473e+06    2.36258e+04
      Potential    Kinetic En.   Total Energy  Conserved En.    Temperature
   -3.51137e+06    6.40532e+05   -2.87084e+06   -1.63768e+06    3.00400e+02
 Pres. DC (bar) Pressure (bar)   Constr. rmsd
   -2.02345e+02    2.62706e+01    0.00000e+00

           Step           Time
       32750000    65500.00000

   Energies (kJ/mol)
           Bond          Angle    Proper Dih. Per. Imp. Dih.          LJ-14
    7.35978e+03    1.96126e+04    2.41076e+04    1.22871e+03    8.87451e+03
     Coulomb-14        LJ (SR)  Disper. corr.   Coulomb (SR)   Coul. recip.
    1.03294e+05    5.02810e+05   -3.11725e+04   -4.17177e+06    2.35330e+04
      Potential    Kinetic En.   Total Energy  Conserved En.    Temperature
   -3.51212e+06    6.42408e+05   -2.86972e+06   -1.63592e+06    3.01279e+02
 Pres. DC (bar) Pressure (bar)   Constr. rmsd
   -2.02240e+02   -6.95392e+01    0.00000e+00

           Step           Time
       32800000    65600.00000

   Energies (kJ/mol)
           Bond          Angle    Proper Dih. Per. Imp. Dih.          LJ-14
    7.20260e+03    1.93672e+04    2.41084e+04    1.26456e+03    8.91410e+03
     Coulomb-14        LJ (SR)  Disper. corr.   Coulomb (SR)   Coul. recip.
    1.03134e+05    5.04788e+05   -3.11184e+04   -4.17347e+06    2.36235e+04
      Potential    Kinetic En.   Total Energy  Conserved En.    Temperature
   -3.51219e+06    6.38250e+05   -2.87394e+06   -1.63377e+06    2.99329e+02
 Pres. DC (bar) Pressure (bar)   Constr. rmsd
   -2.01539e+02   -8.76406e+01    0.00000e+00

           Step           Time
       32850000    65700.00000

   Energies (kJ/mol)
           Bond          Angle    Proper Dih. Per. Imp. Dih.          LJ-14
    7.48229e+03    1.91431e+04    2.41104e+04    1.14329e+03    8.72179e+03
     Coulomb-14        LJ (SR)  Disper. corr.   Coulomb (SR)   Coul. recip.
    1.03262e+05    5.04326e+05   -3.12363e+04   -4.17525e+06    2.36904e+04
      Potential    Kinetic En.   Total Energy  Conserved En.    Temperature
   -3.51461e+06    6.40152e+05   -2.87446e+06   -1.63182e+06    3.00221e+02
 Pres. DC (bar) Pressure (bar)   Constr. rmsd
   -2.03067e+02   -5.93219e+01    0.00000e+00

           Step           Time
       32900000    65800.00000

   Energies (kJ/mol)
           Bond          Angle    Proper Dih. Per. Imp. Dih.          LJ-14
    7.39201e+03    1.93433e+04    2.42214e+04    1.19061e+03    8.95365e+03
     Coulomb-14        LJ (SR)  Disper. corr.   Coulomb (SR)   Coul. recip.
    1.03120e+05    5.08763e+05   -3.12066e+04   -4.18127e+06    2.35538e+04
      Potential    Kinetic En.   Total Energy  Conserved En.    Temperature
   -3.51594e+06    6.41740e+05   -2.87420e+06   -1.62947e+06    3.00966e+02
 Pres. DC (bar) Pressure (bar)   Constr. rmsd
   -2.02681e+02    5.75246e+01    0.00000e+00

Writing checkpoint, step 32922900 at Wed Sep 30 01:42:39 2026


           Step           Time
       32950000    65900.00000

   Energies (kJ/mol)
           Bond          Angle    Proper Dih. Per. Imp. Dih.          LJ-14
    7.13578e+03    1.91456e+04    2.41229e+04    1.20039e+03    8.89567e+03
     Coulomb-14        LJ (SR)  Disper. corr.   Coulomb (SR)   Coul. recip.
    1.03125e+05    5.07925e+05   -3.12705e+04   -4.17854e+06    2.37847e+04
      Potential    Kinetic En.   Total Energy  Conserved En.    Temperature
   -3.51447e+06    6.38382e+05   -2.87609e+06   -1.62788e+06    2.99391e+02
 Pres. DC (bar) Pressure (bar)   Constr. rmsd
   -2.03511e+02    6.72279e+01    0.00000e+00

           Step           Time
       33000000    66000.00000

   Energies (kJ/mol)
           Bond          Angle    Proper Dih. Per. Imp. Dih.          LJ-14
    7.24719e+03    1.91406e+04    2.41322e+04    1.13256e+03    8.92226e+03
     Coulomb-14        LJ (SR)  Disper. corr.   Coulomb (SR)   Coul. recip.
    1.03231e+05    5.07252e+05   -3.12492e+04   -4.18076e+06    2.36827e+04
      Potential    Kinetic En.   Total Energy  Conserved En.    Temperature
   -3.51727e+06    6.37315e+05   -2.87996e+06   -1.62556e+06    2.98891e+02
 Pres. DC (bar) Pressure (bar)   Constr. rmsd
   -2.03235e+02    2.06390e+01    0.00000e+00

           Step           Time
       33050000    66100.00000

   Energies (kJ/mol)
           Bond          Angle    Proper Dih. Per. Imp. Dih.          LJ-14
    7.20049e+03    1.94330e+04    2.38951e+04    1.15372e+03    8.75354e+03
     Coulomb-14        LJ (SR)  Disper. corr.   Coulomb (SR)   Coul. recip.
    1.03544e+05    5.05111e+05   -3.10886e+04   -4.17462e+06    2.37636e+04
      Potential    Kinetic En.   Total Energy  Conserved En.    Temperature
   -3.51285e+06    6.37558e+05   -2.87529e+06   -1.62373e+06    2.99005e+02
 Pres. DC (bar) Pressure (bar)   Constr. rmsd
   -2.01153e+02   -9.48756e+01    0.00000e+00

           Step           Time
       33100000    66200.00000

   Energies (kJ/mol)
           Bond          Angle    Proper Dih. Per. Imp. Dih.          LJ-14
    7.05540e+03    1.96316e+04    2.40576e+04    1.21178e+03    9.02460e+03
     Coulomb-14        LJ (SR)  Disper. corr.   Coulomb (SR)   Coul. recip.
    1.03769e+05    5.07258e+05   -3.12029e+04   -4.17719e+06    2.36449e+04
      Potential    Kinetic En.   Total Energy  Conserved En.    Temperature
   -3.51274e+06    6.37902e+05   -2.87484e+06   -1.62208e+06    2.99166e+02
 Pres. DC (bar) Pressure (bar)   Constr. rmsd
   -2.02633e+02    3.43841e+01    0.00000e+00

           Step           Time
       33150000    66300.00000

   Energies (kJ/mol)
           Bond          Angle    Proper Dih. Per. Imp. Dih.          LJ-14
    7.36645e+03    1.89042e+04    2.42062e+04    1.20662e+03    8.87598e+03
     Coulomb-14        LJ (SR)  Disper. corr.   Coulomb (SR)   Coul. recip.
    1.03260e+05    5.04931e+05   -3.12081e+04   -4.17608e+06    2.34308e+04
      Potential    Kinetic En.   Total Energy  Conserved En.    Temperature
   -3.51510e+06    6.39416e+05   -2.87569e+06   -1.62001e+06    2.99876e+02
 Pres. DC (bar) Pressure (bar)   Constr. rmsd
   -2.02701e+02   -4.79380e+01    0.00000e+00

           Step           Time
       33200000    66400.00000

   Energies (kJ/mol)
           Bond          Angle    Proper Dih. Per. Imp. Dih.          LJ-14
    7.46076e+03    1.90225e+04    2.42150e+04    1.25506e+03    8.76986e+03
     Coulomb-14        LJ (SR)  Disper. corr.   Coulomb (SR)   Coul. recip.
    1.03126e+05    5.07548e+05   -3.11859e+04   -4.17980e+06    2.35436e+04
      Potential    Kinetic En.   Total Energy  Conserved En.    Temperature
   -3.51604e+06    6.41113e+05   -2.87493e+06   -1.61789e+06    3.00672e+02
 Pres. DC (bar) Pressure (bar)   Constr. rmsd
   -2.02414e+02   -1.50975e+01    0.00000e+00

           Step           Time
       33250000    66500.00000

   Energies (kJ/mol)
           Bond          Angle    Proper Dih. Per. Imp. Dih.          LJ-14
    7.44017e+03    1.94046e+04    2.39643e+04    1.13411e+03    8.86902e+03
     Coulomb-14        LJ (SR)  Disper. corr.   Coulomb (SR)   Coul. recip.
    1.02784e+05    5.06163e+05   -3.12081e+04   -4.17592e+06    2.37009e+04
      Potential    Kinetic En.   Total Energy  Conserved En.    Temperature
   -3.51367e+06    6.42093e+05   -2.87158e+06   -1.61618e+06    3.01131e+02
 Pres. DC (bar) Pressure (bar)   Constr. rmsd
   -2.02701e+02    5.12756e+00    0.00000e+00

Writing checkpoint, step 33265300 at Wed Sep 30 01:57:39 2026


           Step           Time
       33300000    66600.00000

   Energies (kJ/mol)
           Bond          Angle    Proper Dih. Per. Imp. Dih.          LJ-14
    7.05377e+03    1.93948e+04    2.41247e+04    1.19059e+03    8.85094e+03
     Coulomb-14        LJ (SR)  Disper. corr.   Coulomb (SR)   Coul. recip.
    1.02914e+05    5.11812e+05   -3.13214e+04   -4.18531e+06    2.35537e+04
      Potential    Kinetic En.   Total Energy  Conserved En.    Temperature
   -3.51774e+06    6.41072e+05   -2.87667e+06   -1.61451e+06    3.00652e+02
 Pres. DC (bar) Pressure (bar)   Constr. rmsd
   -2.04173e+02    1.20852e+02    0.00000e+00

           Step           Time
       33350000    66700.00000

   Energies (kJ/mol)
           Bond          Angle    Proper Dih. Per. Imp. Dih.          LJ-14
    7.49288e+03    1.93697e+04    2.38975e+04    1.16301e+03    8.97255e+03
     Coulomb-14        LJ (SR)  Disper. corr.   Coulomb (SR)   Coul. recip.
    1.03205e+05    5.05259e+05   -3.11694e+04   -4.17597e+06    2.38082e+04
      Potential    Kinetic En.   Total Energy  Conserved En.    Temperature
   -3.51397e+06    6.40969e+05   -2.87301e+06   -1.61269e+06    3.00604e+02
 Pres. DC (bar) Pressure (bar)   Constr. rmsd
   -2.02199e+02   -6.08622e+01    0.00000e+00

           Step           Time
       33400000    66800.00000

   Energies (kJ/mol)
           Bond          Angle    Proper Dih. Per. Imp. Dih.          LJ-14
    7.39137e+03    1.92784e+04    2.39265e+04    1.16802e+03    8.94278e+03
     Coulomb-14        LJ (SR)  Disper. corr.   Coulomb (SR)   Coul. recip.
    1.03085e+05    5.04915e+05   -3.11208e+04   -4.17679e+06    2.37302e+04
      Potential    Kinetic En.   Total Energy  Conserved En.    Temperature
   -3.51548e+06    6.40830e+05   -2.87465e+06   -1.61153e+06    3.00539e+02
 Pres. DC (bar) Pressure (bar)   Constr. rmsd
   -2.01570e+02   -4.31310e+01    0.00000e+00

           Step           Time
       33450000    66900.00000

   Energies (kJ/mol)
           Bond          Angle    Proper Dih. Per. Imp. Dih.          LJ-14
    7.21620e+03    1.92526e+04    2.39630e+04    1.13645e+03    8.83301e+03
     Coulomb-14        LJ (SR)  Disper. corr.   Coulomb (SR)   Coul. recip.
    1.02967e+05    5.05620e+05   -3.11360e+04   -4.17351e+06    2.36844e+04
      Potential    Kinetic En.   Total Energy  Conserved En.    Temperature
   -3.51197e+06    6.38597e+05   -2.87337e+06   -1.60964e+06    2.99492e+02
 Pres. DC (bar) Pressure (bar)   Constr. rmsd
   -2.01767e+02   -5.28229e+01    0.00000e+00

           Step           Time
       33500000    67000.00000

   Energies (kJ/mol)
           Bond          Angle    Proper Dih. Per. Imp. Dih.          LJ-14
    7.14434e+03    1.92516e+04    2.40738e+04    1.14783e+03    8.84775e+03
     Coulomb-14        LJ (SR)  Disper. corr.   Coulomb (SR)   Coul. recip.
    1.03085e+05    5.05760e+05   -3.13248e+04   -4.17821e+06    2.35489e+04
      Potential    Kinetic En.   Total Energy  Conserved En.    Temperature
   -3.51668e+06    6.40446e+05   -2.87623e+06   -1.60808e+06    3.00359e+02
 Pres. DC (bar) Pressure (bar)   Constr. rmsd
   -2.04218e+02    2.89859e+01    0.00000e+00

           Step           Time
       33550000    67100.00000

   Energies (kJ/mol)
           Bond          Angle    Proper Dih. Per. Imp. Dih.          LJ-14
    7.36111e+03    1.90079e+04    2.41744e+04    1.16280e+03    8.74807e+03
     Coulomb-14        LJ (SR)  Disper. corr.   Coulomb (SR)   Coul. recip.
    1.03125e+05    5.07612e+05   -3.12444e+04   -4.17782e+06    2.35536e+04
      Potential    Kinetic En.   Total Energy  Conserved En.    Temperature
   -3.51432e+06    6.41261e+05   -2.87306e+06   -1.60643e+06    3.00741e+02
 Pres. DC (bar) Pressure (bar)   Constr. rmsd
   -2.03172e+02    8.50751e+00    0.00000e+00

           Step           Time
       33600000    67200.00000

   Energies (kJ/mol)
           Bond          Angle    Proper Dih. Per. Imp. Dih.          LJ-14
    7.23309e+03    1.95160e+04    2.41981e+04    1.15013e+03    8.92627e+03
     Coulomb-14        LJ (SR)  Disper. corr.   Coulomb (SR)   Coul. recip.
    1.03277e+05    5.04483e+05   -3.12127e+04   -4.17456e+06    2.35291e+04
      Potential    Kinetic En.   Total Energy  Conserved En.    Temperature
   -3.51346e+06    6.40940e+05   -2.87252e+06   -1.60442e+06    3.00591e+02
 Pres. DC (bar) Pressure (bar)   Constr. rmsd
   -2.02761e+02   -1.72655e+01    0.00000e+00

Writing checkpoint, step 33607400 at Wed Sep 30 02:12:39 2026


           Step           Time
       33650000    67300.00000

   Energies (kJ/mol)
           Bond          Angle    Proper Dih. Per. Imp. Dih.          LJ-14
    7.29532e+03    1.96178e+04    2.40645e+04    1.23544e+03    8.83461e+03
     Coulomb-14        LJ (SR)  Disper. corr.   Coulomb (SR)   Coul. recip.
    1.02950e+05    5.03947e+05   -3.12425e+04   -4.17604e+06    2.38805e+04
      Potential    Kinetic En.   Total Energy  Conserved En.    Temperature
   -3.51546e+06    6.38752e+05   -2.87671e+06   -1.60271e+06    2.99564e+02
 Pres. DC (bar) Pressure (bar)   Constr. rmsd
   -2.03147e+02   -6.62069e+01    0.00000e+00

           Step           Time
       33700000    67400.00000

   Energies (kJ/mol)
           Bond          Angle    Proper Dih. Per. Imp. Dih.          LJ-14
    7.29823e+03    1.92534e+04    2.40427e+04    1.24830e+03    8.76838e+03
     Coulomb-14        LJ (SR)  Disper. corr.   Coulomb (SR)   Coul. recip.
    1.03032e+05    5.08846e+05   -3.11760e+04   -4.17894e+06    2.34643e+04
      Potential    Kinetic En.   Total Energy  Conserved En.    Temperature
   -3.51417e+06    6.38644e+05   -2.87552e+06   -1.60126e+06    2.99514e+02
 Pres. DC (bar) Pressure (bar)   Constr. rmsd
   -2.02285e+02    7.37844e+00    0.00000e+00

           Step           Time
       33750000    67500.00000

   Energies (kJ/mol)
           Bond          Angle    Proper Dih. Per. Imp. Dih.          LJ-14
    7.33377e+03    1.91739e+04    2.39144e+04    1.22403e+03    8.88521e+03
     Coulomb-14        LJ (SR)  Disper. corr.   Coulomb (SR)   Coul. recip.
    1.03271e+05    5.04307e+05   -3.10845e+04   -4.17066e+06    2.34779e+04
      Potential    Kinetic En.   Total Energy  Conserved En.    Temperature
   -3.51016e+06    6.39607e+05   -2.87055e+06   -1.59930e+06    2.99965e+02
 Pres. DC (bar) Pressure (bar)   Constr. rmsd
   -2.01100e+02   -8.71389e+01    0.00000e+00

           Step           Time
       33800000    67600.00000

   Energies (kJ/mol)
           Bond          Angle    Proper Dih. Per. Imp. Dih.          LJ-14
    7.26033e+03    1.93127e+04    2.40746e+04    1.22426e+03    9.00395e+03
     Coulomb-14        LJ (SR)  Disper. corr.   Coulomb (SR)   Coul. recip.
    1.03264e+05    5.07669e+05   -3.11856e+04   -4.17823e+06    2.38662e+04
      Potential    Kinetic En.   Total Energy  Conserved En.    Temperature
   -3.51374e+06    6.38233e+05   -2.87550e+06   -1.59722e+06    2.99321e+02
 Pres. DC (bar) Pressure (bar)   Constr. rmsd
   -2.02410e+02    3.74818e+01    0.00000e+00

           Step           Time
       33850000    67700.00000

   Energies (kJ/mol)
           Bond          Angle    Proper Dih. Per. Imp. Dih.          LJ-14
    7.35923e+03    1.92719e+04    2.40583e+04    1.14597e+03    8.91168e+03
     Coulomb-14        LJ (SR)  Disper. corr.   Coulomb (SR)   Coul. recip.
    1.03006e+05    5.05154e+05   -3.12687e+04   -4.17839e+06    2.32740e+04
      Potential    Kinetic En.   Total Energy  Conserved En.    Temperature
   -3.51748e+06    6.39868e+05   -2.87761e+06   -1.59582e+06    3.00088e+02
 Pres. DC (bar) Pressure (bar)   Constr. rmsd
   -2.03488e+02   -4.16175e+01    0.00000e+00

           Step           Time
       33900000    67800.00000

   Energies (kJ/mol)
           Bond          Angle    Proper Dih. Per. Imp. Dih.          LJ-14
    7.60073e+03    1.94810e+04    2.41419e+04    1.18671e+03    8.76427e+03
     Coulomb-14        LJ (SR)  Disper. corr.   Coulomb (SR)   Coul. recip.
    1.03380e+05    5.08202e+05   -3.11547e+04   -4.17833e+06    2.34940e+04
      Potential    Kinetic En.   Total Energy  Conserved En.    Temperature
   -3.51323e+06    6.39539e+05   -2.87370e+06   -1.59349e+06    2.99934e+02
 Pres. DC (bar) Pressure (bar)   Constr. rmsd
   -2.02009e+02   -2.37874e+01    0.00000e+00

Writing checkpoint, step 33949700 at Wed Sep 30 02:27:39 2026


           Step           Time
       33950000    67900.00000

   Energies (kJ/mol)
           Bond          Angle    Proper Dih. Per. Imp. Dih.          LJ-14
    7.29201e+03    1.90479e+04    2.41805e+04    1.13507e+03    8.91965e+03
     Coulomb-14        LJ (SR)  Disper. corr.   Coulomb (SR)   Coul. recip.
    1.03598e+05    5.04684e+05   -3.11223e+04   -4.17150e+06    2.35876e+04
      Potential    Kinetic En.   Total Energy  Conserved En.    Temperature
   -3.51017e+06    6.37480e+05   -2.87269e+06   -1.59151e+06    2.98968e+02
 Pres. DC (bar) Pressure (bar)   Constr. rmsd
   -2.01589e+02   -4.09819e+01    0.00000e+00

           Step           Time
       34000000    68000.00000

   Energies (kJ/mol)
           Bond          Angle    Proper Dih. Per. Imp. Dih.          LJ-14
    7.63022e+03    1.90896e+04    2.41399e+04    1.21336e+03    8.79315e+03
     Coulomb-14        LJ (SR)  Disper. corr.   Coulomb (SR)   Coul. recip.
    1.02843e+05    5.07468e+05   -3.11661e+04   -4.17855e+06    2.35175e+04
      Potential    Kinetic En.   Total Energy  Conserved En.    Temperature
   -3.51502e+06    6.38228e+05   -2.87679e+06   -1.58983e+06    2.99319e+02
 Pres. DC (bar) Pressure (bar)   Constr. rmsd
   -2.02157e+02   -5.15700e+01    0.00000e+00

           Step           Time
       34050000    68100.00000

   Energies (kJ/mol)
           Bond          Angle    Proper Dih. Per. Imp. Dih.          LJ-14
    7.42133e+03    1.93037e+04    2.40889e+04    1.13989e+03    9.00513e+03
     Coulomb-14        LJ (SR)  Disper. corr.   Coulomb (SR)   Coul. recip.
    1.03392e+05    5.09224e+05   -3.12649e+04   -4.18080e+06    2.35643e+04
      Potential    Kinetic En.   Total Energy  Conserved En.    Temperature
   -3.51493e+06    6.38884e+05   -2.87604e+06   -1.58767e+06    2.99626e+02
 Pres. DC (bar) Pressure (bar)   Constr. rmsd
   -2.03438e+02    8.63942e+01    0.00000e+00

           Step           Time
       34100000    68200.00000

   Energies (kJ/mol)
           Bond          Angle    Proper Dih. Per. Imp. Dih.          LJ-14
    7.46428e+03    1.85371e+04    2.41170e+04    1.16491e+03    8.92828e+03
     Coulomb-14        LJ (SR)  Disper. corr.   Coulomb (SR)   Coul. recip.
    1.03631e+05    5.07518e+05   -3.11567e+04   -4.17838e+06    2.37380e+04
      Potential    Kinetic En.   Total Energy  Conserved En.    Temperature
   -3.51444e+06    6.39317e+05   -2.87512e+06   -1.58577e+06    2.99829e+02
 Pres. DC (bar) Pressure (bar)   Constr. rmsd
   -2.02035e+02   -3.36163e+01    0.00000e+00

           Step           Time
       34150000    68300.00000

   Energies (kJ/mol)
           Bond          Angle    Proper Dih. Per. Imp. Dih.          LJ-14
    7.48748e+03    1.95247e+04    2.44209e+04    1.14260e+03    8.89727e+03
     Coulomb-14        LJ (SR)  Disper. corr.   Coulomb (SR)   Coul. recip.
    1.03312e+05    5.08921e+05   -3.12484e+04   -4.17641e+06    2.38281e+04
      Potential    Kinetic En.   Total Energy  Conserved En.    Temperature
   -3.51013e+06    6.40026e+05   -2.87010e+06   -1.58379e+06    3.00162e+02
 Pres. DC (bar) Pressure (bar)   Constr. rmsd
   -2.03224e+02    8.93760e+01    0.00000e+00

           Step           Time
       34200000    68400.00000

   Energies (kJ/mol)
           Bond          Angle    Proper Dih. Per. Imp. Dih.          LJ-14
    7.28596e+03    1.89245e+04    2.41876e+04    1.22327e+03    8.87928e+03
     Coulomb-14        LJ (SR)  Disper. corr.   Coulomb (SR)   Coul. recip.
    1.03023e+05    5.04181e+05   -3.12842e+04   -4.17562e+06    2.33116e+04
      Potential    Kinetic En.   Total Energy  Conserved En.    Temperature
   -3.51589e+06    6.39705e+05   -2.87618e+06   -1.58197e+06    3.00011e+02
 Pres. DC (bar) Pressure (bar)   Constr. rmsd
   -2.03689e+02   -3.86618e+01    0.00000e+00

           Step           Time
       34250000    68500.00000

   Energies (kJ/mol)
           Bond          Angle    Proper Dih. Per. Imp. Dih.          LJ-14
    7.75597e+03    1.94509e+04    2.40195e+04    1.16596e+03    8.77821e+03
     Coulomb-14        LJ (SR)  Disper. corr.   Coulomb (SR)   Coul. recip.
    1.03023e+05    5.08699e+05   -3.12744e+04   -4.18037e+06    2.33820e+04
      Potential    Kinetic En.   Total Energy  Conserved En.    Temperature
   -3.51537e+06    6.39153e+05   -2.87621e+06   -1.57919e+06    2.99753e+02
 Pres. DC (bar) Pressure (bar)   Constr. rmsd
   -2.03562e+02    1.47927e+01    0.00000e+00

Writing checkpoint, step 34291400 at Wed Sep 30 02:42:39 2026


           Step           Time
       34300000    68600.00000

   Energies (kJ/mol)
           Bond          Angle    Proper Dih. Per. Imp. Dih.          LJ-14
    7.35687e+03    1.89331e+04    2.40489e+04    1.19764e+03    8.79534e+03
     Coulomb-14        LJ (SR)  Disper. corr.   Coulomb (SR)   Coul. recip.
    1.03476e+05    5.06450e+05   -3.11860e+04   -4.17801e+06    2.38185e+04
      Potential    Kinetic En.   Total Energy  Conserved En.    Temperature
   -3.51512e+06    6.40062e+05   -2.87506e+06   -1.57710e+06    3.00179e+02
 Pres. DC (bar) Pressure (bar)   Constr. rmsd
   -2.02414e+02   -8.16291e+01    0.00000e+00

           Step           Time
       34350000    68700.00000

   Energies (kJ/mol)
           Bond          Angle    Proper Dih. Per. Imp. Dih.          LJ-14
    7.38984e+03    1.93897e+04    2.40171e+04    1.18950e+03    8.82608e+03
     Coulomb-14        LJ (SR)  Disper. corr.   Coulomb (SR)   Coul. recip.
    1.02970e+05    5.05551e+05   -3.12418e+04   -4.17689e+06    2.38924e+04
      Potential    Kinetic En.   Total Energy  Conserved En.    Temperature
   -3.51490e+06    6.39506e+05   -2.87540e+06   -1.57492e+06    2.99918e+02
 Pres. DC (bar) Pressure (bar)   Constr. rmsd
   -2.03138e+02   -3.00418e+01    0.00000e+00

           Step           Time
       34400000    68800.00000

   Energies (kJ/mol)
           Bond          Angle    Proper Dih. Per. Imp. Dih.          LJ-14
    7.32393e+03    1.97807e+04    2.42001e+04    1.10563e+03    8.88877e+03
     Coulomb-14        LJ (SR)  Disper. corr.   Coulomb (SR)   Coul. recip.
    1.02860e+05    5.04308e+05   -3.12147e+04   -4.17444e+06    2.35155e+04
      Potential    Kinetic En.   Total Energy  Conserved En.    Temperature
   -3.51368e+06    6.41613e+05   -2.87206e+06   -1.57257e+06    3.00906e+02
 Pres. DC (bar) Pressure (bar)   Constr. rmsd
   -2.02787e+02   -3.69430e+01    0.00000e+00

           Step           Time
       34450000    68900.00000

   Energies (kJ/mol)
           Bond          Angle    Proper Dih. Per. Imp. Dih.          LJ-14
    7.26089e+03    1.90943e+04    2.43872e+04    1.27137e+03    8.88597e+03
     Coulomb-14        LJ (SR)  Disper. corr.   Coulomb (SR)   Coul. recip.
    1.02908e+05    5.07849e+05   -3.11880e+04   -4.17709e+06    2.36398e+04
      Potential    Kinetic En.   Total Energy  Conserved En.    Temperature
   -3.51298e+06    6.40537e+05   -2.87244e+06   -1.57103e+06    3.00402e+02
 Pres. DC (bar) Pressure (bar)   Constr. rmsd
   -2.02440e+02    1.36584e+01    0.00000e+00

           Step           Time
       34500000    69000.00000

   Energies (kJ/mol)
           Bond          Angle    Proper Dih. Per. Imp. Dih.          LJ-14
    7.44379e+03    1.90314e+04    2.40262e+04    1.20736e+03    8.92031e+03
     Coulomb-14        LJ (SR)  Disper. corr.   Coulomb (SR)   Coul. recip.
    1.02849e+05    5.04591e+05   -3.11812e+04   -4.17113e+06    2.36660e+04
      Potential    Kinetic En.   Total Energy  Conserved En.    Temperature
   -3.51058e+06    6.37690e+05   -2.87289e+06   -1.56905e+06    2.99066e+02
 Pres. DC (bar) Pressure (bar)   Constr. rmsd
   -2.02352e+02   -2.89949e+01    0.00000e+00

           Step           Time
       34550000    69100.00000

   Energies (kJ/mol)
           Bond          Angle    Proper Dih. Per. Imp. Dih.          LJ-14
    7.42521e+03    1.92815e+04    2.40436e+04    1.18190e+03    8.88169e+03
     Coulomb-14        LJ (SR)  Disper. corr.   Coulomb (SR)   Coul. recip.
    1.03688e+05    5.02428e+05   -3.11964e+04   -4.17404e+06    2.38144e+04
      Potential    Kinetic En.   Total Energy  Conserved En.    Temperature
   -3.51449e+06    6.39810e+05   -2.87468e+06   -1.56692e+06    3.00061e+02
 Pres. DC (bar) Pressure (bar)   Constr. rmsd
   -2.02549e+02   -1.36320e+02    0.00000e+00

           Step           Time
       34600000    69200.00000

   Energies (kJ/mol)
           Bond          Angle    Proper Dih. Per. Imp. Dih.          LJ-14
    7.46363e+03    1.94124e+04    2.42618e+04    1.22386e+03    8.74401e+03
     Coulomb-14        LJ (SR)  Disper. corr.   Coulomb (SR)   Coul. recip.
    1.02692e+05    5.04090e+05   -3.12100e+04   -4.17300e+06    2.34342e+04
      Potential    Kinetic En.   Total Energy  Conserved En.    Temperature
   -3.51288e+06    6.40293e+05   -2.87259e+06   -1.56437e+06    3.00287e+02
 Pres. DC (bar) Pressure (bar)   Constr. rmsd
   -2.02726e+02   -7.06060e+01    0.00000e+00

Writing checkpoint, step 34632500 at Wed Sep 30 02:57:39 2026


           Step           Time
       34650000    69300.00000

   Energies (kJ/mol)
           Bond          Angle    Proper Dih. Per. Imp. Dih.          LJ-14
    7.41151e+03    1.90041e+04    2.42958e+04    1.20885e+03    8.90344e+03
     Coulomb-14        LJ (SR)  Disper. corr.   Coulomb (SR)   Coul. recip.
    1.02873e+05    5.06343e+05   -3.11478e+04   -4.17311e+06    2.37006e+04
      Potential    Kinetic En.   Total Energy  Conserved En.    Temperature
   -3.51051e+06    6.39901e+05   -2.87061e+06   -1.56257e+06    3.00103e+02
 Pres. DC (bar) Pressure (bar)   Constr. rmsd
   -2.01919e+02   -7.73381e+00    0.00000e+00

           Step           Time
       34700000    69400.00000

   Energies (kJ/mol)
           Bond          Angle    Proper Dih. Per. Imp. Dih.          LJ-14
    7.54324e+03    1.90599e+04    2.41605e+04    1.12611e+03    9.08053e+03
     Coulomb-14        LJ (SR)  Disper. corr.   Coulomb (SR)   Coul. recip.
    1.03371e+05    5.06757e+05   -3.11618e+04   -4.17606e+06    2.37108e+04
      Potential    Kinetic En.   Total Energy  Conserved En.    Temperature
   -3.51242e+06    6.40572e+05   -2.87184e+06   -1.56069e+06    3.00418e+02
 Pres. DC (bar) Pressure (bar)   Constr. rmsd
   -2.02101e+02   -1.97574e+01    0.00000e+00

           Step           Time
       34750000    69500.00000

   Energies (kJ/mol)
           Bond          Angle    Proper Dih. Per. Imp. Dih.          LJ-14
    6.89577e+03    1.88805e+04    2.42061e+04    1.18457e+03    8.81077e+03
     Coulomb-14        LJ (SR)  Disper. corr.   Coulomb (SR)   Coul. recip.
    1.03350e+05    5.07071e+05   -3.12265e+04   -4.18197e+06    2.36532e+04
      Potential    Kinetic En.   Total Energy  Conserved En.    Temperature
   -3.51915e+06    6.38785e+05   -2.88036e+06   -1.55915e+06    2.99580e+02
 Pres. DC (bar) Pressure (bar)   Constr. rmsd
   -2.02939e+02   -1.19536e+01    0.00000e+00

           Step           Time
       34800000    69600.00000

   Energies (kJ/mol)
           Bond          Angle    Proper Dih. Per. Imp. Dih.          LJ-14
    7.40331e+03    1.92786e+04    2.41073e+04    1.12289e+03    8.84369e+03
     Coulomb-14        LJ (SR)  Disper. corr.   Coulomb (SR)   Coul. recip.
    1.03127e+05    5.09720e+05   -3.12407e+04   -4.17946e+06    2.34509e+04
      Potential    Kinetic En.   Total Energy  Conserved En.    Temperature
   -3.51365e+06    6.42321e+05   -2.87133e+06   -1.55698e+06    3.01238e+02
 Pres. DC (bar) Pressure (bar)   Constr. rmsd
   -2.03124e+02    8.64575e+01    0.00000e+00

           Step           Time
       34850000    69700.00000

   Energies (kJ/mol)
           Bond          Angle    Proper Dih. Per. Imp. Dih.          LJ-14
    7.14954e+03    1.91959e+04    2.39745e+04    1.16414e+03    8.83598e+03
     Coulomb-14        LJ (SR)  Disper. corr.   Coulomb (SR)   Coul. recip.
    1.03271e+05    5.10577e+05   -3.13159e+04   -4.18510e+06    2.33277e+04
      Potential    Kinetic En.   Total Energy  Conserved En.    Temperature
   -3.51892e+06    6.39730e+05   -2.87919e+06   -1.55528e+06    3.00023e+02
 Pres. DC (bar) Pressure (bar)   Constr. rmsd
   -2.04102e+02    8.99159e+01    0.00000e+00

           Step           Time
       34900000    69800.00000

   Energies (kJ/mol)
           Bond          Angle    Proper Dih. Per. Imp. Dih.          LJ-14
    7.38718e+03    1.93334e+04    2.42793e+04    1.15647e+03    8.85696e+03
     Coulomb-14        LJ (SR)  Disper. corr.   Coulomb (SR)   Coul. recip.
    1.03085e+05    5.10662e+05   -3.12976e+04   -4.18126e+06    2.34320e+04
      Potential    Kinetic En.   Total Energy  Conserved En.    Temperature
   -3.51437e+06    6.39998e+05   -2.87437e+06   -1.55367e+06    3.00149e+02
 Pres. DC (bar) Pressure (bar)   Constr. rmsd
   -2.03864e+02    9.19399e+01    0.00000e+00

           Step           Time
       34950000    69900.00000

   Energies (kJ/mol)
           Bond          Angle    Proper Dih. Per. Imp. Dih.          LJ-14
    7.31669e+03    1.89858e+04    2.42400e+04    1.17167e+03    8.87698e+03
     Coulomb-14        LJ (SR)  Disper. corr.   Coulomb (SR)   Coul. recip.
    1.03067e+05    5.09533e+05   -3.12381e+04   -4.17862e+06    2.36727e+04
      Potential    Kinetic En.   Total Energy  Conserved En.    Temperature
   -3.51299e+06    6.40166e+05   -2.87283e+06   -1.55146e+06    3.00227e+02
 Pres. DC (bar) Pressure (bar)   Constr. rmsd
   -2.03091e+02    1.05449e+02    0.00000e+00

Writing checkpoint, step 34974800 at Wed Sep 30 03:12:39 2026


           Step           Time
       35000000    70000.00000

   Energies (kJ/mol)
           Bond          Angle    Proper Dih. Per. Imp. Dih.          LJ-14
    7.37076e+03    1.94937e+04    2.41629e+04    1.23152e+03    8.93618e+03
     Coulomb-14        LJ (SR)  Disper. corr.   Coulomb (SR)   Coul. recip.
    1.03196e+05    5.04441e+05   -3.11256e+04   -4.17254e+06    2.38612e+04
      Potential    Kinetic En.   Total Energy  Conserved En.    Temperature
   -3.51097e+06    6.38000e+05   -2.87297e+06   -1.54940e+06    2.99212e+02
 Pres. DC (bar) Pressure (bar)   Constr. rmsd
   -2.01632e+02   -7.27969e+01    0.00000e+00

           Step           Time
       35050000    70100.00000

   Energies (kJ/mol)
           Bond          Angle    Proper Dih. Per. Imp. Dih.          LJ-14
    7.28352e+03    1.91332e+04    2.40348e+04    1.14906e+03    9.01308e+03
     Coulomb-14        LJ (SR)  Disper. corr.   Coulomb (SR)   Coul. recip.
    1.03525e+05    5.07450e+05   -3.12441e+04   -4.17594e+06    2.35982e+04
      Potential    Kinetic En.   Total Energy  Conserved En.    Temperature
   -3.51200e+06    6.42620e+05   -2.86938e+06   -1.54697e+06    3.01378e+02
 Pres. DC (bar) Pressure (bar)   Constr. rmsd
   -2.03168e+02    7.63513e+01    0.00000e+00

           Step           Time
       35100000    70200.00000

   Energies (kJ/mol)
           Bond          Angle    Proper Dih. Per. Imp. Dih.          LJ-14
    7.10155e+03    1.90433e+04    2.40791e+04    1.17644e+03    8.99180e+03
     Coulomb-14        LJ (SR)  Disper. corr.   Coulomb (SR)   Coul. recip.
    1.03485e+05    5.06673e+05   -3.12618e+04   -4.17969e+06    2.34892e+04
      Potential    Kinetic En.   Total Energy  Conserved En.    Temperature
   -3.51691e+06    6.39144e+05   -2.87777e+06   -1.54510e+06    2.99748e+02
 Pres. DC (bar) Pressure (bar)   Constr. rmsd
   -2.03398e+02    3.47882e+01    0.00000e+00

           Step           Time
       35150000    70300.00000

   Energies (kJ/mol)
           Bond          Angle    Proper Dih. Per. Imp. Dih.          LJ-14
    7.42279e+03    1.89321e+04    2.43169e+04    1.21317e+03    8.96373e+03
     Coulomb-14        LJ (SR)  Disper. corr.   Coulomb (SR)   Coul. recip.
    1.03293e+05    5.09926e+05   -3.12938e+04   -4.18329e+06    2.35480e+04
      Potential    Kinetic En.   Total Energy  Conserved En.    Temperature
   -3.51697e+06    6.41580e+05   -2.87539e+06   -1.54330e+06    3.00891e+02
 Pres. DC (bar) Pressure (bar)   Constr. rmsd
   -2.03815e+02    8.67191e+01    0.00000e+00

           Step           Time
       35200000    70400.00000

   Energies (kJ/mol)
           Bond          Angle    Proper Dih. Per. Imp. Dih.          LJ-14
    7.15628e+03    1.90431e+04    2.42530e+04    1.25398e+03    9.01995e+03
     Coulomb-14        LJ (SR)  Disper. corr.   Coulomb (SR)   Coul. recip.
    1.03016e+05    5.07117e+05   -3.11914e+04   -4.17669e+06    2.33785e+04
      Potential    Kinetic En.   Total Energy  Conserved En.    Temperature
   -3.51364e+06    6.40674e+05   -2.87297e+06   -1.54093e+06    3.00466e+02
 Pres. DC (bar) Pressure (bar)   Constr. rmsd
   -2.02485e+02    5.78534e+01    0.00000e+00

           Step           Time
       35250000    70500.00000

   Energies (kJ/mol)
           Bond          Angle    Proper Dih. Per. Imp. Dih.          LJ-14
    7.22535e+03    1.95079e+04    2.39759e+04    1.15833e+03    8.86044e+03
     Coulomb-14        LJ (SR)  Disper. corr.   Coulomb (SR)   Coul. recip.
    1.02707e+05    5.08191e+05   -3.12757e+04   -4.18165e+06    2.37077e+04
      Potential    Kinetic En.   Total Energy  Conserved En.    Temperature
   -3.51759e+06    6.40594e+05   -2.87700e+06   -1.53896e+06    3.00429e+02
 Pres. DC (bar) Pressure (bar)   Constr. rmsd
   -2.03579e+02    3.54479e+01    0.00000e+00

           Step           Time
       35300000    70600.00000

   Energies (kJ/mol)
           Bond          Angle    Proper Dih. Per. Imp. Dih.          LJ-14
    7.12008e+03    1.92307e+04    2.40824e+04    1.20576e+03    8.84094e+03
     Coulomb-14        LJ (SR)  Disper. corr.   Coulomb (SR)   Coul. recip.
    1.03398e+05    5.06947e+05   -3.11971e+04   -4.18010e+06    2.35500e+04
      Potential    Kinetic En.   Total Energy  Conserved En.    Temperature
   -3.51692e+06    6.39285e+05   -2.87764e+06   -1.53756e+06    2.99814e+02
 Pres. DC (bar) Pressure (bar)   Constr. rmsd
   -2.02558e+02   -3.08289e+01    0.00000e+00

Writing checkpoint, step 35317300 at Wed Sep 30 03:27:39 2026


           Step           Time
       35350000    70700.00000

   Energies (kJ/mol)
           Bond          Angle    Proper Dih. Per. Imp. Dih.          LJ-14
    7.62170e+03    1.96173e+04    2.40532e+04    1.18380e+03    8.95707e+03
     Coulomb-14        LJ (SR)  Disper. corr.   Coulomb (SR)   Coul. recip.
    1.03137e+05    5.03468e+05   -3.12065e+04   -4.17164e+06    2.36586e+04
      Potential    Kinetic En.   Total Energy  Conserved En.    Temperature
   -3.51115e+06    6.42170e+05   -2.86898e+06   -1.53558e+06    3.01167e+02
 Pres. DC (bar) Pressure (bar)   Constr. rmsd
   -2.02680e+02   -2.69179e+01    0.00000e+00

           Step           Time
       35400000    70800.00000

   Energies (kJ/mol)
           Bond          Angle    Proper Dih. Per. Imp. Dih.          LJ-14
    7.41221e+03    1.95931e+04    2.43351e+04    1.23600e+03    8.87081e+03
     Coulomb-14        LJ (SR)  Disper. corr.   Coulomb (SR)   Coul. recip.
    1.02923e+05    5.08428e+05   -3.11659e+04   -4.17880e+06    2.38039e+04
      Potential    Kinetic En.   Total Energy  Conserved En.    Temperature
   -3.51337e+06    6.39830e+05   -2.87354e+06   -1.53402e+06    3.00070e+02
 Pres. DC (bar) Pressure (bar)   Constr. rmsd
   -2.02154e+02    3.76585e+01    0.00000e+00

           Step           Time
       35450000    70900.00000

   Energies (kJ/mol)
           Bond          Angle    Proper Dih. Per. Imp. Dih.          LJ-14
    7.49462e+03    1.94716e+04    2.42052e+04    1.27005e+03    8.68967e+03
     Coulomb-14        LJ (SR)  Disper. corr.   Coulomb (SR)   Coul. recip.
    1.02812e+05    5.08579e+05   -3.12844e+04   -4.17720e+06    2.35847e+04
      Potential    Kinetic En.   Total Energy  Conserved En.    Temperature
   -3.51237e+06    6.40307e+05   -2.87207e+06   -1.53186e+06    3.00294e+02
 Pres. DC (bar) Pressure (bar)   Constr. rmsd
   -2.03692e+02    8.60779e+01    0.00000e+00

           Step           Time
       35500000    71000.00000

   Energies (kJ/mol)
           Bond          Angle    Proper Dih. Per. Imp. Dih.          LJ-14
    7.09207e+03    1.89915e+04    2.42211e+04    1.17416e+03    8.87666e+03
     Coulomb-14        LJ (SR)  Disper. corr.   Coulomb (SR)   Coul. recip.
    1.03094e+05    5.06866e+05   -3.11849e+04   -4.17709e+06    2.37808e+04
      Potential    Kinetic En.   Total Energy  Conserved En.    Temperature
   -3.51418e+06    6.39776e+05   -2.87441e+06   -1.53019e+06    3.00045e+02
 Pres. DC (bar) Pressure (bar)   Constr. rmsd
   -2.02400e+02    8.16863e+00    0.00000e+00

           Step           Time
       35550000    71100.00000

   Energies (kJ/mol)
           Bond          Angle    Proper Dih. Per. Imp. Dih.          LJ-14
    7.53035e+03    1.93247e+04    2.42755e+04    1.15480e+03    8.88621e+03
     Coulomb-14        LJ (SR)  Disper. corr.   Coulomb (SR)   Coul. recip.
    1.03043e+05    5.06745e+05   -3.11446e+04   -4.17311e+06    2.36566e+04
      Potential    Kinetic En.   Total Energy  Conserved En.    Temperature
   -3.50964e+06    6.41704e+05   -2.86794e+06   -1.52828e+06    3.00949e+02
 Pres. DC (bar) Pressure (bar)   Constr. rmsd
   -2.01877e+02    8.27137e+00    0.00000e+00

           Step           Time
       35600000    71200.00000

   Energies (kJ/mol)
           Bond          Angle    Proper Dih. Per. Imp. Dih.          LJ-14
    7.42708e+03    1.93863e+04    2.41237e+04    1.19239e+03    8.75575e+03
     Coulomb-14        LJ (SR)  Disper. corr.   Coulomb (SR)   Coul. recip.
    1.02653e+05    5.05922e+05   -3.11787e+04   -4.17308e+06    2.38260e+04
      Potential    Kinetic En.   Total Energy  Conserved En.    Temperature
   -3.51098e+06    6.39975e+05   -2.87100e+06   -1.52615e+06    3.00138e+02
 Pres. DC (bar) Pressure (bar)   Constr. rmsd
   -2.02319e+02   -1.56915e+01    0.00000e+00

           Step           Time
       35650000    71300.00000

   Energies (kJ/mol)
           Bond          Angle    Proper Dih. Per. Imp. Dih.          LJ-14
    7.47434e+03    1.94949e+04    2.40699e+04    1.17782e+03    8.81516e+03
     Coulomb-14        LJ (SR)  Disper. corr.   Coulomb (SR)   Coul. recip.
    1.02614e+05    5.07642e+05   -3.12168e+04   -4.17669e+06    2.37534e+04
      Potential    Kinetic En.   Total Energy  Conserved En.    Temperature
   -3.51287e+06    6.39503e+05   -2.87336e+06   -1.52324e+06    2.99917e+02
 Pres. DC (bar) Pressure (bar)   Constr. rmsd
   -2.02813e+02    1.18019e+01    0.00000e+00

Writing checkpoint, step 35659900 at Wed Sep 30 03:42:39 2026


           Step           Time
       35700000    71400.00000

   Energies (kJ/mol)
           Bond          Angle    Proper Dih. Per. Imp. Dih.          LJ-14
    7.15938e+03    1.98492e+04    2.41308e+04    1.17881e+03    8.96864e+03
     Coulomb-14        LJ (SR)  Disper. corr.   Coulomb (SR)   Coul. recip.
    1.03156e+05    5.07913e+05   -3.11365e+04   -4.17825e+06    2.34547e+04
      Potential    Kinetic En.   Total Energy  Conserved En.    Temperature
   -3.51358e+06    6.40035e+05   -2.87355e+06   -1.52120e+06    3.00166e+02
 Pres. DC (bar) Pressure (bar)   Constr. rmsd
   -2.01773e+02    1.30940e+01    0.00000e+00

           Step           Time
       35750000    71500.00000

   Energies (kJ/mol)
           Bond          Angle    Proper Dih. Per. Imp. Dih.          LJ-14
    7.22948e+03    1.92495e+04    2.41223e+04    1.14235e+03    8.97308e+03
     Coulomb-14        LJ (SR)  Disper. corr.   Coulomb (SR)   Coul. recip.
    1.02768e+05    5.08949e+05   -3.11796e+04   -4.18158e+06    2.37203e+04
      Potential    Kinetic En.   Total Energy  Conserved En.    Temperature
   -3.51661e+06    6.40038e+05   -2.87657e+06   -1.51926e+06    3.00168e+02
 Pres. DC (bar) Pressure (bar)   Constr. rmsd
   -2.02331e+02    4.22744e+01    0.00000e+00

           Step           Time
       35800000    71600.00000

   Energies (kJ/mol)
           Bond          Angle    Proper Dih. Per. Imp. Dih.          LJ-14
    7.11129e+03    1.94635e+04    2.42427e+04    1.18291e+03    8.94484e+03
     Coulomb-14        LJ (SR)  Disper. corr.   Coulomb (SR)   Coul. recip.
    1.03377e+05    5.01608e+05   -3.10489e+04   -4.16871e+06    2.37145e+04
      Potential    Kinetic En.   Total Energy  Conserved En.    Temperature
   -3.51011e+06    6.40549e+05   -2.86956e+06   -1.51736e+06    3.00407e+02
 Pres. DC (bar) Pressure (bar)   Constr. rmsd
   -2.00640e+02   -9.81195e+01    0.00000e+00

           Step           Time
       35850000    71700.00000

   Energies (kJ/mol)
           Bond          Angle    Proper Dih. Per. Imp. Dih.          LJ-14
    7.10360e+03    1.93386e+04    2.41435e+04    1.30257e+03    8.92484e+03
     Coulomb-14        LJ (SR)  Disper. corr.   Coulomb (SR)   Coul. recip.
    1.03431e+05    5.10104e+05   -3.12745e+04   -4.18375e+06    2.34983e+04
      Potential    Kinetic En.   Total Energy  Conserved En.    Temperature
   -3.51718e+06    6.41181e+05   -2.87600e+06   -1.51554e+06    3.00703e+02
 Pres. DC (bar) Pressure (bar)   Constr. rmsd
   -2.03564e+02    6.13040e+01    0.00000e+00

           Step           Time
       35900000    71800.00000

   Energies (kJ/mol)
           Bond          Angle    Proper Dih. Per. Imp. Dih.          LJ-14
    7.04072e+03    1.95454e+04    2.42786e+04    1.17473e+03    8.69153e+03
     Coulomb-14        LJ (SR)  Disper. corr.   Coulomb (SR)   Coul. recip.
    1.03331e+05    5.05213e+05   -3.11820e+04   -4.17711e+06    2.34048e+04
      Potential    Kinetic En.   Total Energy  Conserved En.    Temperature
   -3.51561e+06    6.39719e+05   -2.87589e+06   -1.51404e+06    3.00018e+02
 Pres. DC (bar) Pressure (bar)   Constr. rmsd
   -2.02362e+02   -7.42945e+01    0.00000e+00

           Step           Time
       35950000    71900.00000

   Energies (kJ/mol)
           Bond          Angle    Proper Dih. Per. Imp. Dih.          LJ-14
    7.45281e+03    1.98553e+04    2.41473e+04    1.14934e+03    8.78293e+03
     Coulomb-14        LJ (SR)  Disper. corr.   Coulomb (SR)   Coul. recip.
    1.02985e+05    5.02472e+05   -3.10896e+04   -4.16878e+06    2.35329e+04
      Potential    Kinetic En.   Total Energy  Conserved En.    Temperature
   -3.50949e+06    6.41905e+05   -2.86758e+06   -1.51197e+06    3.01043e+02
 Pres. DC (bar) Pressure (bar)   Constr. rmsd
   -2.01166e+02   -1.29127e+02    0.00000e+00

           Step           Time
       36000000    72000.00000

   Energies (kJ/mol)
           Bond          Angle    Proper Dih. Per. Imp. Dih.          LJ-14
    7.36198e+03    1.93285e+04    2.40190e+04    1.19159e+03    8.69154e+03
     Coulomb-14        LJ (SR)  Disper. corr.   Coulomb (SR)   Coul. recip.
    1.02920e+05    5.02854e+05   -3.12791e+04   -4.17583e+06    2.33382e+04
      Potential    Kinetic En.   Total Energy  Conserved En.    Temperature
   -3.51740e+06    6.40843e+05   -2.87656e+06   -1.51032e+06    3.00545e+02
 Pres. DC (bar) Pressure (bar)   Constr. rmsd
   -2.03623e+02   -8.47502e+01    0.00000e+00

Writing checkpoint, step 36001700 at Wed Sep 30 03:57:39 2026


           Step           Time
       36050000    72100.00000

   Energies (kJ/mol)
           Bond          Angle    Proper Dih. Per. Imp. Dih.          LJ-14
    7.14154e+03    1.92568e+04    2.41275e+04    1.22683e+03    8.65735e+03
     Coulomb-14        LJ (SR)  Disper. corr.   Coulomb (SR)   Coul. recip.
    1.03147e+05    5.08580e+05   -3.12961e+04   -4.18223e+06    2.34947e+04
      Potential    Kinetic En.   Total Energy  Conserved En.    Temperature
   -3.51789e+06    6.39491e+05   -2.87840e+06   -1.50808e+06    2.99911e+02
 Pres. DC (bar) Pressure (bar)   Constr. rmsd
   -2.03845e+02    2.90266e+01    0.00000e+00

           Step           Time
       36100000    72200.00000

   Energies (kJ/mol)
           Bond          Angle    Proper Dih. Per. Imp. Dih.          LJ-14
    7.22564e+03    1.95609e+04    2.39191e+04    1.21699e+03    8.81211e+03
     Coulomb-14        LJ (SR)  Disper. corr.   Coulomb (SR)   Coul. recip.
    1.02928e+05    5.08204e+05   -3.11935e+04   -4.17772e+06    2.36603e+04
      Potential    Kinetic En.   Total Energy  Conserved En.    Temperature
   -3.51339e+06    6.40306e+05   -2.87308e+06   -1.50676e+06    3.00293e+02
 Pres. DC (bar) Pressure (bar)   Constr. rmsd
   -2.02512e+02    3.50988e+01    0.00000e+00

           Step           Time
       36150000    72300.00000

   Energies (kJ/mol)
           Bond          Angle    Proper Dih. Per. Imp. Dih.          LJ-14
    7.25786e+03    1.93971e+04    2.42445e+04    1.21156e+03    8.92931e+03
     Coulomb-14        LJ (SR)  Disper. corr.   Coulomb (SR)   Coul. recip.
    1.03134e+05    5.05030e+05   -3.11915e+04   -4.17460e+06    2.39399e+04
      Potential    Kinetic En.   Total Energy  Conserved En.    Temperature
   -3.51265e+06    6.42472e+05   -2.87018e+06   -1.50547e+06    3.01309e+02
 Pres. DC (bar) Pressure (bar)   Constr. rmsd
   -2.02486e+02   -3.26808e+00    0.00000e+00

           Step           Time
       36200000    72400.00000

   Energies (kJ/mol)
           Bond          Angle    Proper Dih. Per. Imp. Dih.          LJ-14
    7.06174e+03    1.92135e+04    2.42135e+04    1.19418e+03    8.91107e+03
     Coulomb-14        LJ (SR)  Disper. corr.   Coulomb (SR)   Coul. recip.
    1.03418e+05    5.07132e+05   -3.12301e+04   -4.17644e+06    2.35093e+04
      Potential    Kinetic En.   Total Energy  Conserved En.    Temperature
   -3.51301e+06    6.40724e+05   -2.87229e+06   -1.50340e+06    3.00489e+02
 Pres. DC (bar) Pressure (bar)   Constr. rmsd
   -2.02987e+02    5.20211e+01    0.00000e+00

           Step           Time
       36250000    72500.00000

   Energies (kJ/mol)
           Bond          Angle    Proper Dih. Per. Imp. Dih.          LJ-14
    7.35644e+03    1.94860e+04    2.42057e+04    1.17088e+03    8.75618e+03
     Coulomb-14        LJ (SR)  Disper. corr.   Coulomb (SR)   Coul. recip.
    1.03167e+05    5.07106e+05   -3.12095e+04   -4.17842e+06    2.33390e+04
      Potential    Kinetic En.   Total Energy  Conserved En.    Temperature
   -3.51505e+06    6.41135e+05   -2.87391e+06   -1.50164e+06    3.00682e+02
 Pres. DC (bar) Pressure (bar)   Constr. rmsd
   -2.02719e+02   -1.76533e+01    0.00000e+00

           Step           Time
       36300000    72600.00000

   Energies (kJ/mol)
           Bond          Angle    Proper Dih. Per. Imp. Dih.          LJ-14
    7.35968e+03    1.96478e+04    2.42538e+04    1.19513e+03    8.83996e+03
     Coulomb-14        LJ (SR)  Disper. corr.   Coulomb (SR)   Coul. recip.
    1.03636e+05    5.08210e+05   -3.12026e+04   -4.17636e+06    2.35728e+04
      Potential    Kinetic En.   Total Energy  Conserved En.    Temperature
   -3.51085e+06    6.40798e+05   -2.87005e+06   -1.49931e+06    3.00524e+02
 Pres. DC (bar) Pressure (bar)   Constr. rmsd
   -2.02630e+02    6.16848e+01    0.00000e+00

Writing checkpoint, step 36344200 at Wed Sep 30 04:12:39 2026


           Step           Time
       36350000    72700.00000

   Energies (kJ/mol)
           Bond          Angle    Proper Dih. Per. Imp. Dih.          LJ-14
    7.43132e+03    1.88085e+04    2.42024e+04    1.16583e+03    8.95012e+03
     Coulomb-14        LJ (SR)  Disper. corr.   Coulomb (SR)   Coul. recip.
    1.03650e+05    5.06509e+05   -3.11922e+04   -4.17592e+06    2.36270e+04
      Potential    Kinetic En.   Total Energy  Conserved En.    Temperature
   -3.51277e+06    6.38659e+05   -2.87411e+06   -1.49690e+06    2.99521e+02
 Pres. DC (bar) Pressure (bar)   Constr. rmsd
   -2.02494e+02    3.75249e+00    0.00000e+00

           Step           Time
       36400000    72800.00000

   Energies (kJ/mol)
           Bond          Angle    Proper Dih. Per. Imp. Dih.          LJ-14
    7.07916e+03    1.92956e+04    2.40769e+04    1.19196e+03    8.94201e+03
     Coulomb-14        LJ (SR)  Disper. corr.   Coulomb (SR)   Coul. recip.
    1.03534e+05    5.04417e+05   -3.11957e+04   -4.17365e+06    2.36329e+04
      Potential    Kinetic En.   Total Energy  Conserved En.    Temperature
   -3.51267e+06    6.39646e+05   -2.87303e+06   -1.49548e+06    2.99984e+02
 Pres. DC (bar) Pressure (bar)   Constr. rmsd
   -2.02540e+02   -1.57943e+01    0.00000e+00

           Step           Time
       36450000    72900.00000

   Energies (kJ/mol)
           Bond          Angle    Proper Dih. Per. Imp. Dih.          LJ-14
    7.25311e+03    1.92728e+04    2.43180e+04    1.13490e+03    8.83288e+03
     Coulomb-14        LJ (SR)  Disper. corr.   Coulomb (SR)   Coul. recip.
    1.02729e+05    5.07879e+05   -3.12271e+04   -4.17835e+06    2.36789e+04
      Potential    Kinetic En.   Total Energy  Conserved En.    Temperature
   -3.51448e+06    6.39331e+05   -2.87515e+06   -1.49389e+06    2.99836e+02
 Pres. DC (bar) Pressure (bar)   Constr. rmsd
   -2.02947e+02    7.41142e+01    0.00000e+00

           Step           Time
       36500000    73000.00000

   Energies (kJ/mol)
           Bond          Angle    Proper Dih. Per. Imp. Dih.          LJ-14
    7.36481e+03    1.91480e+04    2.40859e+04    1.15732e+03    8.74423e+03
     Coulomb-14        LJ (SR)  Disper. corr.   Coulomb (SR)   Coul. recip.
    1.02981e+05    5.03648e+05   -3.11919e+04   -4.17412e+06    2.35156e+04
      Potential    Kinetic En.   Total Energy  Conserved En.    Temperature
   -3.51467e+06    6.38059e+05   -2.87661e+06   -1.49237e+06    2.99239e+02
 Pres. DC (bar) Pressure (bar)   Constr. rmsd
   -2.02491e+02   -1.01246e+02    0.00000e+00

           Step           Time
       36550000    73100.00000

   Energies (kJ/mol)
           Bond          Angle    Proper Dih. Per. Imp. Dih.          LJ-14
    7.48590e+03    1.95657e+04    2.41638e+04    1.18004e+03    8.81134e+03
     Coulomb-14        LJ (SR)  Disper. corr.   Coulomb (SR)   Coul. recip.
    1.02867e+05    5.05952e+05   -3.11723e+04   -4.17338e+06    2.36329e+04
      Potential    Kinetic En.   Total Energy  Conserved En.    Temperature
   -3.51089e+06    6.41787e+05   -2.86910e+06   -1.49057e+06    3.00988e+02
 Pres. DC (bar) Pressure (bar)   Constr. rmsd
   -2.02237e+02   -3.40491e+01    0.00000e+00

           Step           Time
       36600000    73200.00000

   Energies (kJ/mol)
           Bond          Angle    Proper Dih. Per. Imp. Dih.          LJ-14
    7.28583e+03    1.93098e+04    2.41929e+04    1.17620e+03    8.82388e+03
     Coulomb-14        LJ (SR)  Disper. corr.   Coulomb (SR)   Coul. recip.
    1.02584e+05    5.06212e+05   -3.11050e+04   -4.17553e+06    2.36124e+04
      Potential    Kinetic En.   Total Energy  Conserved En.    Temperature
   -3.51344e+06    6.40427e+05   -2.87301e+06   -1.48864e+06    3.00350e+02
 Pres. DC (bar) Pressure (bar)   Constr. rmsd
   -2.01365e+02   -5.63629e+01    0.00000e+00

           Step           Time
       36650000    73300.00000

   Energies (kJ/mol)
           Bond          Angle    Proper Dih. Per. Imp. Dih.          LJ-14
    7.21700e+03    1.92680e+04    2.38609e+04    1.10671e+03    8.84236e+03
     Coulomb-14        LJ (SR)  Disper. corr.   Coulomb (SR)   Coul. recip.
    1.03207e+05    5.06532e+05   -3.12068e+04   -4.18073e+06    2.33662e+04
      Potential    Kinetic En.   Total Energy  Conserved En.    Temperature
   -3.51853e+06    6.39752e+05   -2.87878e+06   -1.48646e+06    3.00033e+02
 Pres. DC (bar) Pressure (bar)   Constr. rmsd
   -2.02684e+02   -3.59962e+01    0.00000e+00

Writing checkpoint, step 36686400 at Wed Sep 30 04:27:39 2026


           Step           Time
       36700000    73400.00000

   Energies (kJ/mol)
           Bond          Angle    Proper Dih. Per. Imp. Dih.          LJ-14
    7.42406e+03    1.89760e+04    2.39083e+04    1.19436e+03    8.83967e+03
     Coulomb-14        LJ (SR)  Disper. corr.   Coulomb (SR)   Coul. recip.
    1.03184e+05    5.07042e+05   -3.12658e+04   -4.18033e+06    2.33963e+04
      Potential    Kinetic En.   Total Energy  Conserved En.    Temperature
   -3.51763e+06    6.38716e+05   -2.87891e+06   -1.48472e+06    2.99548e+02
 Pres. DC (bar) Pressure (bar)   Constr. rmsd
   -2.03450e+02    2.22962e+01    0.00000e+00

           Step           Time
       36750000    73500.00000

   Energies (kJ/mol)
           Bond          Angle    Proper Dih. Per. Imp. Dih.          LJ-14
    7.37476e+03    1.90744e+04    2.41033e+04    1.16789e+03    8.92517e+03
     Coulomb-14        LJ (SR)  Disper. corr.   Coulomb (SR)   Coul. recip.
    1.03123e+05    5.11460e+05   -3.12779e+04   -4.18262e+06    2.33146e+04
      Potential    Kinetic En.   Total Energy  Conserved En.    Temperature
   -3.51535e+06    6.38950e+05   -2.87640e+06   -1.48238e+06    2.99657e+02
 Pres. DC (bar) Pressure (bar)   Constr. rmsd
   -2.03608e+02    1.49630e+02    0.00000e+00

           Step           Time
       36800000    73600.00000

   Energies (kJ/mol)
           Bond          Angle    Proper Dih. Per. Imp. Dih.          LJ-14
    7.35076e+03    1.91648e+04    2.42947e+04    1.15130e+03    8.92882e+03
     Coulomb-14        LJ (SR)  Disper. corr.   Coulomb (SR)   Coul. recip.
    1.02808e+05    5.04302e+05   -3.11889e+04   -4.17196e+06    2.37426e+04
      Potential    Kinetic En.   Total Energy  Conserved En.    Temperature
   -3.51140e+06    6.41310e+05   -2.87009e+06   -1.48046e+06    3.00764e+02
 Pres. DC (bar) Pressure (bar)   Constr. rmsd
   -2.02452e+02   -3.34673e+01    0.00000e+00

           Step           Time
       36850000    73700.00000

   Energies (kJ/mol)
           Bond          Angle    Proper Dih. Per. Imp. Dih.          LJ-14
    7.40773e+03    1.88365e+04    2.41546e+04    1.16658e+03    8.95518e+03
     Coulomb-14        LJ (SR)  Disper. corr.   Coulomb (SR)   Coul. recip.
    1.03072e+05    5.07006e+05   -3.12521e+04   -4.17596e+06    2.36058e+04
      Potential    Kinetic En.   Total Energy  Conserved En.    Temperature
   -3.51300e+06    6.38532e+05   -2.87447e+06   -1.47862e+06    2.99461e+02
 Pres. DC (bar) Pressure (bar)   Constr. rmsd
   -2.03272e+02    4.41723e+01    0.00000e+00

           Step           Time
       36900000    73800.00000

   Energies (kJ/mol)
           Bond          Angle    Proper Dih. Per. Imp. Dih.          LJ-14
    7.35569e+03    1.92908e+04    2.42111e+04    1.27612e+03    8.94324e+03
     Coulomb-14        LJ (SR)  Disper. corr.   Coulomb (SR)   Coul. recip.
    1.03256e+05    5.03714e+05   -3.11897e+04   -4.17231e+06    2.37161e+04
      Potential    Kinetic En.   Total Energy  Conserved En.    Temperature
   -3.51173e+06    6.41040e+05   -2.87069e+06   -1.47657e+06    3.00637e+02
 Pres. DC (bar) Pressure (bar)   Constr. rmsd
   -2.02462e+02   -3.66390e+01    0.00000e+00

           Step           Time
       36950000    73900.00000

   Energies (kJ/mol)
           Bond          Angle    Proper Dih. Per. Imp. Dih.          LJ-14
    7.24435e+03    1.92046e+04    2.43007e+04    1.12681e+03    8.91562e+03
     Coulomb-14        LJ (SR)  Disper. corr.   Coulomb (SR)   Coul. recip.
    1.03303e+05    5.04458e+05   -3.11043e+04   -4.17488e+06    2.37679e+04
      Potential    Kinetic En.   Total Energy  Conserved En.    Temperature
   -3.51366e+06    6.40767e+05   -2.87289e+06   -1.47473e+06    3.00509e+02
 Pres. DC (bar) Pressure (bar)   Constr. rmsd
   -2.01356e+02   -8.30950e+01    0.00000e+00

           Step           Time
       37000000    74000.00000

   Energies (kJ/mol)
           Bond          Angle    Proper Dih. Per. Imp. Dih.          LJ-14
    7.33793e+03    1.92197e+04    2.42244e+04    1.16264e+03    8.84888e+03
     Coulomb-14        LJ (SR)  Disper. corr.   Coulomb (SR)   Coul. recip.
    1.02957e+05    5.04514e+05   -3.11680e+04   -4.17165e+06    2.39267e+04
      Potential    Kinetic En.   Total Energy  Conserved En.    Temperature
   -3.51063e+06    6.37093e+05   -2.87353e+06   -1.47269e+06    2.98786e+02
 Pres. DC (bar) Pressure (bar)   Constr. rmsd
   -2.02181e+02   -4.94996e+01    0.00000e+00

Writing checkpoint, step 37028800 at Wed Sep 30 04:42:39 2026


           Step           Time
       37050000    74100.00000

   Energies (kJ/mol)
           Bond          Angle    Proper Dih. Per. Imp. Dih.          LJ-14
    7.54826e+03    1.93410e+04    2.42853e+04    1.14592e+03    8.70703e+03
     Coulomb-14        LJ (SR)  Disper. corr.   Coulomb (SR)   Coul. recip.
    1.02746e+05    5.06091e+05   -3.11536e+04   -4.17541e+06    2.34844e+04
      Potential    Kinetic En.   Total Energy  Conserved En.    Temperature
   -3.51322e+06    6.39263e+05   -2.87395e+06   -1.47122e+06    2.99804e+02
 Pres. DC (bar) Pressure (bar)   Constr. rmsd
   -2.01995e+02   -1.16812e+02    0.00000e+00

           Step           Time
       37100000    74200.00000

   Energies (kJ/mol)
           Bond          Angle    Proper Dih. Per. Imp. Dih.          LJ-14
    7.30399e+03    1.92784e+04    2.43060e+04    1.12889e+03    8.90134e+03
     Coulomb-14        LJ (SR)  Disper. corr.   Coulomb (SR)   Coul. recip.
    1.03018e+05    5.05597e+05   -3.12493e+04   -4.17471e+06    2.35691e+04
      Potential    Kinetic En.   Total Energy  Conserved En.    Temperature
   -3.51285e+06    6.38737e+05   -2.87412e+06   -1.46945e+06    2.99557e+02
 Pres. DC (bar) Pressure (bar)   Constr. rmsd
   -2.03236e+02   -1.53974e+01    0.00000e+00

           Step           Time
       37150000    74300.00000

   Energies (kJ/mol)
           Bond          Angle    Proper Dih. Per. Imp. Dih.          LJ-14
    7.34908e+03    1.89468e+04    2.41998e+04    1.20231e+03    8.83236e+03
     Coulomb-14        LJ (SR)  Disper. corr.   Coulomb (SR)   Coul. recip.
    1.02662e+05    5.06661e+05   -3.12173e+04   -4.17745e+06    2.38979e+04
      Potential    Kinetic En.   Total Energy  Conserved En.    Temperature
   -3.51492e+06    6.38218e+05   -2.87670e+06   -1.46757e+06    2.99314e+02
 Pres. DC (bar) Pressure (bar)   Constr. rmsd
   -2.02820e+02   -2.59827e+01    0.00000e+00

           Step           Time
       37200000    74400.00000

   Energies (kJ/mol)
           Bond          Angle    Proper Dih. Per. Imp. Dih.          LJ-14
    7.19878e+03    1.91157e+04    2.41957e+04    1.18543e+03    8.78105e+03
     Coulomb-14        LJ (SR)  Disper. corr.   Coulomb (SR)   Coul. recip.
    1.03018e+05    5.09542e+05   -3.12899e+04   -4.18155e+06    2.34655e+04
      Potential    Kinetic En.   Total Energy  Conserved En.    Temperature
   -3.51634e+06    6.42869e+05   -2.87347e+06   -1.46571e+06    3.01495e+02
 Pres. DC (bar) Pressure (bar)   Constr. rmsd
   -2.03764e+02    9.41337e+01    0.00000e+00

           Step           Time
       37250000    74500.00000

   Energies (kJ/mol)
           Bond          Angle    Proper Dih. Per. Imp. Dih.          LJ-14
    7.51607e+03    1.94423e+04    2.43030e+04    1.20432e+03    8.83582e+03
     Coulomb-14        LJ (SR)  Disper. corr.   Coulomb (SR)   Coul. recip.
    1.02917e+05    5.07959e+05   -3.11835e+04   -4.17835e+06    2.34425e+04
      Potential    Kinetic En.   Total Energy  Conserved En.    Temperature
   -3.51391e+06    6.37612e+05   -2.87630e+06   -1.46359e+06    2.99030e+02
 Pres. DC (bar) Pressure (bar)   Constr. rmsd
   -2.02382e+02   -1.16651e+01    0.00000e+00

           Step           Time
       37300000    74600.00000

   Energies (kJ/mol)
           Bond          Angle    Proper Dih. Per. Imp. Dih.          LJ-14
    7.40653e+03    1.88409e+04    2.40689e+04    1.17416e+03    8.88749e+03
     Coulomb-14        LJ (SR)  Disper. corr.   Coulomb (SR)   Coul. recip.
    1.03334e+05    5.06262e+05   -3.11982e+04   -4.17810e+06    2.35640e+04
      Potential    Kinetic En.   Total Energy  Conserved En.    Temperature
   -3.51576e+06    6.41260e+05   -2.87450e+06   -1.46182e+06    3.00741e+02
 Pres. DC (bar) Pressure (bar)   Constr. rmsd
   -2.02573e+02   -3.98994e+01    0.00000e+00

           Step           Time
       37350000    74700.00000

   Energies (kJ/mol)
           Bond          Angle    Proper Dih. Per. Imp. Dih.          LJ-14
    7.39375e+03    1.95395e+04    2.40549e+04    1.27511e+03    8.80790e+03
     Coulomb-14        LJ (SR)  Disper. corr.   Coulomb (SR)   Coul. recip.
    1.03093e+05    5.05460e+05   -3.10675e+04   -4.17116e+06    2.38167e+04
      Potential    Kinetic En.   Total Energy  Conserved En.    Temperature
   -3.50879e+06    6.42059e+05   -2.86673e+06   -1.46017e+06    3.01115e+02
 Pres. DC (bar) Pressure (bar)   Constr. rmsd
   -2.00881e+02   -5.78838e+01    0.00000e+00

Writing checkpoint, step 37371300 at Wed Sep 30 04:57:39 2026


           Step           Time
       37400000    74800.00000

   Energies (kJ/mol)
           Bond          Angle    Proper Dih. Per. Imp. Dih.          LJ-14
    7.45228e+03    1.91894e+04    2.41550e+04    1.18759e+03    8.93498e+03
     Coulomb-14        LJ (SR)  Disper. corr.   Coulomb (SR)   Coul. recip.
    1.03186e+05    5.08783e+05   -3.11893e+04   -4.17663e+06    2.38489e+04
      Potential    Kinetic En.   Total Energy  Conserved En.    Temperature
   -3.51108e+06    6.40232e+05   -2.87085e+06   -1.45879e+06    3.00258e+02
 Pres. DC (bar) Pressure (bar)   Constr. rmsd
   -2.02458e+02    6.28713e+01    0.00000e+00

           Step           Time
       37450000    74900.00000

   Energies (kJ/mol)
           Bond          Angle    Proper Dih. Per. Imp. Dih.          LJ-14
    7.04364e+03    1.92316e+04    2.44286e+04    1.16747e+03    8.94406e+03
     Coulomb-14        LJ (SR)  Disper. corr.   Coulomb (SR)   Coul. recip.
    1.03417e+05    5.05972e+05   -3.11902e+04   -4.17945e+06    2.34934e+04
      Potential    Kinetic En.   Total Energy  Conserved En.    Temperature
   -3.51694e+06    6.39142e+05   -2.87780e+06   -1.45688e+06    2.99747e+02
 Pres. DC (bar) Pressure (bar)   Constr. rmsd
   -2.02469e+02   -3.66358e+01    0.00000e+00

           Step           Time
       37500000    75000.00000

   Energies (kJ/mol)
           Bond          Angle    Proper Dih. Per. Imp. Dih.          LJ-14
    7.18611e+03    1.90778e+04    2.40691e+04    1.10069e+03    8.90762e+03
     Coulomb-14        LJ (SR)  Disper. corr.   Coulomb (SR)   Coul. recip.
    1.03349e+05    5.10335e+05   -3.12573e+04   -4.18187e+06    2.35121e+04
      Potential    Kinetic En.   Total Energy  Conserved En.    Temperature
   -3.51559e+06    6.39484e+05   -2.87611e+06   -1.45520e+06    2.99908e+02
 Pres. DC (bar) Pressure (bar)   Constr. rmsd
   -2.03340e+02    9.54549e+01    0.00000e+00

           Step           Time
       37550000    75100.00000

   Energies (kJ/mol)
           Bond          Angle    Proper Dih. Per. Imp. Dih.          LJ-14
    7.15209e+03    1.90151e+04    2.42272e+04    1.25991e+03    8.77153e+03
     Coulomb-14        LJ (SR)  Disper. corr.   Coulomb (SR)   Coul. recip.
    1.03047e+05    5.04337e+05   -3.12721e+04   -4.17728e+06    2.38514e+04
      Potential    Kinetic En.   Total Energy  Conserved En.    Temperature
   -3.51689e+06    6.37167e+05   -2.87972e+06   -1.45337e+06    2.98821e+02
 Pres. DC (bar) Pressure (bar)   Constr. rmsd
   -2.03533e+02   -3.17577e+01    0.00000e+00

           Step           Time
       37600000    75200.00000

   Energies (kJ/mol)
           Bond          Angle    Proper Dih. Per. Imp. Dih.          LJ-14
    7.43897e+03    1.90595e+04    2.42324e+04    1.19487e+03    8.85596e+03
     Coulomb-14        LJ (SR)  Disper. corr.   Coulomb (SR)   Coul. recip.
    1.03374e+05    5.07113e+05   -3.12029e+04   -4.17778e+06    2.35390e+04
      Potential    Kinetic En.   Total Energy  Conserved En.    Temperature
   -3.51418e+06    6.38630e+05   -2.87555e+06   -1.45122e+06    2.99507e+02
 Pres. DC (bar) Pressure (bar)   Constr. rmsd
   -2.02633e+02   -9.59172e+00    0.00000e+00

           Step           Time
       37650000    75300.00000

   Energies (kJ/mol)
           Bond          Angle    Proper Dih. Per. Imp. Dih.          LJ-14
    7.25671e+03    1.88534e+04    2.40642e+04    1.18593e+03    8.92588e+03
     Coulomb-14        LJ (SR)  Disper. corr.   Coulomb (SR)   Coul. recip.
    1.02813e+05    5.07773e+05   -3.11635e+04   -4.17636e+06    2.36866e+04
      Potential    Kinetic En.   Total Energy  Conserved En.    Temperature
   -3.51297e+06    6.38542e+05   -2.87442e+06   -1.44932e+06    2.99466e+02
 Pres. DC (bar) Pressure (bar)   Constr. rmsd
   -2.02123e+02    3.30084e+01    0.00000e+00

           Step           Time
       37700000    75400.00000

   Energies (kJ/mol)
           Bond          Angle    Proper Dih. Per. Imp. Dih.          LJ-14
    7.28538e+03    1.95402e+04    2.40396e+04    1.18883e+03    8.88108e+03
     Coulomb-14        LJ (SR)  Disper. corr.   Coulomb (SR)   Coul. recip.
    1.02610e+05    5.03977e+05   -3.11144e+04   -4.17053e+06    2.37335e+04
      Potential    Kinetic En.   Total Energy  Conserved En.    Temperature
   -3.51038e+06    6.40043e+05   -2.87034e+06   -1.44724e+06    3.00170e+02
 Pres. DC (bar) Pressure (bar)   Constr. rmsd
   -2.01487e+02   -1.77691e+01    0.00000e+00

Writing checkpoint, step 37713900 at Wed Sep 30 05:12:39 2026


           Step           Time
       37750000    75500.00000

   Energies (kJ/mol)
           Bond          Angle    Proper Dih. Per. Imp. Dih.          LJ-14
    7.31681e+03    1.89453e+04    2.40840e+04    1.14856e+03    8.86355e+03
     Coulomb-14        LJ (SR)  Disper. corr.   Coulomb (SR)   Coul. recip.
    1.02801e+05    5.11218e+05   -3.13231e+04   -4.18443e+06    2.32886e+04
      Potential    Kinetic En.   Total Energy  Conserved En.    Temperature
   -3.51809e+06    6.38933e+05   -2.87916e+06   -1.44458e+06    2.99649e+02
 Pres. DC (bar) Pressure (bar)   Constr. rmsd
   -2.04195e+02    1.41794e+02    0.00000e+00

           Step           Time
       37800000    75600.00000

   Energies (kJ/mol)
           Bond          Angle    Proper Dih. Per. Imp. Dih.          LJ-14
    7.27458e+03    1.88359e+04    2.42160e+04    1.14898e+03    8.92854e+03
     Coulomb-14        LJ (SR)  Disper. corr.   Coulomb (SR)   Coul. recip.
    1.03209e+05    5.05171e+05   -3.11900e+04   -4.17503e+06    2.33619e+04
      Potential    Kinetic En.   Total Energy  Conserved En.    Temperature
   -3.51408e+06    6.41360e+05   -2.87272e+06   -1.44297e+06    3.00788e+02
 Pres. DC (bar) Pressure (bar)   Constr. rmsd
   -2.02466e+02   -5.00994e+01    0.00000e+00

           Step           Time
       37850000    75700.00000

   Energies (kJ/mol)
           Bond          Angle    Proper Dih. Per. Imp. Dih.          LJ-14
    6.95508e+03    1.91128e+04    2.43385e+04    1.15689e+03    8.85252e+03
     Coulomb-14        LJ (SR)  Disper. corr.   Coulomb (SR)   Coul. recip.
    1.03331e+05    5.10179e+05   -3.12689e+04   -4.18271e+06    2.33205e+04
      Potential    Kinetic En.   Total Energy  Conserved En.    Temperature
   -3.51673e+06    6.37616e+05   -2.87911e+06   -1.44117e+06    2.99032e+02
 Pres. DC (bar) Pressure (bar)   Constr. rmsd
   -2.03491e+02    8.67773e+01    0.00000e+00

           Step           Time
       37900000    75800.00000

   Energies (kJ/mol)
           Bond          Angle    Proper Dih. Per. Imp. Dih.          LJ-14
    7.57707e+03    1.92000e+04    2.43432e+04    1.14966e+03    8.79196e+03
     Coulomb-14        LJ (SR)  Disper. corr.   Coulomb (SR)   Coul. recip.
    1.03090e+05    5.08999e+05   -3.12398e+04   -4.18034e+06    2.36215e+04
      Potential    Kinetic En.   Total Energy  Conserved En.    Temperature
   -3.51481e+06    6.41290e+05   -2.87352e+06   -1.43936e+06    3.00755e+02
 Pres. DC (bar) Pressure (bar)   Constr. rmsd
   -2.03113e+02    1.75599e+01    0.00000e+00

           Step           Time
       37950000    75900.00000

   Energies (kJ/mol)
           Bond          Angle    Proper Dih. Per. Imp. Dih.          LJ-14
    7.39754e+03    1.90943e+04    2.42070e+04    1.15136e+03    8.77820e+03
     Coulomb-14        LJ (SR)  Disper. corr.   Coulomb (SR)   Coul. recip.
    1.03123e+05    5.06240e+05   -3.12625e+04   -4.17737e+06    2.36026e+04
      Potential    Kinetic En.   Total Energy  Conserved En.    Temperature
   -3.51504e+06    6.38109e+05   -2.87693e+06   -1.43764e+06    2.99263e+02
 Pres. DC (bar) Pressure (bar)   Constr. rmsd
   -2.03407e+02   -2.27299e+01    0.00000e+00

           Step           Time
       38000000    76000.00000

   Energies (kJ/mol)
           Bond          Angle    Proper Dih. Per. Imp. Dih.          LJ-14
    7.29176e+03    1.95598e+04    2.42381e+04    1.27552e+03    8.83800e+03
     Coulomb-14        LJ (SR)  Disper. corr.   Coulomb (SR)   Coul. recip.
    1.03385e+05    5.05423e+05   -3.12834e+04   -4.17631e+06    2.31658e+04
      Potential    Kinetic En.   Total Energy  Conserved En.    Temperature
   -3.51442e+06    6.40759e+05   -2.87366e+06   -1.43588e+06    3.00506e+02
 Pres. DC (bar) Pressure (bar)   Constr. rmsd
   -2.03679e+02   -7.06383e-01    0.00000e+00

           Step           Time
       38050000    76100.00000

   Energies (kJ/mol)
           Bond          Angle    Proper Dih. Per. Imp. Dih.          LJ-14
    7.50511e+03    1.94123e+04    2.40610e+04    1.23752e+03    8.80755e+03
     Coulomb-14        LJ (SR)  Disper. corr.   Coulomb (SR)   Coul. recip.
    1.02874e+05    5.09140e+05   -3.11422e+04   -4.17760e+06    2.35321e+04
      Potential    Kinetic En.   Total Energy  Conserved En.    Temperature
   -3.51217e+06    6.38139e+05   -2.87403e+06   -1.43425e+06    2.99277e+02
 Pres. DC (bar) Pressure (bar)   Constr. rmsd
   -2.01847e+02   -5.14930e+00    0.00000e+00

Writing checkpoint, step 38056600 at Wed Sep 30 05:27:39 2026


           Step           Time
       38100000    76200.00000

   Energies (kJ/mol)
           Bond          Angle    Proper Dih. Per. Imp. Dih.          LJ-14
    7.41433e+03    1.92861e+04    2.41356e+04    1.19393e+03    8.93106e+03
     Coulomb-14        LJ (SR)  Disper. corr.   Coulomb (SR)   Coul. recip.
    1.03387e+05    5.06254e+05   -3.12315e+04   -4.17659e+06    2.36989e+04
      Potential    Kinetic En.   Total Energy  Conserved En.    Temperature
   -3.51352e+06    6.40496e+05   -2.87303e+06   -1.43183e+06    3.00382e+02
 Pres. DC (bar) Pressure (bar)   Constr. rmsd
   -2.03004e+02    2.41404e+01    0.00000e+00

           Step           Time
       38150000    76300.00000

   Energies (kJ/mol)
           Bond          Angle    Proper Dih. Per. Imp. Dih.          LJ-14
    7.18680e+03    1.96300e+04    2.42323e+04    1.17467e+03    8.89770e+03
     Coulomb-14        LJ (SR)  Disper. corr.   Coulomb (SR)   Coul. recip.
    1.03053e+05    5.04383e+05   -3.11821e+04   -4.17465e+06    2.35713e+04
      Potential    Kinetic En.   Total Energy  Conserved En.    Temperature
   -3.51370e+06    6.39887e+05   -2.87382e+06   -1.42981e+06    3.00097e+02
 Pres. DC (bar) Pressure (bar)   Constr. rmsd
   -2.02363e+02   -6.51882e+01    0.00000e+00

           Step           Time
       38200000    76400.00000

   Energies (kJ/mol)
           Bond          Angle    Proper Dih. Per. Imp. Dih.          LJ-14
    7.39194e+03    1.94312e+04    2.40607e+04    1.14972e+03    8.89945e+03
     Coulomb-14        LJ (SR)  Disper. corr.   Coulomb (SR)   Coul. recip.
    1.03484e+05    5.06604e+05   -3.11577e+04   -4.17504e+06    2.34034e+04
      Potential    Kinetic En.   Total Energy  Conserved En.    Temperature
   -3.51177e+06    6.38908e+05   -2.87286e+06   -1.42826e+06    2.99638e+02
 Pres. DC (bar) Pressure (bar)   Constr. rmsd
   -2.02047e+02   -1.15318e+01    0.00000e+00

           Step           Time
       38250000    76500.00000

   Energies (kJ/mol)
           Bond          Angle    Proper Dih. Per. Imp. Dih.          LJ-14
    7.24431e+03    1.90853e+04    2.43615e+04    1.15651e+03    8.82309e+03
     Coulomb-14        LJ (SR)  Disper. corr.   Coulomb (SR)   Coul. recip.
    1.03091e+05    5.09042e+05   -3.12762e+04   -4.18059e+06    2.32533e+04
      Potential    Kinetic En.   Total Energy  Conserved En.    Temperature
   -3.51581e+06    6.37730e+05   -2.87808e+06   -1.42648e+06    2.99085e+02
 Pres. DC (bar) Pressure (bar)   Constr. rmsd
   -2.03586e+02    4.35323e+01    0.00000e+00

           Step           Time
       38300000    76600.00000

   Energies (kJ/mol)
           Bond          Angle    Proper Dih. Per. Imp. Dih.          LJ-14
    7.49402e+03    1.91703e+04    2.42698e+04    1.25277e+03    8.92715e+03
     Coulomb-14        LJ (SR)  Disper. corr.   Coulomb (SR)   Coul. recip.
    1.03776e+05    5.10704e+05   -3.12614e+04   -4.18180e+06    2.33688e+04
      Potential    Kinetic En.   Total Energy  Conserved En.    Temperature
   -3.51410e+06    6.42771e+05   -2.87132e+06   -1.42486e+06    3.01450e+02
 Pres. DC (bar) Pressure (bar)   Constr. rmsd
   -2.03393e+02    9.20565e+01    0.00000e+00

           Step           Time
       38350000    76700.00000

   Energies (kJ/mol)
           Bond          Angle    Proper Dih. Per. Imp. Dih.          LJ-14
    7.27144e+03    1.92257e+04    2.42560e+04    1.24426e+03    8.98450e+03
     Coulomb-14        LJ (SR)  Disper. corr.   Coulomb (SR)   Coul. recip.
    1.03512e+05    5.08297e+05   -3.11571e+04   -4.17802e+06    2.39148e+04
      Potential    Kinetic En.   Total Energy  Conserved En.    Temperature
   -3.51247e+06    6.39769e+05   -2.87270e+06   -1.42307e+06    3.00041e+02
 Pres. DC (bar) Pressure (bar)   Constr. rmsd
   -2.02040e+02    3.49885e+01    0.00000e+00

Writing checkpoint, step 38399400 at Wed Sep 30 05:42:39 2026


           Step           Time
       38400000    76800.00000

   Energies (kJ/mol)
           Bond          Angle    Proper Dih. Per. Imp. Dih.          LJ-14
    7.29031e+03    1.91856e+04    2.42115e+04    1.18526e+03    8.65988e+03
     Coulomb-14        LJ (SR)  Disper. corr.   Coulomb (SR)   Coul. recip.
    1.03386e+05    5.05753e+05   -3.12214e+04   -4.17687e+06    2.36562e+04
      Potential    Kinetic En.   Total Energy  Conserved En.    Temperature
   -3.51476e+06    6.37802e+05   -2.87696e+06   -1.42130e+06    2.99119e+02
 Pres. DC (bar) Pressure (bar)   Constr. rmsd
   -2.02873e+02   -7.65195e+01    0.00000e+00

           Step           Time
       38450000    76900.00000

   Energies (kJ/mol)
           Bond          Angle    Proper Dih. Per. Imp. Dih.          LJ-14
    7.45713e+03    1.89610e+04    2.43103e+04    1.14612e+03    8.98530e+03
     Coulomb-14        LJ (SR)  Disper. corr.   Coulomb (SR)   Coul. recip.
    1.03479e+05    5.09320e+05   -3.12711e+04   -4.17987e+06    2.37039e+04
      Potential    Kinetic En.   Total Energy  Conserved En.    Temperature
   -3.51378e+06    6.40983e+05   -2.87280e+06   -1.41941e+06    3.00611e+02
 Pres. DC (bar) Pressure (bar)   Constr. rmsd
   -2.03520e+02    1.10812e+02    0.00000e+00

           Step           Time
       38500000    77000.00000

   Energies (kJ/mol)
           Bond          Angle    Proper Dih. Per. Imp. Dih.          LJ-14
    7.17666e+03    1.93087e+04    2.40001e+04    1.14430e+03    8.89176e+03
     Coulomb-14        LJ (SR)  Disper. corr.   Coulomb (SR)   Coul. recip.
    1.03092e+05    5.07785e+05   -3.12554e+04   -4.17923e+06    2.31764e+04
      Potential    Kinetic En.   Total Energy  Conserved En.    Temperature
   -3.51591e+06    6.40239e+05   -2.87567e+06   -1.41730e+06    3.00262e+02
 Pres. DC (bar) Pressure (bar)   Constr. rmsd
   -2.03315e+02    2.35642e+01    0.00000e+00

           Step           Time
       38550000    77100.00000

   Energies (kJ/mol)
           Bond          Angle    Proper Dih. Per. Imp. Dih.          LJ-14
    7.38965e+03    1.95473e+04    2.42649e+04    1.27519e+03    8.89124e+03
     Coulomb-14        LJ (SR)  Disper. corr.   Coulomb (SR)   Coul. recip.
    1.03300e+05    5.04859e+05   -3.11254e+04   -4.17516e+06    2.38458e+04
      Potential    Kinetic En.   Total Energy  Conserved En.    Temperature
   -3.51292e+06    6.38458e+05   -2.87446e+06   -1.41502e+06    2.99427e+02
 Pres. DC (bar) Pressure (bar)   Constr. rmsd
   -2.01630e+02   -6.38001e+01    0.00000e+00

           Step           Time
       38600000    77200.00000

   Energies (kJ/mol)
           Bond          Angle    Proper Dih. Per. Imp. Dih.          LJ-14
    7.08513e+03    1.92217e+04    2.41082e+04    1.23460e+03    8.93156e+03
     Coulomb-14        LJ (SR)  Disper. corr.   Coulomb (SR)   Coul. recip.
    1.03334e+05    5.05435e+05   -3.11926e+04   -4.17407e+06    2.36074e+04
      Potential    Kinetic En.   Total Energy  Conserved En.    Temperature
   -3.51230e+06    6.40381e+05   -2.87192e+06   -1.41302e+06    3.00328e+02
 Pres. DC (bar) Pressure (bar)   Constr. rmsd
   -2.02500e+02   -3.81089e+00    0.00000e+00

           Step           Time
       38650000    77300.00000

   Energies (kJ/mol)
           Bond          Angle    Proper Dih. Per. Imp. Dih.          LJ-14
    7.20098e+03    1.92629e+04    2.39759e+04    1.24254e+03    8.89989e+03
     Coulomb-14        LJ (SR)  Disper. corr.   Coulomb (SR)   Coul. recip.
    1.03031e+05    5.07141e+05   -3.12320e+04   -4.17654e+06    2.36903e+04
      Potential    Kinetic En.   Total Energy  Conserved En.    Temperature
   -3.51333e+06    6.38813e+05   -2.87452e+06   -1.41045e+06    2.99593e+02
 Pres. DC (bar) Pressure (bar)   Constr. rmsd
   -2.03011e+02    4.87279e+01    0.00000e+00

           Step           Time
       38700000    77400.00000

   Energies (kJ/mol)
           Bond          Angle    Proper Dih. Per. Imp. Dih.          LJ-14
    7.16504e+03    1.92840e+04    2.40155e+04    1.19479e+03    9.00082e+03
     Coulomb-14        LJ (SR)  Disper. corr.   Coulomb (SR)   Coul. recip.
    1.02977e+05    5.08452e+05   -3.11838e+04   -4.18037e+06    2.34315e+04
      Potential    Kinetic En.   Total Energy  Conserved En.    Temperature
   -3.51603e+06    6.40156e+05   -2.87588e+06   -1.40870e+06    3.00223e+02
 Pres. DC (bar) Pressure (bar)   Constr. rmsd
   -2.02386e+02    1.34595e+01    0.00000e+00

Writing checkpoint, step 38742000 at Wed Sep 30 05:57:39 2026


           Step           Time
       38750000    77500.00000

   Energies (kJ/mol)
           Bond          Angle    Proper Dih. Per. Imp. Dih.          LJ-14
    7.24486e+03    1.93706e+04    2.40553e+04    1.22275e+03    8.95165e+03
     Coulomb-14        LJ (SR)  Disper. corr.   Coulomb (SR)   Coul. recip.
    1.03242e+05    5.06355e+05   -3.11918e+04   -4.17575e+06    2.37884e+04
      Potential    Kinetic En.   Total Energy  Conserved En.    Temperature
   -3.51271e+06    6.40032e+05   -2.87268e+06   -1.40622e+06    3.00165e+02
 Pres. DC (bar) Pressure (bar)   Constr. rmsd
   -2.02489e+02    2.38788e+01    0.00000e+00

           Step           Time
       38800000    77600.00000

   Energies (kJ/mol)
           Bond          Angle    Proper Dih. Per. Imp. Dih.          LJ-14
    7.37444e+03    1.95209e+04    2.42320e+04    1.19929e+03    8.73990e+03
     Coulomb-14        LJ (SR)  Disper. corr.   Coulomb (SR)   Coul. recip.
    1.02871e+05    5.07246e+05   -3.11746e+04   -4.17584e+06    2.37923e+04
      Potential    Kinetic En.   Total Energy  Conserved En.    Temperature
   -3.51204e+06    6.41501e+05   -2.87054e+06   -1.40409e+06    3.00854e+02
 Pres. DC (bar) Pressure (bar)   Constr. rmsd
   -2.02267e+02   -8.15103e+00    0.00000e+00

           Step           Time
       38850000    77700.00000

   Energies (kJ/mol)
           Bond          Angle    Proper Dih. Per. Imp. Dih.          LJ-14
    7.38789e+03    1.91343e+04    2.40480e+04    1.15872e+03    8.83856e+03
     Coulomb-14        LJ (SR)  Disper. corr.   Coulomb (SR)   Coul. recip.
    1.03075e+05    5.09739e+05   -3.12296e+04   -4.18045e+06    2.34370e+04
      Potential    Kinetic En.   Total Energy  Conserved En.    Temperature
   -3.51486e+06    6.38280e+05   -2.87658e+06   -1.40217e+06    2.99343e+02
 Pres. DC (bar) Pressure (bar)   Constr. rmsd
   -2.02980e+02    5.80307e+01    0.00000e+00

           Step           Time
       38900000    77800.00000

   Energies (kJ/mol)
           Bond          Angle    Proper Dih. Per. Imp. Dih.          LJ-14
    7.43538e+03    1.93979e+04    2.39258e+04    1.14648e+03    8.79920e+03
     Coulomb-14        LJ (SR)  Disper. corr.   Coulomb (SR)   Coul. recip.
    1.03264e+05    5.08274e+05   -3.12884e+04   -4.18067e+06    2.37094e+04
      Potential    Kinetic En.   Total Energy  Conserved En.    Temperature
   -3.51601e+06    6.41782e+05   -2.87423e+06   -1.40057e+06    3.00986e+02
 Pres. DC (bar) Pressure (bar)   Constr. rmsd
   -2.03744e+02    1.67467e+01    0.00000e+00

           Step           Time
       38950000    77900.00000

   Energies (kJ/mol)
           Bond          Angle    Proper Dih. Per. Imp. Dih.          LJ-14
    7.28564e+03    1.94394e+04    2.39949e+04    1.24610e+03    8.83229e+03
     Coulomb-14        LJ (SR)  Disper. corr.   Coulomb (SR)   Coul. recip.
    1.02843e+05    5.04272e+05   -3.12302e+04   -4.17510e+06    2.34847e+04
      Potential    Kinetic En.   Total Energy  Conserved En.    Temperature
   -3.51494e+06    6.40978e+05   -2.87396e+06   -1.39862e+06    3.00609e+02
 Pres. DC (bar) Pressure (bar)   Constr. rmsd
   -2.02988e+02   -1.83849e+01    0.00000e+00

           Step           Time
       39000000    78000.00000

   Energies (kJ/mol)
           Bond          Angle    Proper Dih. Per. Imp. Dih.          LJ-14
    7.34822e+03    1.90265e+04    2.42362e+04    1.21826e+03    8.93714e+03
     Coulomb-14        LJ (SR)  Disper. corr.   Coulomb (SR)   Coul. recip.
    1.03169e+05    5.09841e+05   -3.12649e+04   -4.18140e+06    2.34978e+04
      Potential    Kinetic En.   Total Energy  Conserved En.    Temperature
   -3.51539e+06    6.41857e+05   -2.87354e+06   -1.39678e+06    3.01021e+02
 Pres. DC (bar) Pressure (bar)   Constr. rmsd
   -2.03439e+02    1.13148e+02    0.00000e+00

           Step           Time
       39050000    78100.00000

   Energies (kJ/mol)
           Bond          Angle    Proper Dih. Per. Imp. Dih.          LJ-14
    7.20874e+03    1.93559e+04    2.43340e+04    1.27773e+03    8.82295e+03
     Coulomb-14        LJ (SR)  Disper. corr.   Coulomb (SR)   Coul. recip.
    1.03054e+05    5.05975e+05   -3.12848e+04   -4.17828e+06    2.35342e+04
      Potential    Kinetic En.   Total Energy  Conserved En.    Temperature
   -3.51600e+06    6.42764e+05   -2.87324e+06   -1.39491e+06    3.01446e+02
 Pres. DC (bar) Pressure (bar)   Constr. rmsd
   -2.03698e+02    5.81011e+00    0.00000e+00

Writing checkpoint, step 39084700 at Wed Sep 30 06:12:39 2026


           Step           Time
       39100000    78200.00000

   Energies (kJ/mol)
           Bond          Angle    Proper Dih. Per. Imp. Dih.          LJ-14
    7.20756e+03    1.91968e+04    2.42554e+04    1.14242e+03    8.78292e+03
     Coulomb-14        LJ (SR)  Disper. corr.   Coulomb (SR)   Coul. recip.
    1.03153e+05    5.06134e+05   -3.11782e+04   -4.17714e+06    2.36013e+04
      Potential    Kinetic En.   Total Energy  Conserved En.    Temperature
   -3.51484e+06    6.42202e+05   -2.87264e+06   -1.39322e+06    3.01182e+02
 Pres. DC (bar) Pressure (bar)   Constr. rmsd
   -2.02313e+02   -3.88319e+01    0.00000e+00

           Step           Time
       39150000    78300.00000

   Energies (kJ/mol)
           Bond          Angle    Proper Dih. Per. Imp. Dih.          LJ-14
    7.22624e+03    1.94817e+04    2.42767e+04    1.13818e+03    8.97864e+03
     Coulomb-14        LJ (SR)  Disper. corr.   Coulomb (SR)   Coul. recip.
    1.03083e+05    5.06526e+05   -3.11906e+04   -4.17548e+06    2.36407e+04
      Potential    Kinetic En.   Total Energy  Conserved En.    Temperature
   -3.51232e+06    6.40526e+05   -2.87180e+06   -1.39086e+06    3.00396e+02
 Pres. DC (bar) Pressure (bar)   Constr. rmsd
   -2.02474e+02    3.01905e+01    0.00000e+00

           Step           Time
       39200000    78400.00000

   Energies (kJ/mol)
           Bond          Angle    Proper Dih. Per. Imp. Dih.          LJ-14
    7.24844e+03    1.91190e+04    2.42978e+04    1.25109e+03    8.79261e+03
     Coulomb-14        LJ (SR)  Disper. corr.   Coulomb (SR)   Coul. recip.
    1.03077e+05    5.06879e+05   -3.12113e+04   -4.17724e+06    2.36368e+04
      Potential    Kinetic En.   Total Energy  Conserved En.    Temperature
   -3.51415e+06    6.41712e+05   -2.87244e+06   -1.38901e+06    3.00953e+02
 Pres. DC (bar) Pressure (bar)   Constr. rmsd
   -2.02742e+02    2.07615e+01    0.00000e+00

           Step           Time
       39250000    78500.00000

   Energies (kJ/mol)
           Bond          Angle    Proper Dih. Per. Imp. Dih.          LJ-14
    7.21978e+03    1.89334e+04    2.43100e+04    1.26618e+03    8.95311e+03
     Coulomb-14        LJ (SR)  Disper. corr.   Coulomb (SR)   Coul. recip.
    1.03224e+05    5.05501e+05   -3.11956e+04   -4.17478e+06    2.35918e+04
      Potential    Kinetic En.   Total Energy  Conserved En.    Temperature
   -3.51298e+06    6.35989e+05   -2.87699e+06   -1.38688e+06    2.98269e+02
 Pres. DC (bar) Pressure (bar)   Constr. rmsd
   -2.02539e+02   -1.46372e+01    0.00000e+00

           Step           Time
       39300000    78600.00000

   Energies (kJ/mol)
           Bond          Angle    Proper Dih. Per. Imp. Dih.          LJ-14
    7.15611e+03    1.93869e+04    2.38860e+04    1.11726e+03    8.91079e+03
     Coulomb-14        LJ (SR)  Disper. corr.   Coulomb (SR)   Coul. recip.
    1.03351e+05    5.08532e+05   -3.12572e+04   -4.18226e+06    2.36044e+04
      Potential    Kinetic En.   Total Energy  Conserved En.    Temperature
   -3.51757e+06    6.36969e+05   -2.88060e+06   -1.38518e+06    2.98728e+02
 Pres. DC (bar) Pressure (bar)   Constr. rmsd
   -2.03338e+02    5.72397e+01    0.00000e+00

           Step           Time
       39350000    78700.00000

   Energies (kJ/mol)
           Bond          Angle    Proper Dih. Per. Imp. Dih.          LJ-14
    7.23797e+03    1.94716e+04    2.42053e+04    1.15558e+03    8.88027e+03
     Coulomb-14        LJ (SR)  Disper. corr.   Coulomb (SR)   Coul. recip.
    1.03224e+05    5.08978e+05   -3.11337e+04   -4.17672e+06    2.36009e+04
      Potential    Kinetic En.   Total Energy  Conserved En.    Temperature
   -3.51110e+06    6.39202e+05   -2.87190e+06   -1.38323e+06    2.99775e+02
 Pres. DC (bar) Pressure (bar)   Constr. rmsd
   -2.01737e+02    5.42714e+01    0.00000e+00

           Step           Time
       39400000    78800.00000

   Energies (kJ/mol)
           Bond          Angle    Proper Dih. Per. Imp. Dih.          LJ-14
    7.47595e+03    1.90786e+04    2.41955e+04    1.12368e+03    8.90155e+03
     Coulomb-14        LJ (SR)  Disper. corr.   Coulomb (SR)   Coul. recip.
    1.03160e+05    5.06384e+05   -3.11619e+04   -4.17806e+06    2.37536e+04
      Potential    Kinetic En.   Total Energy  Conserved En.    Temperature
   -3.51515e+06    6.39966e+05   -2.87518e+06   -1.38061e+06    3.00134e+02
 Pres. DC (bar) Pressure (bar)   Constr. rmsd
   -2.02102e+02    3.48191e+00    0.00000e+00

Writing checkpoint, step 39427400 at Wed Sep 30 06:27:39 2026


           Step           Time
       39450000    78900.00000

   Energies (kJ/mol)
           Bond          Angle    Proper Dih. Per. Imp. Dih.          LJ-14
    7.35537e+03    1.92409e+04    2.41236e+04    1.14135e+03    8.84713e+03
     Coulomb-14        LJ (SR)  Disper. corr.   Coulomb (SR)   Coul. recip.
    1.03253e+05    5.10669e+05   -3.12610e+04   -4.17776e+06    2.38911e+04
      Potential    Kinetic En.   Total Energy  Conserved En.    Temperature
   -3.51050e+06    6.40340e+05   -2.87016e+06   -1.37879e+06    3.00309e+02
 Pres. DC (bar) Pressure (bar)   Constr. rmsd
   -2.03388e+02    1.30745e+02    0.00000e+00

           Step           Time
       39500000    79000.00000

   Energies (kJ/mol)
           Bond          Angle    Proper Dih. Per. Imp. Dih.          LJ-14
    7.27646e+03    1.93296e+04    2.40995e+04    1.23045e+03    8.92830e+03
     Coulomb-14        LJ (SR)  Disper. corr.   Coulomb (SR)   Coul. recip.
    1.03328e+05    5.05166e+05   -3.13048e+04   -4.17858e+06    2.34974e+04
      Potential    Kinetic En.   Total Energy  Conserved En.    Temperature
   -3.51703e+06    6.39745e+05   -2.87729e+06   -1.37626e+06    3.00030e+02
 Pres. DC (bar) Pressure (bar)   Constr. rmsd
   -2.03958e+02   -1.11008e+01    0.00000e+00

           Step           Time
       39550000    79100.00000

   Energies (kJ/mol)
           Bond          Angle    Proper Dih. Per. Imp. Dih.          LJ-14
    7.43319e+03    1.90633e+04    2.41141e+04    1.14915e+03    8.84732e+03
     Coulomb-14        LJ (SR)  Disper. corr.   Coulomb (SR)   Coul. recip.
    1.03164e+05    5.06645e+05   -3.11527e+04   -4.17512e+06    2.37672e+04
      Potential    Kinetic En.   Total Energy  Conserved En.    Temperature
   -3.51208e+06    6.39984e+05   -2.87210e+06   -1.37415e+06    3.00142e+02
 Pres. DC (bar) Pressure (bar)   Constr. rmsd
   -2.01982e+02   -4.37702e+01    0.00000e+00

           Step           Time
       39600000    79200.00000

   Energies (kJ/mol)
           Bond          Angle    Proper Dih. Per. Imp. Dih.          LJ-14
    7.26429e+03    1.93827e+04    2.42808e+04    1.13575e+03    8.90137e+03
     Coulomb-14        LJ (SR)  Disper. corr.   Coulomb (SR)   Coul. recip.
    1.03069e+05    5.10029e+05   -3.12705e+04   -4.18098e+06    2.36875e+04
      Potential    Kinetic En.   Total Energy  Conserved En.    Temperature
   -3.51450e+06    6.40600e+05   -2.87390e+06   -1.37140e+06    3.00431e+02
 Pres. DC (bar) Pressure (bar)   Constr. rmsd
   -2.03512e+02    9.86504e+01    0.00000e+00

           Step           Time
       39650000    79300.00000

   Energies (kJ/mol)
           Bond          Angle    Proper Dih. Per. Imp. Dih.          LJ-14
    7.38014e+03    1.93900e+04    2.42700e+04    1.11290e+03    8.93936e+03
     Coulomb-14        LJ (SR)  Disper. corr.   Coulomb (SR)   Coul. recip.
    1.03051e+05    5.03113e+05   -3.11730e+04   -4.17231e+06    2.35941e+04
      Potential    Kinetic En.   Total Energy  Conserved En.    Temperature
   -3.51263e+06    6.41526e+05   -2.87110e+06   -1.36972e+06    3.00865e+02
 Pres. DC (bar) Pressure (bar)   Constr. rmsd
   -2.02246e+02   -7.89442e+01    0.00000e+00

           Step           Time
       39700000    79400.00000

   Energies (kJ/mol)
           Bond          Angle    Proper Dih. Per. Imp. Dih.          LJ-14
    7.22478e+03    1.90367e+04    2.42167e+04    1.18920e+03    8.95812e+03
     Coulomb-14        LJ (SR)  Disper. corr.   Coulomb (SR)   Coul. recip.
    1.03132e+05    5.06619e+05   -3.12383e+04   -4.17590e+06    2.35662e+04
      Potential    Kinetic En.   Total Energy  Conserved En.    Temperature
   -3.51320e+06    6.40381e+05   -2.87282e+06   -1.36767e+06    3.00329e+02
 Pres. DC (bar) Pressure (bar)   Constr. rmsd
   -2.03093e+02    1.08739e+01    0.00000e+00

           Step           Time
       39750000    79500.00000

   Energies (kJ/mol)
           Bond          Angle    Proper Dih. Per. Imp. Dih.          LJ-14
    7.23828e+03    1.92297e+04    2.39859e+04    1.15518e+03    8.84882e+03
     Coulomb-14        LJ (SR)  Disper. corr.   Coulomb (SR)   Coul. recip.
    1.03352e+05    5.05405e+05   -3.11641e+04   -4.17402e+06    2.36544e+04
      Potential    Kinetic En.   Total Energy  Conserved En.    Temperature
   -3.51231e+06    6.40765e+05   -2.87155e+06   -1.36608e+06    3.00509e+02
 Pres. DC (bar) Pressure (bar)   Constr. rmsd
   -2.02131e+02   -1.97160e+01    0.00000e+00

Writing checkpoint, step 39770200 at Wed Sep 30 06:42:39 2026


           Step           Time
       39800000    79600.00000

   Energies (kJ/mol)
           Bond          Angle    Proper Dih. Per. Imp. Dih.          LJ-14
    7.25828e+03    1.90858e+04    2.43359e+04    1.12149e+03    8.97059e+03
     Coulomb-14        LJ (SR)  Disper. corr.   Coulomb (SR)   Coul. recip.
    1.02875e+05    5.05345e+05   -3.11407e+04   -4.17230e+06    2.36354e+04
      Potential    Kinetic En.   Total Energy  Conserved En.    Temperature
   -3.51081e+06    6.37808e+05   -2.87300e+06   -1.36442e+06    2.99122e+02
 Pres. DC (bar) Pressure (bar)   Constr. rmsd
   -2.01827e+02   -1.49108e+01    0.00000e+00

           Step           Time
       39850000    79700.00000

   Energies (kJ/mol)
           Bond          Angle    Proper Dih. Per. Imp. Dih.          LJ-14
    7.20057e+03    1.92832e+04    2.41846e+04    1.21473e+03    8.77406e+03
     Coulomb-14        LJ (SR)  Disper. corr.   Coulomb (SR)   Coul. recip.
    1.03031e+05    5.05819e+05   -3.11789e+04   -4.17461e+06    2.35858e+04
      Potential    Kinetic En.   Total Energy  Conserved En.    Temperature
   -3.51270e+06    6.39912e+05   -2.87278e+06   -1.36279e+06    3.00108e+02
 Pres. DC (bar) Pressure (bar)   Constr. rmsd
   -2.02322e+02   -2.79518e+01    0.00000e+00

           Step           Time
       39900000    79800.00000

   Energies (kJ/mol)
           Bond          Angle    Proper Dih. Per. Imp. Dih.          LJ-14
    7.44920e+03    1.90585e+04    2.41323e+04    1.21302e+03    8.96776e+03
     Coulomb-14        LJ (SR)  Disper. corr.   Coulomb (SR)   Coul. recip.
    1.03006e+05    5.08627e+05   -3.12259e+04   -4.17840e+06    2.37817e+04
      Potential    Kinetic En.   Total Energy  Conserved En.    Temperature
   -3.51339e+06    6.40264e+05   -2.87313e+06   -1.36170e+06    3.00273e+02
 Pres. DC (bar) Pressure (bar)   Constr. rmsd
   -2.02933e+02    4.20402e+01    0.00000e+00

           Step           Time
       39950000    79900.00000

   Energies (kJ/mol)
           Bond          Angle    Proper Dih. Per. Imp. Dih.          LJ-14
    7.13433e+03    1.90095e+04    2.41132e+04    1.16626e+03    8.89298e+03
     Coulomb-14        LJ (SR)  Disper. corr.   Coulomb (SR)   Coul. recip.
    1.03135e+05    5.07941e+05   -3.13463e+04   -4.18203e+06    2.33023e+04
      Potential    Kinetic En.   Total Energy  Conserved En.    Temperature
   -3.51869e+06    6.37626e+05   -2.88106e+06   -1.35939e+06    2.99036e+02
 Pres. DC (bar) Pressure (bar)   Constr. rmsd
   -2.04498e+02    9.96695e+01    0.00000e+00

           Step           Time
       40000000    80000.00000

   Energies (kJ/mol)
           Bond          Angle    Proper Dih. Per. Imp. Dih.          LJ-14
    7.35464e+03    1.94711e+04    2.40464e+04    1.18654e+03    8.82646e+03
     Coulomb-14        LJ (SR)  Disper. corr.   Coulomb (SR)   Coul. recip.
    1.03132e+05    5.04746e+05   -3.11320e+04   -4.17021e+06    2.33563e+04
      Potential    Kinetic En.   Total Energy  Conserved En.    Temperature
   -3.50922e+06    6.39031e+05   -2.87019e+06   -1.35729e+06    2.99695e+02
 Pres. DC (bar) Pressure (bar)   Constr. rmsd
   -2.01715e+02   -6.70049e+01    0.00000e+00

           Step           Time
       40050000    80100.00000

   Energies (kJ/mol)
           Bond          Angle    Proper Dih. Per. Imp. Dih.          LJ-14
    7.33300e+03    1.92736e+04    2.41049e+04    1.14163e+03    8.95121e+03
     Coulomb-14        LJ (SR)  Disper. corr.   Coulomb (SR)   Coul. recip.
    1.03599e+05    5.11701e+05   -3.12516e+04   -4.18463e+06    2.33689e+04
      Potential    Kinetic En.   Total Energy  Conserved En.    Temperature
   -3.51641e+06    6.38909e+05   -2.87750e+06   -1.35527e+06    2.99638e+02
 Pres. DC (bar) Pressure (bar)   Constr. rmsd
   -2.03265e+02    1.31634e+02    0.00000e+00

           Step           Time
       40100000    80200.00000

   Energies (kJ/mol)
           Bond          Angle    Proper Dih. Per. Imp. Dih.          LJ-14
    7.32275e+03    1.95861e+04    2.40064e+04    1.23556e+03    8.82205e+03
     Coulomb-14        LJ (SR)  Disper. corr.   Coulomb (SR)   Coul. recip.
    1.03251e+05    5.08486e+05   -3.12358e+04   -4.18025e+06    2.36242e+04
      Potential    Kinetic En.   Total Energy  Conserved En.    Temperature
   -3.51515e+06    6.41334e+05   -2.87382e+06   -1.35377e+06    3.00775e+02
 Pres. DC (bar) Pressure (bar)   Constr. rmsd
   -2.03061e+02    3.28534e+01    0.00000e+00

Writing checkpoint, step 40113000 at Wed Sep 30 06:57:39 2026


           Step           Time
       40150000    80300.00000

   Energies (kJ/mol)
           Bond          Angle    Proper Dih. Per. Imp. Dih.          LJ-14
    7.13914e+03    1.93756e+04    2.44182e+04    1.19550e+03    8.91503e+03
     Coulomb-14        LJ (SR)  Disper. corr.   Coulomb (SR)   Coul. recip.
    1.03128e+05    5.07780e+05   -3.11968e+04   -4.17610e+06    2.35104e+04
      Potential    Kinetic En.   Total Energy  Conserved En.    Temperature
   -3.51184e+06    6.38856e+05   -2.87298e+06   -1.35193e+06    2.99613e+02
 Pres. DC (bar) Pressure (bar)   Constr. rmsd
   -2.02554e+02    5.00174e+01    0.00000e+00

           Step           Time
       40200000    80400.00000

   Energies (kJ/mol)
           Bond          Angle    Proper Dih. Per. Imp. Dih.          LJ-14
    7.53463e+03    1.91723e+04    2.43027e+04    1.22528e+03    8.86106e+03
     Coulomb-14        LJ (SR)  Disper. corr.   Coulomb (SR)   Coul. recip.
    1.03406e+05    5.08777e+05   -3.12566e+04   -4.18242e+06    2.36877e+04
      Potential    Kinetic En.   Total Energy  Conserved En.    Temperature
   -3.51671e+06    6.41171e+05   -2.87554e+06   -1.34996e+06    3.00699e+02
 Pres. DC (bar) Pressure (bar)   Constr. rmsd
   -2.03330e+02    3.21376e+01    0.00000e+00

           Step           Time
       40250000    80500.00000

   Energies (kJ/mol)
           Bond          Angle    Proper Dih. Per. Imp. Dih.          LJ-14
    7.29993e+03    1.92497e+04    2.42155e+04    1.17665e+03    8.83382e+03
     Coulomb-14        LJ (SR)  Disper. corr.   Coulomb (SR)   Coul. recip.
    1.02844e+05    5.06385e+05   -3.11462e+04   -4.17448e+06    2.36706e+04
      Potential    Kinetic En.   Total Energy  Conserved En.    Temperature
   -3.51195e+06    6.39141e+05   -2.87281e+06   -1.34764e+06    2.99747e+02
 Pres. DC (bar) Pressure (bar)   Constr. rmsd
   -2.01898e+02   -6.85858e+01    0.00000e+00

           Step           Time
       40300000    80600.00000

   Energies (kJ/mol)
           Bond          Angle    Proper Dih. Per. Imp. Dih.          LJ-14
    7.38403e+03    1.91116e+04    2.45088e+04    1.25088e+03    8.93352e+03
     Coulomb-14        LJ (SR)  Disper. corr.   Coulomb (SR)   Coul. recip.
    1.03509e+05    5.02400e+05   -3.11907e+04   -4.17073e+06    2.36999e+04
      Potential    Kinetic En.   Total Energy  Conserved En.    Temperature
   -3.51112e+06    6.36815e+05   -2.87430e+06   -1.34617e+06    2.98656e+02
 Pres. DC (bar) Pressure (bar)   Constr. rmsd
   -2.02475e+02   -1.01547e+02    0.00000e+00

           Step           Time
       40350000    80700.00000

   Energies (kJ/mol)
           Bond          Angle    Proper Dih. Per. Imp. Dih.          LJ-14
    7.40127e+03    1.91175e+04    2.42739e+04    1.29866e+03    8.89711e+03
     Coulomb-14        LJ (SR)  Disper. corr.   Coulomb (SR)   Coul. recip.
    1.03125e+05    5.05417e+05   -3.12238e+04   -4.17620e+06    2.37327e+04
      Potential    Kinetic En.   Total Energy  Conserved En.    Temperature
   -3.51416e+06    6.41256e+05   -2.87290e+06   -1.34469e+06    3.00739e+02
 Pres. DC (bar) Pressure (bar)   Constr. rmsd
   -2.02905e+02   -3.26175e+01    0.00000e+00

           Step           Time
       40400000    80800.00000

   Energies (kJ/mol)
           Bond          Angle    Proper Dih. Per. Imp. Dih.          LJ-14
    7.37037e+03    1.95261e+04    2.41035e+04    1.16032e+03    8.93891e+03
     Coulomb-14        LJ (SR)  Disper. corr.   Coulomb (SR)   Coul. recip.
    1.03263e+05    5.05875e+05   -3.12136e+04   -4.17617e+06    2.34402e+04
      Potential    Kinetic En.   Total Energy  Conserved En.    Temperature
   -3.51370e+06    6.39125e+05   -2.87458e+06   -1.34300e+06    2.99739e+02
 Pres. DC (bar) Pressure (bar)   Constr. rmsd
   -2.02772e+02    2.13515e+01    0.00000e+00

           Step           Time
       40450000    80900.00000

   Energies (kJ/mol)
           Bond          Angle    Proper Dih. Per. Imp. Dih.          LJ-14
    7.09757e+03    1.89537e+04    2.42448e+04    1.26700e+03    8.94312e+03
     Coulomb-14        LJ (SR)  Disper. corr.   Coulomb (SR)   Coul. recip.
    1.03303e+05    5.08401e+05   -3.12212e+04   -4.18054e+06    2.35940e+04
      Potential    Kinetic En.   Total Energy  Conserved En.    Temperature
   -3.51595e+06    6.37829e+05   -2.87812e+06   -1.34126e+06    2.99132e+02
 Pres. DC (bar) Pressure (bar)   Constr. rmsd
   -2.02870e+02    4.61340e+00    0.00000e+00

Writing checkpoint, step 40455800 at Wed Sep 30 07:12:39 2026


           Step           Time
       40500000    81000.00000

   Energies (kJ/mol)
           Bond          Angle    Proper Dih. Per. Imp. Dih.          LJ-14
    7.54498e+03    1.95587e+04    2.40321e+04    1.19458e+03    8.88612e+03
     Coulomb-14        LJ (SR)  Disper. corr.   Coulomb (SR)   Coul. recip.
    1.03178e+05    4.99875e+05   -3.10895e+04   -4.16698e+06    2.34439e+04
      Potential    Kinetic En.   Total Energy  Conserved En.    Temperature
   -3.51036e+06    6.40528e+05   -2.86983e+06   -1.33934e+06    3.00397e+02
 Pres. DC (bar) Pressure (bar)   Constr. rmsd
   -2.01166e+02   -1.78489e+02    0.00000e+00

           Step           Time
       40550000    81100.00000

   Energies (kJ/mol)
           Bond          Angle    Proper Dih. Per. Imp. Dih.          LJ-14
    7.33367e+03    1.90892e+04    2.41721e+04    1.20743e+03    8.89396e+03
     Coulomb-14        LJ (SR)  Disper. corr.   Coulomb (SR)   Coul. recip.
    1.03699e+05    5.09587e+05   -3.12469e+04   -4.18135e+06    2.35077e+04
      Potential    Kinetic En.   Total Energy  Conserved En.    Temperature
   -3.51511e+06    6.40662e+05   -2.87445e+06   -1.33700e+06    3.00460e+02
 Pres. DC (bar) Pressure (bar)   Constr. rmsd
   -2.03205e+02    1.11065e+02    0.00000e+00

           Step           Time
       40600000    81200.00000

   Energies (kJ/mol)
           Bond          Angle    Proper Dih. Per. Imp. Dih.          LJ-14
    7.31321e+03    1.91926e+04    2.41578e+04    1.20672e+03    8.93355e+03
     Coulomb-14        LJ (SR)  Disper. corr.   Coulomb (SR)   Coul. recip.
    1.03217e+05    5.06887e+05   -3.12219e+04   -4.17611e+06    2.34503e+04
      Potential    Kinetic En.   Total Energy  Conserved En.    Temperature
   -3.51298e+06    6.39277e+05   -2.87370e+06   -1.33485e+06    2.99811e+02
 Pres. DC (bar) Pressure (bar)   Constr. rmsd
   -2.02880e+02    1.90852e+01    0.00000e+00

           Step           Time
       40650000    81300.00000

   Energies (kJ/mol)
           Bond          Angle    Proper Dih. Per. Imp. Dih.          LJ-14
    7.25258e+03    1.95924e+04    2.42277e+04    1.22319e+03    8.91396e+03
     Coulomb-14        LJ (SR)  Disper. corr.   Coulomb (SR)   Coul. recip.
    1.03514e+05    5.07426e+05   -3.11918e+04   -4.17710e+06    2.36477e+04
      Potential    Kinetic En.   Total Energy  Conserved En.    Temperature
   -3.51249e+06    6.42206e+05   -2.87029e+06   -1.33308e+06    3.01184e+02
 Pres. DC (bar) Pressure (bar)   Constr. rmsd
   -2.02490e+02    5.17992e+01    0.00000e+00

           Step           Time
       40700000    81400.00000

   Energies (kJ/mol)
           Bond          Angle    Proper Dih. Per. Imp. Dih.          LJ-14
    7.36197e+03    1.90820e+04    2.39775e+04    1.25354e+03    8.93408e+03
     Coulomb-14        LJ (SR)  Disper. corr.   Coulomb (SR)   Coul. recip.
    1.03019e+05    5.11106e+05   -3.12635e+04   -4.18447e+06    2.36556e+04
      Potential    Kinetic En.   Total Energy  Conserved En.    Temperature
   -3.51735e+06    6.40568e+05   -2.87678e+06   -1.33135e+06    3.00416e+02
 Pres. DC (bar) Pressure (bar)   Constr. rmsd
   -2.03420e+02    6.65225e+01    0.00000e+00

           Step           Time
       40750000    81500.00000

   Energies (kJ/mol)
           Bond          Angle    Proper Dih. Per. Imp. Dih.          LJ-14
    7.28486e+03    1.96463e+04    2.39591e+04    1.12851e+03    8.94627e+03
     Coulomb-14        LJ (SR)  Disper. corr.   Coulomb (SR)   Coul. recip.
    1.03307e+05    5.05178e+05   -3.11713e+04   -4.17446e+06    2.32865e+04
      Potential    Kinetic En.   Total Energy  Conserved En.    Temperature
   -3.51289e+06    6.42000e+05   -2.87089e+06   -1.32925e+06    3.01088e+02
 Pres. DC (bar) Pressure (bar)   Constr. rmsd
   -2.02223e+02   -5.33964e+01    0.00000e+00

Writing checkpoint, step 40798600 at Wed Sep 30 07:27:39 2026


           Step           Time
       40800000    81600.00000

   Energies (kJ/mol)
           Bond          Angle    Proper Dih. Per. Imp. Dih.          LJ-14
    7.21766e+03    1.96689e+04    2.43083e+04    1.26523e+03    8.84417e+03
     Coulomb-14        LJ (SR)  Disper. corr.   Coulomb (SR)   Coul. recip.
    1.03351e+05    5.07112e+05   -3.12081e+04   -4.17757e+06    2.32628e+04
      Potential    Kinetic En.   Total Energy  Conserved En.    Temperature
   -3.51375e+06    6.40440e+05   -2.87331e+06   -1.32772e+06    3.00356e+02
 Pres. DC (bar) Pressure (bar)   Constr. rmsd
   -2.02701e+02    1.34848e+01    0.00000e+00

           Step           Time
       40850000    81700.00000

   Energies (kJ/mol)
           Bond          Angle    Proper Dih. Per. Imp. Dih.          LJ-14
    7.22582e+03    1.90745e+04    2.42898e+04    1.17968e+03    9.01268e+03
     Coulomb-14        LJ (SR)  Disper. corr.   Coulomb (SR)   Coul. recip.
    1.03244e+05    5.07170e+05   -3.11740e+04   -4.17703e+06    2.36363e+04
      Potential    Kinetic En.   Total Energy  Conserved En.    Temperature
   -3.51337e+06    6.37618e+05   -2.87575e+06   -1.32552e+06    2.99032e+02
 Pres. DC (bar) Pressure (bar)   Constr. rmsd
   -2.02259e+02    5.13672e+01    0.00000e+00

           Step           Time
       40900000    81800.00000

   Energies (kJ/mol)
           Bond          Angle    Proper Dih. Per. Imp. Dih.          LJ-14
    7.21053e+03    1.95152e+04    2.41414e+04    1.13219e+03    8.91176e+03
     Coulomb-14        LJ (SR)  Disper. corr.   Coulomb (SR)   Coul. recip.
    1.03089e+05    5.08336e+05   -3.11954e+04   -4.17976e+06    2.34541e+04
      Potential    Kinetic En.   Total Energy  Conserved En.    Temperature
   -3.51516e+06    6.41155e+05   -2.87401e+06   -1.32376e+06    3.00692e+02
 Pres. DC (bar) Pressure (bar)   Constr. rmsd
   -2.02536e+02    3.18083e+01    0.00000e+00

           Step           Time
       40950000    81900.00000

   Energies (kJ/mol)
           Bond          Angle    Proper Dih. Per. Imp. Dih.          LJ-14
    7.48012e+03    1.93708e+04    2.43065e+04    1.17050e+03    9.03353e+03
     Coulomb-14        LJ (SR)  Disper. corr.   Coulomb (SR)   Coul. recip.
    1.03383e+05    5.05563e+05   -3.11792e+04   -4.17241e+06    2.35831e+04
      Potential    Kinetic En.   Total Energy  Conserved En.    Temperature
   -3.50969e+06    6.39866e+05   -2.86983e+06   -1.32213e+06    3.00087e+02
 Pres. DC (bar) Pressure (bar)   Constr. rmsd
   -2.02326e+02    6.48186e+00    0.00000e+00

           Step           Time
       41000000    82000.00000

   Energies (kJ/mol)
           Bond          Angle    Proper Dih. Per. Imp. Dih.          LJ-14
    7.25611e+03    1.94479e+04    2.42241e+04    1.16760e+03    8.87113e+03
     Coulomb-14        LJ (SR)  Disper. corr.   Coulomb (SR)   Coul. recip.
    1.03470e+05    5.10682e+05   -3.12280e+04   -4.18010e+06    2.35602e+04
      Potential    Kinetic En.   Total Energy  Conserved En.    Temperature
   -3.51265e+06    6.39154e+05   -2.87350e+06   -1.32085e+06    2.99753e+02
 Pres. DC (bar) Pressure (bar)   Constr. rmsd
   -2.02959e+02    9.87971e+01    0.00000e+00

           Step           Time
       41050000    82100.00000

   Energies (kJ/mol)
           Bond          Angle    Proper Dih. Per. Imp. Dih.          LJ-14
    7.40368e+03    1.93606e+04    2.41276e+04    1.15516e+03    8.77558e+03
     Coulomb-14        LJ (SR)  Disper. corr.   Coulomb (SR)   Coul. recip.
    1.03520e+05    5.06500e+05   -3.11834e+04   -4.17726e+06    2.36236e+04
      Potential    Kinetic En.   Total Energy  Conserved En.    Temperature
   -3.51398e+06    6.39304e+05   -2.87468e+06   -1.31930e+06    2.99824e+02
 Pres. DC (bar) Pressure (bar)   Constr. rmsd
   -2.02380e+02   -5.43052e+01    0.00000e+00

           Step           Time
       41100000    82200.00000

   Energies (kJ/mol)
           Bond          Angle    Proper Dih. Per. Imp. Dih.          LJ-14
    7.48592e+03    1.89828e+04    2.40978e+04    1.19042e+03    8.94321e+03
     Coulomb-14        LJ (SR)  Disper. corr.   Coulomb (SR)   Coul. recip.
    1.03451e+05    5.08040e+05   -3.12234e+04   -4.17968e+06    2.34473e+04
      Potential    Kinetic En.   Total Energy  Conserved En.    Temperature
   -3.51527e+06    6.40207e+05   -2.87506e+06   -1.31768e+06    3.00247e+02
 Pres. DC (bar) Pressure (bar)   Constr. rmsd
   -2.02900e+02    9.56863e+00    0.00000e+00

Writing checkpoint, step 41141600 at Wed Sep 30 07:42:39 2026


           Step           Time
       41150000    82300.00000

   Energies (kJ/mol)
           Bond          Angle    Proper Dih. Per. Imp. Dih.          LJ-14
    7.26929e+03    1.92828e+04    2.39952e+04    1.17474e+03    8.90692e+03
     Coulomb-14        LJ (SR)  Disper. corr.   Coulomb (SR)   Coul. recip.
    1.03529e+05    5.05803e+05   -3.12189e+04   -4.17850e+06    2.37088e+04
      Potential    Kinetic En.   Total Energy  Conserved En.    Temperature
   -3.51605e+06    6.37913e+05   -2.87814e+06   -1.31583e+06    2.99171e+02
 Pres. DC (bar) Pressure (bar)   Constr. rmsd
   -2.02841e+02   -4.53822e+01    0.00000e+00

           Step           Time
       41200000    82400.00000

   Energies (kJ/mol)
           Bond          Angle    Proper Dih. Per. Imp. Dih.          LJ-14
    7.29639e+03    1.91646e+04    2.42105e+04    1.22816e+03    8.87328e+03
     Coulomb-14        LJ (SR)  Disper. corr.   Coulomb (SR)   Coul. recip.
    1.03506e+05    5.06658e+05   -3.12539e+04   -4.17847e+06    2.34231e+04
      Potential    Kinetic En.   Total Energy  Conserved En.    Temperature
   -3.51536e+06    6.41026e+05   -2.87434e+06   -1.31404e+06    3.00631e+02
 Pres. DC (bar) Pressure (bar)   Constr. rmsd
   -2.03295e+02   -1.70941e+01    0.00000e+00

           Step           Time
       41250000    82500.00000

   Energies (kJ/mol)
           Bond          Angle    Proper Dih. Per. Imp. Dih.          LJ-14
    7.53761e+03    1.92269e+04    2.41574e+04    1.19399e+03    8.81389e+03
     Coulomb-14        LJ (SR)  Disper. corr.   Coulomb (SR)   Coul. recip.
    1.03108e+05    5.08570e+05   -3.12616e+04   -4.18306e+06    2.34439e+04
      Potential    Kinetic En.   Total Energy  Conserved En.    Temperature
   -3.51827e+06    6.38430e+05   -2.87984e+06   -1.31239e+06    2.99413e+02
 Pres. DC (bar) Pressure (bar)   Constr. rmsd
   -2.03396e+02    1.16768e-01    0.00000e+00

           Step           Time
       41300000    82600.00000

   Energies (kJ/mol)
           Bond          Angle    Proper Dih. Per. Imp. Dih.          LJ-14
    7.07042e+03    1.92406e+04    2.41655e+04    1.18347e+03    9.04827e+03
     Coulomb-14        LJ (SR)  Disper. corr.   Coulomb (SR)   Coul. recip.
    1.03572e+05    5.06125e+05   -3.12054e+04   -4.17785e+06    2.34424e+04
      Potential    Kinetic En.   Total Energy  Conserved En.    Temperature
   -3.51521e+06    6.38682e+05   -2.87652e+06   -1.31103e+06    2.99532e+02
 Pres. DC (bar) Pressure (bar)   Constr. rmsd
   -2.02666e+02   -1.16633e+00    0.00000e+00

           Step           Time
       41350000    82700.00000

   Energies (kJ/mol)
           Bond          Angle    Proper Dih. Per. Imp. Dih.          LJ-14
    7.23183e+03    1.93933e+04    2.41980e+04    1.12836e+03    8.92951e+03
     Coulomb-14        LJ (SR)  Disper. corr.   Coulomb (SR)   Coul. recip.
    1.03006e+05    5.05493e+05   -3.12379e+04   -4.17128e+06    2.36248e+04
      Potential    Kinetic En.   Total Energy  Conserved En.    Temperature
   -3.50951e+06    6.39481e+05   -2.87003e+06   -1.30924e+06    2.99906e+02
 Pres. DC (bar) Pressure (bar)   Constr. rmsd
   -2.03088e+02    3.73537e+01    0.00000e+00

           Step           Time
       41400000    82800.00000

   Energies (kJ/mol)
           Bond          Angle    Proper Dih. Per. Imp. Dih.          LJ-14
    7.35810e+03    1.91226e+04    2.39883e+04    1.18871e+03    9.03480e+03
     Coulomb-14        LJ (SR)  Disper. corr.   Coulomb (SR)   Coul. recip.
    1.02985e+05    5.06266e+05   -3.12760e+04   -4.17471e+06    2.37116e+04
      Potential    Kinetic En.   Total Energy  Conserved En.    Temperature
   -3.51233e+06    6.39899e+05   -2.87244e+06   -1.30703e+06    3.00102e+02
 Pres. DC (bar) Pressure (bar)   Constr. rmsd
   -2.03583e+02    5.23948e+01    0.00000e+00

           Step           Time
       41450000    82900.00000

   Energies (kJ/mol)
           Bond          Angle    Proper Dih. Per. Imp. Dih.          LJ-14
    7.16882e+03    1.92143e+04    2.41217e+04    1.23091e+03    8.91148e+03
     Coulomb-14        LJ (SR)  Disper. corr.   Coulomb (SR)   Coul. recip.
    1.03509e+05    5.08703e+05   -3.12037e+04   -4.17870e+06    2.36786e+04
      Potential    Kinetic En.   Total Energy  Conserved En.    Temperature
   -3.51336e+06    6.38844e+05   -2.87452e+06   -1.30485e+06    2.99608e+02
 Pres. DC (bar) Pressure (bar)   Constr. rmsd
   -2.02644e+02    3.57529e+01    0.00000e+00

Writing checkpoint, step 41483900 at Wed Sep 30 07:57:39 2026


           Step           Time
       41500000    83000.00000

   Energies (kJ/mol)
           Bond          Angle    Proper Dih. Per. Imp. Dih.          LJ-14
    7.63093e+03    1.90234e+04    2.41753e+04    1.16495e+03    8.83444e+03
     Coulomb-14        LJ (SR)  Disper. corr.   Coulomb (SR)   Coul. recip.
    1.03210e+05    5.05801e+05   -3.12215e+04   -4.18037e+06    2.35219e+04
      Potential    Kinetic En.   Total Energy  Conserved En.    Temperature
   -3.51823e+06    6.39724e+05   -2.87851e+06   -1.30300e+06    3.00020e+02
 Pres. DC (bar) Pressure (bar)   Constr. rmsd
   -2.02875e+02   -6.93876e+01    0.00000e+00

           Step           Time
       41550000    83100.00000

   Energies (kJ/mol)
           Bond          Angle    Proper Dih. Per. Imp. Dih.          LJ-14
    7.24720e+03    1.95153e+04    2.42560e+04    1.14705e+03    8.92815e+03
     Coulomb-14        LJ (SR)  Disper. corr.   Coulomb (SR)   Coul. recip.
    1.03102e+05    5.04525e+05   -3.11777e+04   -4.17374e+06    2.35736e+04
      Potential    Kinetic En.   Total Energy  Conserved En.    Temperature
   -3.51262e+06    6.40812e+05   -2.87181e+06   -1.30104e+06    3.00531e+02
 Pres. DC (bar) Pressure (bar)   Constr. rmsd
   -2.02307e+02   -4.82560e+01    0.00000e+00

           Step           Time
       41600000    83200.00000

   Energies (kJ/mol)
           Bond          Angle    Proper Dih. Per. Imp. Dih.          LJ-14
    7.38626e+03    1.91314e+04    2.40250e+04    1.22948e+03    8.74129e+03
     Coulomb-14        LJ (SR)  Disper. corr.   Coulomb (SR)   Coul. recip.
    1.03363e+05    5.06351e+05   -3.11353e+04   -4.17550e+06    2.36897e+04
      Potential    Kinetic En.   Total Energy  Conserved En.    Temperature
   -3.51271e+06    6.39794e+05   -2.87292e+06   -1.29894e+06    3.00053e+02
 Pres. DC (bar) Pressure (bar)   Constr. rmsd
   -2.01757e+02   -5.40202e+01    0.00000e+00

           Step           Time
       41650000    83300.00000

   Energies (kJ/mol)
           Bond          Angle    Proper Dih. Per. Imp. Dih.          LJ-14
    7.32221e+03    1.92404e+04    2.40585e+04    1.12898e+03    8.94240e+03
     Coulomb-14        LJ (SR)  Disper. corr.   Coulomb (SR)   Coul. recip.
    1.03506e+05    5.05788e+05   -3.11778e+04   -4.17484e+06    2.37666e+04
      Potential    Kinetic En.   Total Energy  Conserved En.    Temperature
   -3.51227e+06    6.37538e+05   -2.87473e+06   -1.29702e+06    2.98995e+02
 Pres. DC (bar) Pressure (bar)   Constr. rmsd
   -2.02308e+02   -1.86839e+01    0.00000e+00

           Step           Time
       41700000    83400.00000

   Energies (kJ/mol)
           Bond          Angle    Proper Dih. Per. Imp. Dih.          LJ-14
    7.12672e+03    1.89827e+04    2.40892e+04    1.21117e+03    8.88493e+03
     Coulomb-14        LJ (SR)  Disper. corr.   Coulomb (SR)   Coul. recip.
    1.03809e+05    5.06472e+05   -3.11480e+04   -4.17754e+06    2.35873e+04
      Potential    Kinetic En.   Total Energy  Conserved En.    Temperature
   -3.51453e+06    6.39420e+05   -2.87511e+06   -1.29535e+06    2.99878e+02
 Pres. DC (bar) Pressure (bar)   Constr. rmsd
   -2.01922e+02   -6.35905e+01    0.00000e+00

           Step           Time
       41750000    83500.00000

   Energies (kJ/mol)
           Bond          Angle    Proper Dih. Per. Imp. Dih.          LJ-14
    7.36253e+03    1.92025e+04    2.42708e+04    1.31147e+03    8.92174e+03
     Coulomb-14        LJ (SR)  Disper. corr.   Coulomb (SR)   Coul. recip.
    1.03668e+05    5.10097e+05   -3.12271e+04   -4.18044e+06    2.35121e+04
      Potential    Kinetic En.   Total Energy  Conserved En.    Temperature
   -3.51332e+06    6.40748e+05   -2.87257e+06   -1.29333e+06    3.00500e+02
 Pres. DC (bar) Pressure (bar)   Constr. rmsd
   -2.02948e+02    7.66953e+01    0.00000e+00

           Step           Time
       41800000    83600.00000

   Energies (kJ/mol)
           Bond          Angle    Proper Dih. Per. Imp. Dih.          LJ-14
    7.33966e+03    1.93801e+04    2.39718e+04    1.23846e+03    8.97710e+03
     Coulomb-14        LJ (SR)  Disper. corr.   Coulomb (SR)   Coul. recip.
    1.03002e+05    5.09411e+05   -3.12826e+04   -4.17880e+06    2.35364e+04
      Potential    Kinetic En.   Total Energy  Conserved En.    Temperature
   -3.51322e+06    6.40536e+05   -2.87269e+06   -1.29171e+06    3.00401e+02
 Pres. DC (bar) Pressure (bar)   Constr. rmsd
   -2.03669e+02    1.27535e+02    0.00000e+00

Writing checkpoint, step 41818700 at Wed Sep 30 08:12:39 2026


           Step           Time
       41850000    83700.00000

   Energies (kJ/mol)
           Bond          Angle    Proper Dih. Per. Imp. Dih.          LJ-14
    7.61252e+03    1.92764e+04    2.40586e+04    1.24522e+03    8.89266e+03
     Coulomb-14        LJ (SR)  Disper. corr.   Coulomb (SR)   Coul. recip.
    1.03031e+05    5.09662e+05   -3.11984e+04   -4.18039e+06    2.36677e+04
      Potential    Kinetic En.   Total Energy  Conserved En.    Temperature
   -3.51415e+06    6.41720e+05   -2.87243e+06   -1.28920e+06    3.00956e+02
 Pres. DC (bar) Pressure (bar)   Constr. rmsd
   -2.02575e+02    8.36676e+01    0.00000e+00

           Step           Time
       41900000    83800.00000

   Energies (kJ/mol)
           Bond          Angle    Proper Dih. Per. Imp. Dih.          LJ-14
    7.29747e+03    1.95131e+04    2.41810e+04    1.19322e+03    8.97697e+03
     Coulomb-14        LJ (SR)  Disper. corr.   Coulomb (SR)   Coul. recip.
    1.03382e+05    5.06095e+05   -3.12333e+04   -4.17531e+06    2.36946e+04
      Potential    Kinetic En.   Total Energy  Conserved En.    Temperature
   -3.51221e+06    6.40718e+05   -2.87150e+06   -1.28787e+06    3.00486e+02
 Pres. DC (bar) Pressure (bar)   Constr. rmsd
   -2.03028e+02    3.65208e+01    0.00000e+00

           Step           Time
       41950000    83900.00000

   Energies (kJ/mol)
           Bond          Angle    Proper Dih. Per. Imp. Dih.          LJ-14
    7.44348e+03    1.90769e+04    2.38595e+04    1.17163e+03    8.86077e+03
     Coulomb-14        LJ (SR)  Disper. corr.   Coulomb (SR)   Coul. recip.
    1.03345e+05    5.03144e+05   -3.11032e+04   -4.17206e+06    2.36853e+04
      Potential    Kinetic En.   Total Energy  Conserved En.    Temperature
   -3.51257e+06    6.39324e+05   -2.87325e+06   -1.28535e+06    2.99833e+02
 Pres. DC (bar) Pressure (bar)   Constr. rmsd
   -2.01343e+02   -1.28190e+02    0.00000e+00

           Step           Time
       42000000    84000.00000

   Energies (kJ/mol)
           Bond          Angle    Proper Dih. Per. Imp. Dih.          LJ-14
    7.31844e+03    1.92882e+04    2.41725e+04    1.22332e+03    8.89571e+03
     Coulomb-14        LJ (SR)  Disper. corr.   Coulomb (SR)   Coul. recip.
    1.03260e+05    5.03831e+05   -3.11805e+04   -4.17152e+06    2.34321e+04
      Potential    Kinetic En.   Total Energy  Conserved En.    Temperature
   -3.51128e+06    6.40434e+05   -2.87085e+06   -1.28355e+06    3.00353e+02
 Pres. DC (bar) Pressure (bar)   Constr. rmsd
   -2.02343e+02   -5.46620e+01    0.00000e+00

           Step           Time
       42050000    84100.00000

   Energies (kJ/mol)
           Bond          Angle    Proper Dih. Per. Imp. Dih.          LJ-14
    7.27614e+03    1.92070e+04    2.41019e+04    1.16615e+03    8.86230e+03
     Coulomb-14        LJ (SR)  Disper. corr.   Coulomb (SR)   Coul. recip.
    1.03448e+05    5.04670e+05   -3.11366e+04   -4.17676e+06    2.32835e+04
      Potential    Kinetic En.   Total Energy  Conserved En.    Temperature
   -3.51588e+06    6.38848e+05   -2.87704e+06   -1.28125e+06    2.99610e+02
 Pres. DC (bar) Pressure (bar)   Constr. rmsd
   -2.01774e+02   -7.14231e+01    0.00000e+00

           Step           Time
       42100000    84200.00000

   Energies (kJ/mol)
           Bond          Angle    Proper Dih. Per. Imp. Dih.          LJ-14
    7.21552e+03    1.90830e+04    2.41547e+04    1.17247e+03    8.83786e+03
     Coulomb-14        LJ (SR)  Disper. corr.   Coulomb (SR)   Coul. recip.
    1.03273e+05    5.07223e+05   -3.11854e+04   -4.17704e+06    2.36909e+04
      Potential    Kinetic En.   Total Energy  Conserved En.    Temperature
   -3.51357e+06    6.41432e+05   -2.87214e+06   -1.27973e+06    3.00821e+02
 Pres. DC (bar) Pressure (bar)   Constr. rmsd
   -2.02407e+02    3.40472e-01    0.00000e+00

           Step           Time
       42150000    84300.00000

   Energies (kJ/mol)
           Bond          Angle    Proper Dih. Per. Imp. Dih.          LJ-14
    7.19158e+03    1.90445e+04    2.41649e+04    1.15654e+03    8.96223e+03
     Coulomb-14        LJ (SR)  Disper. corr.   Coulomb (SR)   Coul. recip.
    1.03404e+05    5.07110e+05   -3.12255e+04   -4.17726e+06    2.34828e+04
      Potential    Kinetic En.   Total Energy  Conserved En.    Temperature
   -3.51397e+06    6.39173e+05   -2.87479e+06   -1.27761e+06    2.99762e+02
 Pres. DC (bar) Pressure (bar)   Constr. rmsd
   -2.02927e+02    2.83761e+01    0.00000e+00

Writing checkpoint, step 42160400 at Wed Sep 30 08:27:39 2026


           Step           Time
       42200000    84400.00000

   Energies (kJ/mol)
           Bond          Angle    Proper Dih. Per. Imp. Dih.          LJ-14
    7.14332e+03    1.91938e+04    2.42720e+04    1.25468e+03    8.82234e+03
     Coulomb-14        LJ (SR)  Disper. corr.   Coulomb (SR)   Coul. recip.
    1.03107e+05    5.08822e+05   -3.11447e+04   -4.18048e+06    2.35327e+04
      Potential    Kinetic En.   Total Energy  Conserved En.    Temperature
   -3.51548e+06    6.38698e+05   -2.87678e+06   -1.27526e+06    2.99539e+02
 Pres. DC (bar) Pressure (bar)   Constr. rmsd
   -2.01880e+02   -1.73089e+00    0.00000e+00

           Step           Time
       42250000    84500.00000

   Energies (kJ/mol)
           Bond          Angle    Proper Dih. Per. Imp. Dih.          LJ-14
    7.48949e+03    1.97621e+04    2.42375e+04    1.13855e+03    8.83996e+03
     Coulomb-14        LJ (SR)  Disper. corr.   Coulomb (SR)   Coul. recip.
    1.03254e+05    5.07249e+05   -3.11649e+04   -4.17506e+06    2.35847e+04
      Potential    Kinetic En.   Total Energy  Conserved En.    Temperature
   -3.51067e+06    6.40815e+05   -2.86986e+06   -1.27295e+06    3.00532e+02
 Pres. DC (bar) Pressure (bar)   Constr. rmsd
   -2.02141e+02   -1.54637e+00    0.00000e+00

           Step           Time
       42300000    84600.00000

   Energies (kJ/mol)
           Bond          Angle    Proper Dih. Per. Imp. Dih.          LJ-14
    7.21868e+03    1.92586e+04    2.40124e+04    1.17333e+03    8.90339e+03
     Coulomb-14        LJ (SR)  Disper. corr.   Coulomb (SR)   Coul. recip.
    1.03602e+05    5.05654e+05   -3.11360e+04   -4.17479e+06    2.37535e+04
      Potential    Kinetic En.   Total Energy  Conserved En.    Temperature
   -3.51235e+06    6.41366e+05   -2.87098e+06   -1.27118e+06    3.00790e+02
 Pres. DC (bar) Pressure (bar)   Constr. rmsd
   -2.01766e+02   -1.96299e+01    0.00000e+00

           Step           Time
       42350000    84700.00000

   Energies (kJ/mol)
           Bond          Angle    Proper Dih. Per. Imp. Dih.          LJ-14
    7.18280e+03    1.91688e+04    2.40421e+04    1.19022e+03    8.95324e+03
     Coulomb-14        LJ (SR)  Disper. corr.   Coulomb (SR)   Coul. recip.
    1.03578e+05    5.09725e+05   -3.12186e+04   -4.17770e+06    2.34331e+04
      Potential    Kinetic En.   Total Energy  Conserved En.    Temperature
   -3.51164e+06    6.40662e+05   -2.87098e+06   -1.26947e+06    3.00460e+02
 Pres. DC (bar) Pressure (bar)   Constr. rmsd
   -2.02837e+02    8.16691e+01    0.00000e+00

           Step           Time
       42400000    84800.00000

   Energies (kJ/mol)
           Bond          Angle    Proper Dih. Per. Imp. Dih.          LJ-14
    7.31306e+03    1.92487e+04    2.41410e+04    1.19554e+03    8.85319e+03
     Coulomb-14        LJ (SR)  Disper. corr.   Coulomb (SR)   Coul. recip.
    1.03156e+05    5.06303e+05   -3.11510e+04   -4.17520e+06    2.34608e+04
      Potential    Kinetic En.   Total Energy  Conserved En.    Temperature
   -3.51268e+06    6.41103e+05   -2.87157e+06   -1.26729e+06    3.00667e+02
 Pres. DC (bar) Pressure (bar)   Constr. rmsd
   -2.01961e+02   -1.04194e+00    0.00000e+00

           Step           Time
       42450000    84900.00000

   Energies (kJ/mol)
           Bond          Angle    Proper Dih. Per. Imp. Dih.          LJ-14
    7.62408e+03    1.92551e+04    2.41091e+04    1.27597e+03    8.92516e+03
     Coulomb-14        LJ (SR)  Disper. corr.   Coulomb (SR)   Coul. recip.
    1.03183e+05    5.05132e+05   -3.11941e+04   -4.17517e+06    2.35625e+04
      Potential    Kinetic En.   Total Energy  Conserved En.    Temperature
   -3.51330e+06    6.40164e+05   -2.87313e+06   -1.26510e+06    3.00227e+02
 Pres. DC (bar) Pressure (bar)   Constr. rmsd
   -2.02519e+02   -4.65881e+01    0.00000e+00

           Step           Time
       42500000    85000.00000

   Energies (kJ/mol)
           Bond          Angle    Proper Dih. Per. Imp. Dih.          LJ-14
    7.38113e+03    1.90367e+04    2.41749e+04    1.18878e+03    8.82548e+03
     Coulomb-14        LJ (SR)  Disper. corr.   Coulomb (SR)   Coul. recip.
    1.03700e+05    5.05616e+05   -3.11392e+04   -4.17530e+06    2.38731e+04
      Potential    Kinetic En.   Total Energy  Conserved En.    Temperature
   -3.51265e+06    6.38589e+05   -2.87406e+06   -1.26341e+06    2.99488e+02
 Pres. DC (bar) Pressure (bar)   Constr. rmsd
   -2.01808e+02   -7.74625e+01    0.00000e+00

Writing checkpoint, step 42501800 at Wed Sep 30 08:42:39 2026


           Step           Time
       42550000    85100.00000

   Energies (kJ/mol)
           Bond          Angle    Proper Dih. Per. Imp. Dih.          LJ-14
    7.33683e+03    1.89144e+04    2.41935e+04    1.21839e+03    8.92769e+03
     Coulomb-14        LJ (SR)  Disper. corr.   Coulomb (SR)   Coul. recip.
    1.03544e+05    5.04375e+05   -3.11973e+04   -4.17422e+06    2.37086e+04
      Potential    Kinetic En.   Total Energy  Conserved En.    Temperature
   -3.51320e+06    6.40441e+05   -2.87276e+06   -1.26167e+06    3.00356e+02
 Pres. DC (bar) Pressure (bar)   Constr. rmsd
   -2.02560e+02   -2.59310e+01    0.00000e+00

           Step           Time
       42600000    85200.00000

   Energies (kJ/mol)
           Bond          Angle    Proper Dih. Per. Imp. Dih.          LJ-14
    7.24481e+03    1.92595e+04    2.43109e+04    1.20979e+03    9.06016e+03
     Coulomb-14        LJ (SR)  Disper. corr.   Coulomb (SR)   Coul. recip.
    1.03512e+05    5.08389e+05   -3.12942e+04   -4.17881e+06    2.35069e+04
      Potential    Kinetic En.   Total Energy  Conserved En.    Temperature
   -3.51361e+06    6.39432e+05   -2.87418e+06   -1.26013e+06    2.99883e+02
 Pres. DC (bar) Pressure (bar)   Constr. rmsd
   -2.03819e+02    1.04579e+02    0.00000e+00

           Step           Time
       42650000    85300.00000

   Energies (kJ/mol)
           Bond          Angle    Proper Dih. Per. Imp. Dih.          LJ-14
    7.47915e+03    1.92727e+04    2.42331e+04    1.13863e+03    9.01795e+03
     Coulomb-14        LJ (SR)  Disper. corr.   Coulomb (SR)   Coul. recip.
    1.02973e+05    5.08841e+05   -3.12219e+04   -4.17962e+06    2.36131e+04
      Potential    Kinetic En.   Total Energy  Conserved En.    Temperature
   -3.51428e+06    6.40685e+05   -2.87359e+06   -1.25870e+06    3.00471e+02
 Pres. DC (bar) Pressure (bar)   Constr. rmsd
   -2.02880e+02    7.42710e+01    0.00000e+00

           Step           Time
       42700000    85400.00000

   Energies (kJ/mol)
           Bond          Angle    Proper Dih. Per. Imp. Dih.          LJ-14
    7.35664e+03    1.97732e+04    2.41677e+04    1.20293e+03    8.74810e+03
     Coulomb-14        LJ (SR)  Disper. corr.   Coulomb (SR)   Coul. recip.
    1.02946e+05    5.02941e+05   -3.11662e+04   -4.16972e+06    2.32421e+04
      Potential    Kinetic En.   Total Energy  Conserved En.    Temperature
   -3.51051e+06    6.38980e+05   -2.87153e+06   -1.25569e+06    2.99671e+02
 Pres. DC (bar) Pressure (bar)   Constr. rmsd
   -2.02158e+02   -9.19762e+01    0.00000e+00

           Step           Time
       42750000    85500.00000

   Energies (kJ/mol)
           Bond          Angle    Proper Dih. Per. Imp. Dih.          LJ-14
    7.20670e+03    1.93404e+04    2.40409e+04    1.07717e+03    8.88883e+03
     Coulomb-14        LJ (SR)  Disper. corr.   Coulomb (SR)   Coul. recip.
    1.02940e+05    5.09313e+05   -3.12270e+04   -4.18013e+06    2.36049e+04
      Potential    Kinetic En.   Total Energy  Conserved En.    Temperature
   -3.51495e+06    6.38738e+05   -2.87621e+06   -1.25342e+06    2.99558e+02
 Pres. DC (bar) Pressure (bar)   Constr. rmsd
   -2.02946e+02    4.39712e+01    0.00000e+00

           Step           Time
       42800000    85600.00000

   Energies (kJ/mol)
           Bond          Angle    Proper Dih. Per. Imp. Dih.          LJ-14
    7.47901e+03    1.92943e+04    2.40449e+04    1.19153e+03    8.95699e+03
     Coulomb-14        LJ (SR)  Disper. corr.   Coulomb (SR)   Coul. recip.
    1.03106e+05    5.07048e+05   -3.10722e+04   -4.17410e+06    2.38331e+04
      Potential    Kinetic En.   Total Energy  Conserved En.    Temperature
   -3.51022e+06    6.39064e+05   -2.87115e+06   -1.25128e+06    2.99711e+02
 Pres. DC (bar) Pressure (bar)   Constr. rmsd
   -2.00942e+02   -3.19499e+01    0.00000e+00

Writing checkpoint, step 42843200 at Wed Sep 30 08:57:39 2026


           Step           Time
       42850000    85700.00000

   Energies (kJ/mol)
           Bond          Angle    Proper Dih. Per. Imp. Dih.          LJ-14
    7.43608e+03    1.86676e+04    2.41552e+04    1.16826e+03    8.85333e+03
     Coulomb-14        LJ (SR)  Disper. corr.   Coulomb (SR)   Coul. recip.
    1.03308e+05    5.04760e+05   -3.11567e+04   -4.17539e+06    2.34213e+04
      Potential    Kinetic En.   Total Energy  Conserved En.    Temperature
   -3.51478e+06    6.39584e+05   -2.87519e+06   -1.24951e+06    2.99955e+02
 Pres. DC (bar) Pressure (bar)   Constr. rmsd
   -2.02035e+02   -5.34603e+01    0.00000e+00

           Step           Time
       42900000    85800.00000

   Energies (kJ/mol)
           Bond          Angle    Proper Dih. Per. Imp. Dih.          LJ-14
    7.45864e+03    1.96648e+04    2.41104e+04    1.12834e+03    8.83243e+03
     Coulomb-14        LJ (SR)  Disper. corr.   Coulomb (SR)   Coul. recip.
    1.02958e+05    5.07903e+05   -3.11476e+04   -4.17779e+06    2.35156e+04
      Potential    Kinetic En.   Total Energy  Conserved En.    Temperature
   -3.51336e+06    6.42926e+05   -2.87044e+06   -1.24773e+06    3.01522e+02
 Pres. DC (bar) Pressure (bar)   Constr. rmsd
   -2.01917e+02   -4.20634e+01    0.00000e+00

           Step           Time
       42950000    85900.00000

   Energies (kJ/mol)
           Bond          Angle    Proper Dih. Per. Imp. Dih.          LJ-14
    7.61257e+03    1.95534e+04    2.40409e+04    1.10700e+03    8.77929e+03
     Coulomb-14        LJ (SR)  Disper. corr.   Coulomb (SR)   Coul. recip.
    1.03121e+05    5.03860e+05   -3.12038e+04   -4.17342e+06    2.37707e+04
      Potential    Kinetic En.   Total Energy  Conserved En.    Temperature
   -3.51278e+06    6.41151e+05   -2.87163e+06   -1.24566e+06    3.00690e+02
 Pres. DC (bar) Pressure (bar)   Constr. rmsd
   -2.02645e+02   -8.85390e+01    0.00000e+00

           Step           Time
       43000000    86000.00000

   Energies (kJ/mol)
           Bond          Angle    Proper Dih. Per. Imp. Dih.          LJ-14
    7.35545e+03    1.93411e+04    2.39269e+04    1.12352e+03    8.87317e+03
     Coulomb-14        LJ (SR)  Disper. corr.   Coulomb (SR)   Coul. recip.
    1.03192e+05    5.12101e+05   -3.12939e+04   -4.18658e+06    2.32860e+04
      Potential    Kinetic En.   Total Energy  Conserved En.    Temperature
   -3.51867e+06    6.39554e+05   -2.87912e+06   -1.24360e+06    2.99941e+02
 Pres. DC (bar) Pressure (bar)   Constr. rmsd
   -2.03815e+02    1.17411e+02    0.00000e+00

           Step           Time
       43050000    86100.00000

   Energies (kJ/mol)
           Bond          Angle    Proper Dih. Per. Imp. Dih.          LJ-14
    7.26106e+03    1.91699e+04    2.40555e+04    1.17726e+03    8.96699e+03
     Coulomb-14        LJ (SR)  Disper. corr.   Coulomb (SR)   Coul. recip.
    1.03173e+05    5.11803e+05   -3.12022e+04   -4.18451e+06    2.34540e+04
      Potential    Kinetic En.   Total Energy  Conserved En.    Temperature
   -3.51666e+06    6.38544e+05   -2.87811e+06   -1.24185e+06    2.99467e+02
 Pres. DC (bar) Pressure (bar)   Constr. rmsd
   -2.02624e+02    6.29712e+01    0.00000e+00

           Step           Time
       43100000    86200.00000

   Energies (kJ/mol)
           Bond          Angle    Proper Dih. Per. Imp. Dih.          LJ-14
    7.59719e+03    1.93610e+04    2.41035e+04    1.18488e+03    9.08011e+03
     Coulomb-14        LJ (SR)  Disper. corr.   Coulomb (SR)   Coul. recip.
    1.02874e+05    5.07729e+05   -3.12304e+04   -4.17659e+06    2.36906e+04
      Potential    Kinetic En.   Total Energy  Conserved En.    Temperature
   -3.51220e+06    6.38994e+05   -2.87321e+06   -1.24027e+06    2.99678e+02
 Pres. DC (bar) Pressure (bar)   Constr. rmsd
   -2.02991e+02    3.88548e+01    0.00000e+00

           Step           Time
       43150000    86300.00000

   Energies (kJ/mol)
           Bond          Angle    Proper Dih. Per. Imp. Dih.          LJ-14
    7.18155e+03    1.94788e+04    2.42153e+04    1.14934e+03    8.92895e+03
     Coulomb-14        LJ (SR)  Disper. corr.   Coulomb (SR)   Coul. recip.
    1.02901e+05    5.08800e+05   -3.11456e+04   -4.17995e+06    2.37409e+04
      Potential    Kinetic En.   Total Energy  Conserved En.    Temperature
   -3.51470e+06    6.41597e+05   -2.87310e+06   -1.23879e+06    3.00899e+02
 Pres. DC (bar) Pressure (bar)   Constr. rmsd
   -2.01891e+02    5.90629e+00    0.00000e+00

Writing checkpoint, step 43184100 at Wed Sep 30 09:12:39 2026


           Step           Time
       43200000    86400.00000

   Energies (kJ/mol)
           Bond          Angle    Proper Dih. Per. Imp. Dih.          LJ-14
    7.20475e+03    1.90061e+04    2.40772e+04    1.16003e+03    8.84259e+03
     Coulomb-14        LJ (SR)  Disper. corr.   Coulomb (SR)   Coul. recip.
    1.03016e+05    5.07772e+05   -3.11855e+04   -4.17705e+06    2.35998e+04
      Potential    Kinetic En.   Total Energy  Conserved En.    Temperature
   -3.51355e+06    6.39579e+05   -2.87398e+06   -1.23746e+06    2.99952e+02
 Pres. DC (bar) Pressure (bar)   Constr. rmsd
   -2.02408e+02    2.83211e-01    0.00000e+00

           Step           Time
       43250000    86500.00000

   Energies (kJ/mol)
           Bond          Angle    Proper Dih. Per. Imp. Dih.          LJ-14
    7.47086e+03    1.95595e+04    2.40940e+04    1.21131e+03    8.79932e+03
     Coulomb-14        LJ (SR)  Disper. corr.   Coulomb (SR)   Coul. recip.
    1.02264e+05    5.08266e+05   -3.12174e+04   -4.17716e+06    2.38076e+04
      Potential    Kinetic En.   Total Energy  Conserved En.    Temperature
   -3.51290e+06    6.40742e+05   -2.87216e+06   -1.23533e+06    3.00498e+02
 Pres. DC (bar) Pressure (bar)   Constr. rmsd
   -2.02821e+02    2.19793e+01    0.00000e+00

           Step           Time
       43300000    86600.00000

   Energies (kJ/mol)
           Bond          Angle    Proper Dih. Per. Imp. Dih.          LJ-14
    7.37085e+03    1.91443e+04    2.42380e+04    1.28525e+03    8.96519e+03
     Coulomb-14        LJ (SR)  Disper. corr.   Coulomb (SR)   Coul. recip.
    1.02652e+05    5.10876e+05   -3.12409e+04   -4.18224e+06    2.35114e+04
      Potential    Kinetic En.   Total Energy  Conserved En.    Temperature
   -3.51544e+06    6.39621e+05   -2.87582e+06   -1.23362e+06    2.99972e+02
 Pres. DC (bar) Pressure (bar)   Constr. rmsd
   -2.03126e+02    1.02284e+02    0.00000e+00

           Step           Time
       43350000    86700.00000

   Energies (kJ/mol)
           Bond          Angle    Proper Dih. Per. Imp. Dih.          LJ-14
    7.37393e+03    1.93875e+04    2.41392e+04    1.25909e+03    8.91958e+03
     Coulomb-14        LJ (SR)  Disper. corr.   Coulomb (SR)   Coul. recip.
    1.03105e+05    5.06229e+05   -3.11028e+04   -4.17154e+06    2.37085e+04
      Potential    Kinetic En.   Total Energy  Conserved En.    Temperature
   -3.50852e+06    6.40388e+05   -2.86813e+06   -1.23134e+06    3.00332e+02
 Pres. DC (bar) Pressure (bar)   Constr. rmsd
   -2.01336e+02   -1.70909e+01    0.00000e+00

           Step           Time
       43400000    86800.00000

   Energies (kJ/mol)
           Bond          Angle    Proper Dih. Per. Imp. Dih.          LJ-14
    7.34988e+03    1.92850e+04    2.38501e+04    1.13399e+03    8.79156e+03
     Coulomb-14        LJ (SR)  Disper. corr.   Coulomb (SR)   Coul. recip.
    1.02727e+05    5.06479e+05   -3.11902e+04   -4.17547e+06    2.38270e+04
      Potential    Kinetic En.   Total Energy  Conserved En.    Temperature
   -3.51322e+06    6.40168e+05   -2.87305e+06   -1.22907e+06    3.00229e+02
 Pres. DC (bar) Pressure (bar)   Constr. rmsd
   -2.02469e+02   -2.46745e+01    0.00000e+00

           Step           Time
       43450000    86900.00000

   Energies (kJ/mol)
           Bond          Angle    Proper Dih. Per. Imp. Dih.          LJ-14
    7.31498e+03    1.94977e+04    2.40759e+04    1.23979e+03    8.88915e+03
     Coulomb-14        LJ (SR)  Disper. corr.   Coulomb (SR)   Coul. recip.
    1.02799e+05    5.06454e+05   -3.11644e+04   -4.17425e+06    2.37425e+04
      Potential    Kinetic En.   Total Energy  Conserved En.    Temperature
   -3.51140e+06    6.40189e+05   -2.87121e+06   -1.22741e+06    3.00238e+02
 Pres. DC (bar) Pressure (bar)   Constr. rmsd
   -2.02134e+02   -1.28795e+01    0.00000e+00

           Step           Time
       43500000    87000.00000

   Energies (kJ/mol)
           Bond          Angle    Proper Dih. Per. Imp. Dih.          LJ-14
    7.51686e+03    1.92610e+04    2.42470e+04    1.12513e+03    8.73256e+03
     Coulomb-14        LJ (SR)  Disper. corr.   Coulomb (SR)   Coul. recip.
    1.02780e+05    5.08779e+05   -3.12154e+04   -4.17934e+06    2.35696e+04
      Potential    Kinetic En.   Total Energy  Conserved En.    Temperature
   -3.51454e+06    6.39532e+05   -2.87501e+06   -1.22568e+06    2.99930e+02
 Pres. DC (bar) Pressure (bar)   Constr. rmsd
   -2.02795e+02    6.36946e+00    0.00000e+00

Writing checkpoint, step 43525100 at Wed Sep 30 09:27:39 2026


           Step           Time
       43550000    87100.00000

   Energies (kJ/mol)
           Bond          Angle    Proper Dih. Per. Imp. Dih.          LJ-14
    7.37611e+03    1.95290e+04    2.40339e+04    1.25969e+03    8.80510e+03
     Coulomb-14        LJ (SR)  Disper. corr.   Coulomb (SR)   Coul. recip.
    1.02551e+05    5.06935e+05   -3.12368e+04   -4.17625e+06    2.36162e+04
      Potential    Kinetic En.   Total Energy  Conserved En.    Temperature
   -3.51338e+06    6.39784e+05   -2.87360e+06   -1.22408e+06    3.00049e+02
 Pres. DC (bar) Pressure (bar)   Constr. rmsd
   -2.03074e+02   -1.48612e+01    0.00000e+00

           Step           Time
       43600000    87200.00000

   Energies (kJ/mol)
           Bond          Angle    Proper Dih. Per. Imp. Dih.          LJ-14
    7.21120e+03    1.91355e+04    2.41733e+04    1.21100e+03    8.85522e+03
     Coulomb-14        LJ (SR)  Disper. corr.   Coulomb (SR)   Coul. recip.
    1.03271e+05    5.08648e+05   -3.11890e+04   -4.17852e+06    2.35367e+04
      Potential    Kinetic En.   Total Energy  Conserved En.    Temperature
   -3.51367e+06    6.39587e+05   -2.87408e+06   -1.22076e+06    2.99956e+02
 Pres. DC (bar) Pressure (bar)   Constr. rmsd
   -2.02453e+02    3.57092e+01    0.00000e+00

           Step           Time
       43650000    87300.00000

   Energies (kJ/mol)
           Bond          Angle    Proper Dih. Per. Imp. Dih.          LJ-14
    7.41000e+03    1.91821e+04    2.40363e+04    1.20258e+03    8.92746e+03
     Coulomb-14        LJ (SR)  Disper. corr.   Coulomb (SR)   Coul. recip.
    1.02796e+05    5.02407e+05   -3.11304e+04   -4.16936e+06    2.36949e+04
      Potential    Kinetic En.   Total Energy  Conserved En.    Temperature
   -3.51084e+06    6.38834e+05   -2.87200e+06   -1.21889e+06    2.99603e+02
 Pres. DC (bar) Pressure (bar)   Constr. rmsd
   -2.01694e+02   -1.11969e+02    0.00000e+00

           Step           Time
       43700000    87400.00000

   Energies (kJ/mol)
           Bond          Angle    Proper Dih. Per. Imp. Dih.          LJ-14
    7.39534e+03    1.93076e+04    2.40283e+04    1.20613e+03    8.95636e+03
     Coulomb-14        LJ (SR)  Disper. corr.   Coulomb (SR)   Coul. recip.
    1.02683e+05    5.05958e+05   -3.11255e+04   -4.17524e+06    2.38335e+04
      Potential    Kinetic En.   Total Energy  Conserved En.    Temperature
   -3.51300e+06    6.38824e+05   -2.87418e+06   -1.21732e+06    2.99598e+02
 Pres. DC (bar) Pressure (bar)   Constr. rmsd
   -2.01631e+02   -1.08737e+01    0.00000e+00

           Step           Time
       43750000    87500.00000

   Energies (kJ/mol)
           Bond          Angle    Proper Dih. Per. Imp. Dih.          LJ-14
    7.12219e+03    1.92900e+04    2.41881e+04    1.24725e+03    8.92880e+03
     Coulomb-14        LJ (SR)  Disper. corr.   Coulomb (SR)   Coul. recip.
    1.02420e+05    5.07669e+05   -3.11909e+04   -4.17749e+06    2.33850e+04
      Potential    Kinetic En.   Total Energy  Conserved En.    Temperature
   -3.51443e+06    6.38955e+05   -2.87548e+06   -1.21561e+06    2.99660e+02
 Pres. DC (bar) Pressure (bar)   Constr. rmsd
   -2.02478e+02    1.72176e+01    0.00000e+00

           Step           Time
       43800000    87600.00000

   Energies (kJ/mol)
           Bond          Angle    Proper Dih. Per. Imp. Dih.          LJ-14
    7.35328e+03    1.90650e+04    2.39458e+04    1.13800e+03    8.95643e+03
     Coulomb-14        LJ (SR)  Disper. corr.   Coulomb (SR)   Coul. recip.
    1.02900e+05    5.05309e+05   -3.11788e+04   -4.17196e+06    2.35781e+04
      Potential    Kinetic En.   Total Energy  Conserved En.    Temperature
   -3.51090e+06    6.39267e+05   -2.87163e+06   -1.21332e+06    2.99806e+02
 Pres. DC (bar) Pressure (bar)   Constr. rmsd
   -2.02320e+02   -3.33544e+01    0.00000e+00

           Step           Time
       43850000    87700.00000

   Energies (kJ/mol)
           Bond          Angle    Proper Dih. Per. Imp. Dih.          LJ-14
    7.48381e+03    1.87832e+04    2.41088e+04    1.20351e+03    8.91560e+03
     Coulomb-14        LJ (SR)  Disper. corr.   Coulomb (SR)   Coul. recip.
    1.03026e+05    5.11515e+05   -3.12512e+04   -4.18618e+06    2.34507e+04
      Potential    Kinetic En.   Total Energy  Conserved En.    Temperature
   -3.51895e+06    6.40472e+05   -2.87848e+06   -1.21167e+06    3.00371e+02
 Pres. DC (bar) Pressure (bar)   Constr. rmsd
   -2.03260e+02    9.64307e+01    0.00000e+00

Writing checkpoint, step 43865800 at Wed Sep 30 09:42:39 2026


           Step           Time
       43900000    87800.00000

   Energies (kJ/mol)
           Bond          Angle    Proper Dih. Per. Imp. Dih.          LJ-14
    7.43114e+03    1.96224e+04    2.41313e+04    1.18577e+03    8.90322e+03
     Coulomb-14        LJ (SR)  Disper. corr.   Coulomb (SR)   Coul. recip.
    1.02902e+05    5.07815e+05   -3.12927e+04   -4.17516e+06    2.36276e+04
      Potential    Kinetic En.   Total Energy  Conserved En.    Temperature
   -3.51084e+06    6.40039e+05   -2.87080e+06   -1.20965e+06    3.00168e+02
 Pres. DC (bar) Pressure (bar)   Constr. rmsd
   -2.03801e+02    1.07032e+02    0.00000e+00

           Step           Time
       43950000    87900.00000

   Energies (kJ/mol)
           Bond          Angle    Proper Dih. Per. Imp. Dih.          LJ-14
    7.20354e+03    1.91281e+04    2.40991e+04    1.16042e+03    8.91555e+03
     Coulomb-14        LJ (SR)  Disper. corr.   Coulomb (SR)   Coul. recip.
    1.03384e+05    5.06055e+05   -3.12169e+04   -4.17518e+06    2.34915e+04
      Potential    Kinetic En.   Total Energy  Conserved En.    Temperature
   -3.51296e+06    6.40276e+05   -2.87269e+06   -1.20785e+06    3.00279e+02
 Pres. DC (bar) Pressure (bar)   Constr. rmsd
   -2.02815e+02   -7.54979e+00    0.00000e+00

           Step           Time
       44000000    88000.00000

   Energies (kJ/mol)
           Bond          Angle    Proper Dih. Per. Imp. Dih.          LJ-14
    7.16159e+03    1.90010e+04    2.38484e+04    1.19729e+03    8.93197e+03
     Coulomb-14        LJ (SR)  Disper. corr.   Coulomb (SR)   Coul. recip.
    1.03191e+05    5.09235e+05   -3.11831e+04   -4.18014e+06    2.38400e+04
      Potential    Kinetic En.   Total Energy  Conserved En.    Temperature
   -3.51492e+06    6.38384e+05   -2.87654e+06   -1.20511e+06    2.99392e+02
 Pres. DC (bar) Pressure (bar)   Constr. rmsd
   -2.02376e+02    2.22642e+01    0.00000e+00

           Step           Time
       44050000    88100.00000

   Energies (kJ/mol)
           Bond          Angle    Proper Dih. Per. Imp. Dih.          LJ-14
    7.40865e+03    1.94453e+04    2.40988e+04    1.20107e+03    8.87893e+03
     Coulomb-14        LJ (SR)  Disper. corr.   Coulomb (SR)   Coul. recip.
    1.03207e+05    5.03806e+05   -3.11305e+04   -4.17074e+06    2.34610e+04
      Potential    Kinetic En.   Total Energy  Conserved En.    Temperature
   -3.51037e+06    6.40490e+05   -2.86988e+06   -1.20351e+06    3.00380e+02
 Pres. DC (bar) Pressure (bar)   Constr. rmsd
   -2.01695e+02   -8.33280e+01    0.00000e+00

           Step           Time
       44100000    88200.00000

   Energies (kJ/mol)
           Bond          Angle    Proper Dih. Per. Imp. Dih.          LJ-14
    7.40248e+03    1.90237e+04    2.42358e+04    1.20537e+03    8.96267e+03
     Coulomb-14        LJ (SR)  Disper. corr.   Coulomb (SR)   Coul. recip.
    1.03352e+05    5.07975e+05   -3.12425e+04   -4.17826e+06    2.36403e+04
      Potential    Kinetic En.   Total Energy  Conserved En.    Temperature
   -3.51370e+06    6.40285e+05   -2.87342e+06   -1.20165e+06    3.00284e+02
 Pres. DC (bar) Pressure (bar)   Constr. rmsd
   -2.03147e+02    3.91022e+01    0.00000e+00

           Step           Time
       44150000    88300.00000

   Energies (kJ/mol)
           Bond          Angle    Proper Dih. Per. Imp. Dih.          LJ-14
    7.48659e+03    1.92461e+04    2.40553e+04    1.18419e+03    8.83793e+03
     Coulomb-14        LJ (SR)  Disper. corr.   Coulomb (SR)   Coul. recip.
    1.03481e+05    5.03637e+05   -3.11794e+04   -4.17170e+06    2.34963e+04
      Potential    Kinetic En.   Total Energy  Conserved En.    Temperature
   -3.51145e+06    6.40929e+05   -2.87052e+06   -1.19988e+06    3.00585e+02
 Pres. DC (bar) Pressure (bar)   Constr. rmsd
   -2.02329e+02   -1.11082e+02    0.00000e+00

           Step           Time
       44200000    88400.00000

   Energies (kJ/mol)
           Bond          Angle    Proper Dih. Per. Imp. Dih.          LJ-14
    7.40966e+03    1.89633e+04    2.39943e+04    1.23041e+03    8.89350e+03
     Coulomb-14        LJ (SR)  Disper. corr.   Coulomb (SR)   Coul. recip.
    1.03317e+05    5.04625e+05   -3.12266e+04   -4.17341e+06    2.34302e+04
      Potential    Kinetic En.   Total Energy  Conserved En.    Temperature
   -3.51278e+06    6.38092e+05   -2.87468e+06   -1.19824e+06    2.99255e+02
 Pres. DC (bar) Pressure (bar)   Constr. rmsd
   -2.02941e+02   -3.12188e+01    0.00000e+00

Writing checkpoint, step 44206400 at Wed Sep 30 09:57:39 2026


           Step           Time
       44250000    88500.00000

   Energies (kJ/mol)
           Bond          Angle    Proper Dih. Per. Imp. Dih.          LJ-14
    7.28547e+03    1.91281e+04    2.41325e+04    1.20550e+03    8.87297e+03
     Coulomb-14        LJ (SR)  Disper. corr.   Coulomb (SR)   Coul. recip.
    1.03161e+05    5.08129e+05   -3.11733e+04   -4.17685e+06    2.36811e+04
      Potential    Kinetic En.   Total Energy  Conserved En.    Temperature
   -3.51243e+06    6.39645e+05   -2.87278e+06   -1.19571e+06    2.99983e+02
 Pres. DC (bar) Pressure (bar)   Constr. rmsd
   -2.02250e+02    2.06184e+01    0.00000e+00

           Step           Time
       44300000    88600.00000

   Energies (kJ/mol)
           Bond          Angle    Proper Dih. Per. Imp. Dih.          LJ-14
    7.23983e+03    1.91634e+04    2.40698e+04    1.24761e+03    8.84911e+03
     Coulomb-14        LJ (SR)  Disper. corr.   Coulomb (SR)   Coul. recip.
    1.02867e+05    5.05684e+05   -3.10907e+04   -4.17437e+06    2.34218e+04
      Potential    Kinetic En.   Total Energy  Conserved En.    Temperature
   -3.51291e+06    6.41027e+05   -2.87189e+06   -1.19388e+06    3.00632e+02
 Pres. DC (bar) Pressure (bar)   Constr. rmsd
   -2.01181e+02   -5.71598e+01    0.00000e+00

           Step           Time
       44350000    88700.00000

   Energies (kJ/mol)
           Bond          Angle    Proper Dih. Per. Imp. Dih.          LJ-14
    7.26191e+03    1.96177e+04    2.39781e+04    1.17612e+03    8.78773e+03
     Coulomb-14        LJ (SR)  Disper. corr.   Coulomb (SR)   Coul. recip.
    1.03011e+05    5.08488e+05   -3.11788e+04   -4.17482e+06    2.35287e+04
      Potential    Kinetic En.   Total Energy  Conserved En.    Temperature
   -3.51015e+06    6.39504e+05   -2.87065e+06   -1.19198e+06    2.99917e+02
 Pres. DC (bar) Pressure (bar)   Constr. rmsd
   -2.02321e+02    2.34723e+01    0.00000e+00

           Step           Time
       44400000    88800.00000

   Energies (kJ/mol)
           Bond          Angle    Proper Dih. Per. Imp. Dih.          LJ-14
    7.51811e+03    1.92074e+04    2.40919e+04    1.19500e+03    8.79396e+03
     Coulomb-14        LJ (SR)  Disper. corr.   Coulomb (SR)   Coul. recip.
    1.03076e+05    5.03954e+05   -3.12146e+04   -4.17471e+06    2.36913e+04
      Potential    Kinetic En.   Total Energy  Conserved En.    Temperature
   -3.51440e+06    6.38967e+05   -2.87543e+06   -1.18946e+06    2.99665e+02
 Pres. DC (bar) Pressure (bar)   Constr. rmsd
   -2.02785e+02   -8.41709e+01    0.00000e+00

           Step           Time
       44450000    88900.00000

   Energies (kJ/mol)
           Bond          Angle    Proper Dih. Per. Imp. Dih.          LJ-14
    7.26696e+03    1.94867e+04    2.41215e+04    1.17868e+03    8.85151e+03
     Coulomb-14        LJ (SR)  Disper. corr.   Coulomb (SR)   Coul. recip.
    1.03003e+05    5.09985e+05   -3.12452e+04   -4.18010e+06    2.37174e+04
      Potential    Kinetic En.   Total Energy  Conserved En.    Temperature
   -3.51374e+06    6.37604e+05   -2.87613e+06   -1.18750e+06    2.99026e+02
 Pres. DC (bar) Pressure (bar)   Constr. rmsd
   -2.03183e+02    8.21668e+01    0.00000e+00

           Step           Time
       44500000    89000.00000

   Energies (kJ/mol)
           Bond          Angle    Proper Dih. Per. Imp. Dih.          LJ-14
    7.07312e+03    1.93988e+04    2.40540e+04    1.13123e+03    8.86499e+03
     Coulomb-14        LJ (SR)  Disper. corr.   Coulomb (SR)   Coul. recip.
    1.02949e+05    5.06953e+05   -3.13095e+04   -4.18098e+06    2.33728e+04
      Potential    Kinetic En.   Total Energy  Conserved En.    Temperature
   -3.51849e+06    6.37874e+05   -2.88061e+06   -1.18541e+06    2.99153e+02
 Pres. DC (bar) Pressure (bar)   Constr. rmsd
   -2.04018e+02    3.14910e-01    0.00000e+00

Writing checkpoint, step 44547100 at Wed Sep 30 10:12:39 2026


           Step           Time
       44550000    89100.00000

   Energies (kJ/mol)
           Bond          Angle    Proper Dih. Per. Imp. Dih.          LJ-14
    7.34750e+03    1.89240e+04    2.40068e+04    1.14280e+03    8.89087e+03
     Coulomb-14        LJ (SR)  Disper. corr.   Coulomb (SR)   Coul. recip.
    1.03352e+05    5.09142e+05   -3.12153e+04   -4.17936e+06    2.36114e+04
      Potential    Kinetic En.   Total Energy  Conserved En.    Temperature
   -3.51416e+06    6.39546e+05   -2.87461e+06   -1.18329e+06    2.99937e+02
 Pres. DC (bar) Pressure (bar)   Constr. rmsd
   -2.02794e+02    4.22299e+01    0.00000e+00

           Step           Time
       44600000    89200.00000

   Energies (kJ/mol)
           Bond          Angle    Proper Dih. Per. Imp. Dih.          LJ-14
    7.19450e+03    1.90237e+04    2.40800e+04    1.11676e+03    8.89887e+03
     Coulomb-14        LJ (SR)  Disper. corr.   Coulomb (SR)   Coul. recip.
    1.03189e+05    5.02302e+05   -3.11212e+04   -4.17109e+06    2.37691e+04
      Potential    Kinetic En.   Total Energy  Conserved En.    Temperature
   -3.51264e+06    6.37383e+05   -2.87525e+06   -1.18100e+06    2.98922e+02
 Pres. DC (bar) Pressure (bar)   Constr. rmsd
   -2.01575e+02   -1.19477e+02    0.00000e+00

           Step           Time
       44650000    89300.00000

   Energies (kJ/mol)
           Bond          Angle    Proper Dih. Per. Imp. Dih.          LJ-14
    7.51266e+03    1.92087e+04    2.41357e+04    1.20291e+03    8.71663e+03
     Coulomb-14        LJ (SR)  Disper. corr.   Coulomb (SR)   Coul. recip.
    1.02651e+05    5.06893e+05   -3.12165e+04   -4.17609e+06    2.36734e+04
      Potential    Kinetic En.   Total Energy  Conserved En.    Temperature
   -3.51332e+06    6.41655e+05   -2.87166e+06   -1.17895e+06    3.00926e+02
 Pres. DC (bar) Pressure (bar)   Constr. rmsd
   -2.02810e+02   -2.51367e+01    0.00000e+00

           Step           Time
       44700000    89400.00000

   Energies (kJ/mol)
           Bond          Angle    Proper Dih. Per. Imp. Dih.          LJ-14
    7.53735e+03    1.90400e+04    2.41612e+04    1.13585e+03    8.96087e+03
     Coulomb-14        LJ (SR)  Disper. corr.   Coulomb (SR)   Coul. recip.
    1.03264e+05    5.07567e+05   -3.12385e+04   -4.17585e+06    2.35173e+04
      Potential    Kinetic En.   Total Energy  Conserved En.    Temperature
   -3.51190e+06    6.41310e+05   -2.87060e+06   -1.17710e+06    3.00764e+02
 Pres. DC (bar) Pressure (bar)   Constr. rmsd
   -2.03096e+02    3.17245e+01    0.00000e+00

           Step           Time
       44750000    89500.00000

   Energies (kJ/mol)
           Bond          Angle    Proper Dih. Per. Imp. Dih.          LJ-14
    7.30720e+03    1.93543e+04    2.39498e+04    1.14541e+03    8.91846e+03
     Coulomb-14        LJ (SR)  Disper. corr.   Coulomb (SR)   Coul. recip.
    1.03048e+05    5.03626e+05   -3.11540e+04   -4.17479e+06    2.39434e+04
      Potential    Kinetic En.   Total Energy  Conserved En.    Temperature
   -3.51465e+06    6.39909e+05   -2.87474e+06   -1.17509e+06    3.00107e+02
 Pres. DC (bar) Pressure (bar)   Constr. rmsd
   -2.01999e+02   -9.54126e+01    0.00000e+00

           Step           Time
       44800000    89600.00000

   Energies (kJ/mol)
           Bond          Angle    Proper Dih. Per. Imp. Dih.          LJ-14
    7.31972e+03    1.88093e+04    2.42361e+04    1.18687e+03    8.94352e+03
     Coulomb-14        LJ (SR)  Disper. corr.   Coulomb (SR)   Coul. recip.
    1.03391e+05    5.08788e+05   -3.12231e+04   -4.18089e+06    2.37005e+04
      Potential    Kinetic En.   Total Energy  Conserved En.    Temperature
   -3.51573e+06    6.40407e+05   -2.87533e+06   -1.17336e+06    3.00340e+02
 Pres. DC (bar) Pressure (bar)   Constr. rmsd
   -2.02896e+02    6.74050e+01    0.00000e+00

           Step           Time
       44850000    89700.00000

   Energies (kJ/mol)
           Bond          Angle    Proper Dih. Per. Imp. Dih.          LJ-14
    7.22894e+03    1.93234e+04    2.41282e+04    1.13386e+03    8.71762e+03
     Coulomb-14        LJ (SR)  Disper. corr.   Coulomb (SR)   Coul. recip.
    1.03423e+05    5.05186e+05   -3.12311e+04   -4.17539e+06    2.35793e+04
      Potential    Kinetic En.   Total Energy  Conserved En.    Temperature
   -3.51390e+06    6.41296e+05   -2.87261e+06   -1.17178e+06    3.00757e+02
 Pres. DC (bar) Pressure (bar)   Constr. rmsd
   -2.02999e+02   -5.98864e+01    0.00000e+00

Writing checkpoint, step 44888400 at Wed Sep 30 10:27:39 2026


           Step           Time
       44900000    89800.00000

   Energies (kJ/mol)
           Bond          Angle    Proper Dih. Per. Imp. Dih.          LJ-14
    7.45385e+03    1.93835e+04    2.40728e+04    1.22404e+03    8.77288e+03
     Coulomb-14        LJ (SR)  Disper. corr.   Coulomb (SR)   Coul. recip.
    1.02859e+05    5.04213e+05   -3.11900e+04   -4.17200e+06    2.35573e+04
      Potential    Kinetic En.   Total Energy  Conserved En.    Temperature
   -3.51165e+06    6.39175e+05   -2.87248e+06   -1.16997e+06    2.99763e+02
 Pres. DC (bar) Pressure (bar)   Constr. rmsd
   -2.02466e+02   -7.16858e+01    0.00000e+00

           Step           Time
       44950000    89900.00000

   Energies (kJ/mol)
           Bond          Angle    Proper Dih. Per. Imp. Dih.          LJ-14
    7.12190e+03    1.92827e+04    2.40771e+04    1.18447e+03    9.01809e+03
     Coulomb-14        LJ (SR)  Disper. corr.   Coulomb (SR)   Coul. recip.
    1.03145e+05    5.04963e+05   -3.11123e+04   -4.17443e+06    2.36807e+04
      Potential    Kinetic En.   Total Energy  Conserved En.    Temperature
   -3.51307e+06    6.36289e+05   -2.87678e+06   -1.16790e+06    2.98409e+02
 Pres. DC (bar) Pressure (bar)   Constr. rmsd
   -2.01460e+02   -7.29569e+01    0.00000e+00

           Step           Time
       45000000    90000.00000

   Energies (kJ/mol)
           Bond          Angle    Proper Dih. Per. Imp. Dih.          LJ-14
    6.97357e+03    1.92314e+04    2.41372e+04    1.16788e+03    9.01838e+03
     Coulomb-14        LJ (SR)  Disper. corr.   Coulomb (SR)   Coul. recip.
    1.03416e+05    5.07770e+05   -3.12375e+04   -4.17718e+06    2.36372e+04
      Potential    Kinetic En.   Total Energy  Conserved En.    Temperature
   -3.51307e+06    6.41032e+05   -2.87204e+06   -1.16542e+06    3.00634e+02
 Pres. DC (bar) Pressure (bar)   Constr. rmsd
   -2.03082e+02    8.04673e+01    0.00000e+00

           Step           Time
       45050000    90100.00000

   Energies (kJ/mol)
           Bond          Angle    Proper Dih. Per. Imp. Dih.          LJ-14
    7.46400e+03    1.94936e+04    2.38975e+04    1.09480e+03    8.86724e+03
     Coulomb-14        LJ (SR)  Disper. corr.   Coulomb (SR)   Coul. recip.
    1.02600e+05    5.06059e+05   -3.11633e+04   -4.17357e+06    2.36119e+04
      Potential    Kinetic En.   Total Energy  Conserved En.    Temperature
   -3.51165e+06    6.38820e+05   -2.87283e+06   -1.16276e+06    2.99596e+02
 Pres. DC (bar) Pressure (bar)   Constr. rmsd
   -2.02120e+02   -5.34591e+01    0.00000e+00

           Step           Time
       45100000    90200.00000

   Energies (kJ/mol)
           Bond          Angle    Proper Dih. Per. Imp. Dih.          LJ-14
    7.12066e+03    1.93249e+04    2.40057e+04    1.17557e+03    8.92033e+03
     Coulomb-14        LJ (SR)  Disper. corr.   Coulomb (SR)   Coul. recip.
    1.03075e+05    5.07604e+05   -3.12457e+04   -4.17972e+06    2.34799e+04
      Potential    Kinetic En.   Total Energy  Conserved En.    Temperature
   -3.51626e+06    6.37568e+05   -2.87870e+06   -1.16078e+06    2.99009e+02
 Pres. DC (bar) Pressure (bar)   Constr. rmsd
   -2.03189e+02    4.13266e+01    0.00000e+00

           Step           Time
       45150000    90300.00000

   Energies (kJ/mol)
           Bond          Angle    Proper Dih. Per. Imp. Dih.          LJ-14
    7.61727e+03    1.92954e+04    2.41095e+04    1.18729e+03    8.93634e+03
     Coulomb-14        LJ (SR)  Disper. corr.   Coulomb (SR)   Coul. recip.
    1.03108e+05    5.05256e+05   -3.11321e+04   -4.17461e+06    2.36946e+04
      Potential    Kinetic En.   Total Energy  Conserved En.    Temperature
   -3.51254e+06    6.40891e+05   -2.87165e+06   -1.15896e+06    3.00568e+02
 Pres. DC (bar) Pressure (bar)   Constr. rmsd
   -2.01716e+02   -5.26710e+01    0.00000e+00

           Step           Time
       45200000    90400.00000

   Energies (kJ/mol)
           Bond          Angle    Proper Dih. Per. Imp. Dih.          LJ-14
    7.37246e+03    1.94674e+04    2.40418e+04    1.12635e+03    8.83629e+03
     Coulomb-14        LJ (SR)  Disper. corr.   Coulomb (SR)   Coul. recip.
    1.03128e+05    5.03513e+05   -3.11931e+04   -4.17091e+06    2.36200e+04
      Potential    Kinetic En.   Total Energy  Conserved En.    Temperature
   -3.51100e+06    6.40912e+05   -2.87009e+06   -1.15755e+06    3.00577e+02
 Pres. DC (bar) Pressure (bar)   Constr. rmsd
   -2.02507e+02   -7.48917e+01    0.00000e+00

Writing checkpoint, step 45230300 at Wed Sep 30 10:42:39 2026


           Step           Time
       45250000    90500.00000

   Energies (kJ/mol)
           Bond          Angle    Proper Dih. Per. Imp. Dih.          LJ-14
    7.07888e+03    1.88750e+04    2.43098e+04    1.15813e+03    8.76555e+03
     Coulomb-14        LJ (SR)  Disper. corr.   Coulomb (SR)   Coul. recip.
    1.02612e+05    5.09224e+05   -3.11218e+04   -4.17925e+06    2.35707e+04
      Potential    Kinetic En.   Total Energy  Conserved En.    Temperature
   -3.51477e+06    6.37756e+05   -2.87702e+06   -1.15583e+06    2.99097e+02
 Pres. DC (bar) Pressure (bar)   Constr. rmsd
   -2.01583e+02    3.45271e+00    0.00000e+00

           Step           Time
       45300000    90600.00000

   Energies (kJ/mol)
           Bond          Angle    Proper Dih. Per. Imp. Dih.          LJ-14
    7.42649e+03    1.95427e+04    2.42972e+04    1.17839e+03    8.85004e+03
     Coulomb-14        LJ (SR)  Disper. corr.   Coulomb (SR)   Coul. recip.
    1.02959e+05    5.04811e+05   -3.11798e+04   -4.17255e+06    2.36042e+04
      Potential    Kinetic En.   Total Energy  Conserved En.    Temperature
   -3.51106e+06    6.41514e+05   -2.86955e+06   -1.15389e+06    3.00860e+02
 Pres. DC (bar) Pressure (bar)   Constr. rmsd
   -2.02333e+02   -8.30181e+01    0.00000e+00

           Step           Time
       45350000    90700.00000

   Energies (kJ/mol)
           Bond          Angle    Proper Dih. Per. Imp. Dih.          LJ-14
    7.06260e+03    1.92740e+04    2.40840e+04    1.19938e+03    8.92818e+03
     Coulomb-14        LJ (SR)  Disper. corr.   Coulomb (SR)   Coul. recip.
    1.03251e+05    5.06414e+05   -3.10890e+04   -4.17278e+06    2.36614e+04
      Potential    Kinetic En.   Total Energy  Conserved En.    Temperature
   -3.50999e+06    6.39219e+05   -2.87077e+06   -1.15207e+06    2.99784e+02
 Pres. DC (bar) Pressure (bar)   Constr. rmsd
   -2.01158e+02   -4.88180e+01    0.00000e+00

           Step           Time
       45400000    90800.00000

   Energies (kJ/mol)
           Bond          Angle    Proper Dih. Per. Imp. Dih.          LJ-14
    7.20661e+03    1.93180e+04    2.40442e+04    1.15182e+03    9.02479e+03
     Coulomb-14        LJ (SR)  Disper. corr.   Coulomb (SR)   Coul. recip.
    1.03322e+05    5.08857e+05   -3.12705e+04   -4.18036e+06    2.37724e+04
      Potential    Kinetic En.   Total Energy  Conserved En.    Temperature
   -3.51494e+06    6.39944e+05   -2.87499e+06   -1.15023e+06    3.00124e+02
 Pres. DC (bar) Pressure (bar)   Constr. rmsd
   -2.03512e+02    9.05469e+01    0.00000e+00

           Step           Time
       45450000    90900.00000

   Energies (kJ/mol)
           Bond          Angle    Proper Dih. Per. Imp. Dih.          LJ-14
    7.26709e+03    1.95131e+04    2.40305e+04    1.20971e+03    8.73344e+03
     Coulomb-14        LJ (SR)  Disper. corr.   Coulomb (SR)   Coul. recip.
    1.02904e+05    5.06170e+05   -3.12029e+04   -4.17778e+06    2.37322e+04
      Potential    Kinetic En.   Total Energy  Conserved En.    Temperature
   -3.51542e+06    6.40711e+05   -2.87471e+06   -1.14827e+06    3.00483e+02
 Pres. DC (bar) Pressure (bar)   Constr. rmsd
   -2.02633e+02   -3.09607e+01    0.00000e+00

           Step           Time
       45500000    91000.00000

   Energies (kJ/mol)
           Bond          Angle    Proper Dih. Per. Imp. Dih.          LJ-14
    7.34113e+03    1.94394e+04    2.40826e+04    1.21303e+03    8.82709e+03
     Coulomb-14        LJ (SR)  Disper. corr.   Coulomb (SR)   Coul. recip.
    1.03231e+05    5.03416e+05   -3.13008e+04   -4.17005e+06    2.32929e+04
      Potential    Kinetic En.   Total Energy  Conserved En.    Temperature
   -3.51051e+06    6.40610e+05   -2.86990e+06   -1.14608e+06    3.00436e+02
 Pres. DC (bar) Pressure (bar)   Constr. rmsd
   -2.03906e+02   -1.11423e+01    0.00000e+00

           Step           Time
       45550000    91100.00000

   Energies (kJ/mol)
           Bond          Angle    Proper Dih. Per. Imp. Dih.          LJ-14
    7.36902e+03    1.93566e+04    2.40189e+04    1.11646e+03    8.88436e+03
     Coulomb-14        LJ (SR)  Disper. corr.   Coulomb (SR)   Coul. recip.
    1.02959e+05    5.03419e+05   -3.11897e+04   -4.17418e+06    2.37370e+04
      Potential    Kinetic En.   Total Energy  Conserved En.    Temperature
   -3.51451e+06    6.40045e+05   -2.87446e+06   -1.14372e+06    3.00171e+02
 Pres. DC (bar) Pressure (bar)   Constr. rmsd
   -2.02463e+02   -5.15581e+01    0.00000e+00

Writing checkpoint, step 45572000 at Wed Sep 30 10:57:39 2026


           Step           Time
       45600000    91200.00000

   Energies (kJ/mol)
           Bond          Angle    Proper Dih. Per. Imp. Dih.          LJ-14
    7.17752e+03    1.90348e+04    2.40961e+04    1.17376e+03    8.88593e+03
     Coulomb-14        LJ (SR)  Disper. corr.   Coulomb (SR)   Coul. recip.
    1.03422e+05    5.06169e+05   -3.11857e+04   -4.17661e+06    2.34823e+04
      Potential    Kinetic En.   Total Energy  Conserved En.    Temperature
   -3.51436e+06    6.40718e+05   -2.87364e+06   -1.14148e+06    3.00487e+02
 Pres. DC (bar) Pressure (bar)   Constr. rmsd
   -2.02410e+02   -3.74312e+01    0.00000e+00

           Step           Time
       45650000    91300.00000

   Energies (kJ/mol)
           Bond          Angle    Proper Dih. Per. Imp. Dih.          LJ-14
    7.33302e+03    1.94049e+04    2.42958e+04    1.12140e+03    8.89201e+03
     Coulomb-14        LJ (SR)  Disper. corr.   Coulomb (SR)   Coul. recip.
    1.03644e+05    5.06337e+05   -3.12069e+04   -4.17816e+06    2.36996e+04
      Potential    Kinetic En.   Total Energy  Conserved En.    Temperature
   -3.51464e+06    6.38769e+05   -2.87587e+06   -1.13960e+06    2.99572e+02
 Pres. DC (bar) Pressure (bar)   Constr. rmsd
   -2.02686e+02    1.99644e+01    0.00000e+00

           Step           Time
       45700000    91400.00000

   Energies (kJ/mol)
           Bond          Angle    Proper Dih. Per. Imp. Dih.          LJ-14
    7.21447e+03    1.93512e+04    2.39490e+04    1.15406e+03    8.96031e+03
     Coulomb-14        LJ (SR)  Disper. corr.   Coulomb (SR)   Coul. recip.
    1.03517e+05    5.05460e+05   -3.12015e+04   -4.17511e+06    2.34934e+04
      Potential    Kinetic En.   Total Energy  Conserved En.    Temperature
   -3.51321e+06    6.38273e+05   -2.87493e+06   -1.13781e+06    2.99340e+02
 Pres. DC (bar) Pressure (bar)   Constr. rmsd
   -2.02616e+02   -4.24715e+00    0.00000e+00

           Step           Time
       45750000    91500.00000

   Energies (kJ/mol)
           Bond          Angle    Proper Dih. Per. Imp. Dih.          LJ-14
    7.62466e+03    1.90082e+04    2.41450e+04    1.16692e+03    8.83040e+03
     Coulomb-14        LJ (SR)  Disper. corr.   Coulomb (SR)   Coul. recip.
    1.03374e+05    5.05013e+05   -3.12038e+04   -4.17578e+06    2.37391e+04
      Potential    Kinetic En.   Total Energy  Conserved En.    Temperature
   -3.51408e+06    6.38435e+05   -2.87565e+06   -1.13609e+06    2.99416e+02
 Pres. DC (bar) Pressure (bar)   Constr. rmsd
   -2.02645e+02   -6.59809e+01    0.00000e+00

           Step           Time
       45800000    91600.00000

   Energies (kJ/mol)
           Bond          Angle    Proper Dih. Per. Imp. Dih.          LJ-14
    7.39297e+03    1.95807e+04    2.41680e+04    1.19894e+03    8.96853e+03
     Coulomb-14        LJ (SR)  Disper. corr.   Coulomb (SR)   Coul. recip.
    1.02859e+05    5.10667e+05   -3.11888e+04   -4.18091e+06    2.34894e+04
      Potential    Kinetic En.   Total Energy  Conserved En.    Temperature
   -3.51377e+06    6.39201e+05   -2.87457e+06   -1.13383e+06    2.99775e+02
 Pres. DC (bar) Pressure (bar)   Constr. rmsd
   -2.02451e+02    8.36093e+01    0.00000e+00

           Step           Time
       45850000    91700.00000

   Energies (kJ/mol)
           Bond          Angle    Proper Dih. Per. Imp. Dih.          LJ-14
    7.60699e+03    1.91913e+04    2.40781e+04    1.21745e+03    8.82325e+03
     Coulomb-14        LJ (SR)  Disper. corr.   Coulomb (SR)   Coul. recip.
    1.03545e+05    5.05105e+05   -3.11411e+04   -4.17234e+06    2.35347e+04
      Potential    Kinetic En.   Total Energy  Conserved En.    Temperature
   -3.51038e+06    6.41033e+05   -2.86934e+06   -1.13174e+06    3.00634e+02
 Pres. DC (bar) Pressure (bar)   Constr. rmsd
   -2.01832e+02   -4.31904e+01    0.00000e+00

Writing checkpoint, step 45853200 at Wed Sep 30 11:12:39 2026


           Step           Time
       45900000    91800.00000

   Energies (kJ/mol)
           Bond          Angle    Proper Dih. Per. Imp. Dih.          LJ-14
    7.07280e+03    1.93391e+04    2.39345e+04    1.07237e+03    8.92639e+03
     Coulomb-14        LJ (SR)  Disper. corr.   Coulomb (SR)   Coul. recip.
    1.03112e+05    5.07417e+05   -3.11866e+04   -4.17842e+06    2.33699e+04
      Potential    Kinetic En.   Total Energy  Conserved En.    Temperature
   -3.51536e+06    6.39406e+05   -2.87596e+06   -1.12946e+06    2.99871e+02
 Pres. DC (bar) Pressure (bar)   Constr. rmsd
   -2.02423e+02   -8.19279e+00    0.00000e+00

           Step           Time
       45950000    91900.00000

   Energies (kJ/mol)
           Bond          Angle    Proper Dih. Per. Imp. Dih.          LJ-14
    7.31080e+03    1.91024e+04    2.38784e+04    1.16122e+03    8.83520e+03
     Coulomb-14        LJ (SR)  Disper. corr.   Coulomb (SR)   Coul. recip.
    1.03390e+05    5.05685e+05   -3.12434e+04   -4.17363e+06    2.37130e+04
      Potential    Kinetic En.   Total Energy  Conserved En.    Temperature
   -3.51180e+06    6.37592e+05   -2.87420e+06   -1.12736e+06    2.99020e+02
 Pres. DC (bar) Pressure (bar)   Constr. rmsd
   -2.03160e+02   -1.44542e+01    0.00000e+00

           Step           Time
       46000000    92000.00000

   Energies (kJ/mol)
           Bond          Angle    Proper Dih. Per. Imp. Dih.          LJ-14
    7.39053e+03    1.93478e+04    2.41193e+04    1.21503e+03    8.91907e+03
     Coulomb-14        LJ (SR)  Disper. corr.   Coulomb (SR)   Coul. recip.
    1.02908e+05    5.06164e+05   -3.12682e+04   -4.17722e+06    2.36302e+04
      Potential    Kinetic En.   Total Energy  Conserved En.    Temperature
   -3.51480e+06    6.38906e+05   -2.87589e+06   -1.12563e+06    2.99637e+02
 Pres. DC (bar) Pressure (bar)   Constr. rmsd
   -2.03482e+02   -9.05937e+00    0.00000e+00

           Step           Time
       46050000    92100.00000

   Energies (kJ/mol)
           Bond          Angle    Proper Dih. Per. Imp. Dih.          LJ-14
    7.39725e+03    1.92610e+04    2.39523e+04    1.14379e+03    8.86438e+03
     Coulomb-14        LJ (SR)  Disper. corr.   Coulomb (SR)   Coul. recip.
    1.02875e+05    5.06284e+05   -3.11159e+04   -4.17334e+06    2.37320e+04
      Potential    Kinetic En.   Total Energy  Conserved En.    Temperature
   -3.51094e+06    6.39589e+05   -2.87135e+06   -1.12339e+06    2.99957e+02
 Pres. DC (bar) Pressure (bar)   Constr. rmsd
   -2.01506e+02   -6.54334e+01    0.00000e+00

           Step           Time
       46100000    92200.00000

   Energies (kJ/mol)
           Bond          Angle    Proper Dih. Per. Imp. Dih.          LJ-14
    7.40255e+03    1.95565e+04    2.39529e+04    1.16695e+03    8.90080e+03
     Coulomb-14        LJ (SR)  Disper. corr.   Coulomb (SR)   Coul. recip.
    1.03152e+05    5.07998e+05   -3.12437e+04   -4.17883e+06    2.36776e+04
      Potential    Kinetic En.   Total Energy  Conserved En.    Temperature
   -3.51426e+06    6.39980e+05   -2.87428e+06   -1.12087e+06    3.00140e+02
 Pres. DC (bar) Pressure (bar)   Constr. rmsd
   -2.03162e+02    9.71560e+00    0.00000e+00

           Step           Time
       46150000    92300.00000

   Energies (kJ/mol)
           Bond          Angle    Proper Dih. Per. Imp. Dih.          LJ-14
    7.20119e+03    1.94621e+04    2.40851e+04    1.26014e+03    8.87327e+03
     Coulomb-14        LJ (SR)  Disper. corr.   Coulomb (SR)   Coul. recip.
    1.02967e+05    5.04849e+05   -3.11160e+04   -4.17245e+06    2.37199e+04
      Potential    Kinetic En.   Total Energy  Conserved En.    Temperature
   -3.51114e+06    6.40745e+05   -2.87040e+06   -1.11947e+06    3.00499e+02
 Pres. DC (bar) Pressure (bar)   Constr. rmsd
   -2.01508e+02   -8.34965e+01    0.00000e+00

Writing checkpoint, step 46155300 at Wed Sep 30 11:27:39 2026


           Step           Time
       46200000    92400.00000

   Energies (kJ/mol)
           Bond          Angle    Proper Dih. Per. Imp. Dih.          LJ-14
    7.10126e+03    1.97378e+04    2.40433e+04    1.18266e+03    8.84792e+03
     Coulomb-14        LJ (SR)  Disper. corr.   Coulomb (SR)   Coul. recip.
    1.02614e+05    5.08199e+05   -3.12602e+04   -4.17487e+06    2.38132e+04
      Potential    Kinetic En.   Total Energy  Conserved En.    Temperature
   -3.51059e+06    6.40736e+05   -2.86986e+06   -1.11738e+06    3.00495e+02
 Pres. DC (bar) Pressure (bar)   Constr. rmsd
   -2.03378e+02    7.78193e+01    0.00000e+00

           Step           Time
       46250000    92500.00000

   Energies (kJ/mol)
           Bond          Angle    Proper Dih. Per. Imp. Dih.          LJ-14
    7.56141e+03    1.94817e+04    2.40539e+04    1.20352e+03    8.81401e+03
     Coulomb-14        LJ (SR)  Disper. corr.   Coulomb (SR)   Coul. recip.
    1.02410e+05    5.09140e+05   -3.12616e+04   -4.18121e+06    2.35679e+04
      Potential    Kinetic En.   Total Energy  Conserved En.    Temperature
   -3.51624e+06    6.40881e+05   -2.87535e+06   -1.11515e+06    3.00563e+02
 Pres. DC (bar) Pressure (bar)   Constr. rmsd
   -2.03396e+02    3.42143e+01    0.00000e+00

           Step           Time
       46300000    92600.00000

   Energies (kJ/mol)
           Bond          Angle    Proper Dih. Per. Imp. Dih.          LJ-14
    7.47752e+03    1.89873e+04    2.41296e+04    1.16485e+03    8.95580e+03
     Coulomb-14        LJ (SR)  Disper. corr.   Coulomb (SR)   Coul. recip.
    1.03105e+05    5.01913e+05   -3.11628e+04   -4.16973e+06    2.35909e+04
      Potential    Kinetic En.   Total Energy  Conserved En.    Temperature
   -3.51157e+06    6.40599e+05   -2.87097e+06   -1.11345e+06    3.00431e+02
 Pres. DC (bar) Pressure (bar)   Constr. rmsd
   -2.02114e+02   -1.25900e+02    0.00000e+00

           Step           Time
       46350000    92700.00000

   Energies (kJ/mol)
           Bond          Angle    Proper Dih. Per. Imp. Dih.          LJ-14
    7.29668e+03    1.92622e+04    2.40841e+04    1.18051e+03    8.89286e+03
     Coulomb-14        LJ (SR)  Disper. corr.   Coulomb (SR)   Coul. recip.
    1.02772e+05    5.07415e+05   -3.12303e+04   -4.18008e+06    2.36251e+04
      Potential    Kinetic En.   Total Energy  Conserved En.    Temperature
   -3.51678e+06    6.42061e+05   -2.87472e+06   -1.11178e+06    3.01116e+02
 Pres. DC (bar) Pressure (bar)   Constr. rmsd
   -2.02989e+02    5.29626e+00    0.00000e+00

           Step           Time
       46400000    92800.00000

   Energies (kJ/mol)
           Bond          Angle    Proper Dih. Per. Imp. Dih.          LJ-14
    7.71443e+03    1.89081e+04    2.40670e+04    1.21640e+03    8.81586e+03
     Coulomb-14        LJ (SR)  Disper. corr.   Coulomb (SR)   Coul. recip.
    1.02601e+05    5.09062e+05   -3.11713e+04   -4.17800e+06    2.37396e+04
      Potential    Kinetic En.   Total Energy  Conserved En.    Temperature
   -3.51304e+06    6.39853e+05   -2.87319e+06   -1.10987e+06    3.00081e+02
 Pres. DC (bar) Pressure (bar)   Constr. rmsd
   -2.02224e+02   -8.02394e+00    0.00000e+00

           Step           Time
       46450000    92900.00000

   Energies (kJ/mol)
           Bond          Angle    Proper Dih. Per. Imp. Dih.          LJ-14
    7.38354e+03    1.91763e+04    2.41551e+04    1.15430e+03    9.03137e+03
     Coulomb-14        LJ (SR)  Disper. corr.   Coulomb (SR)   Coul. recip.
    1.02788e+05    5.05522e+05   -3.12018e+04   -4.17455e+06    2.37113e+04
      Potential    Kinetic En.   Total Energy  Conserved En.    Temperature
   -3.51283e+06    6.38154e+05   -2.87468e+06   -1.10809e+06    2.99284e+02
 Pres. DC (bar) Pressure (bar)   Constr. rmsd
   -2.02620e+02    4.61034e+00    0.00000e+00

           Step           Time
       46500000    93000.00000

   Energies (kJ/mol)
           Bond          Angle    Proper Dih. Per. Imp. Dih.          LJ-14
    7.16165e+03    1.95785e+04    2.39607e+04    1.09644e+03    8.89817e+03
     Coulomb-14        LJ (SR)  Disper. corr.   Coulomb (SR)   Coul. recip.
    1.03017e+05    5.08387e+05   -3.13158e+04   -4.18141e+06    2.34264e+04
      Potential    Kinetic En.   Total Energy  Conserved En.    Temperature
   -3.51720e+06    6.40655e+05   -2.87654e+06   -1.10665e+06    3.00457e+02
 Pres. DC (bar) Pressure (bar)   Constr. rmsd
   -2.04101e+02    8.66116e+01    0.00000e+00

Writing checkpoint, step 46502100 at Wed Sep 30 11:42:39 2026


           Step           Time
       46550000    93100.00000

   Energies (kJ/mol)
           Bond          Angle    Proper Dih. Per. Imp. Dih.          LJ-14
    7.27541e+03    1.91645e+04    2.39029e+04    1.17815e+03    8.88444e+03
     Coulomb-14        LJ (SR)  Disper. corr.   Coulomb (SR)   Coul. recip.
    1.03379e+05    5.06854e+05   -3.11985e+04   -4.17853e+06    2.36275e+04
      Potential    Kinetic En.   Total Energy  Conserved En.    Temperature
   -3.51546e+06    6.41090e+05   -2.87437e+06   -1.10464e+06    3.00661e+02
 Pres. DC (bar) Pressure (bar)   Constr. rmsd
   -2.02577e+02   -1.92442e+01    0.00000e+00

           Step           Time
       46600000    93200.00000

   Energies (kJ/mol)
           Bond          Angle    Proper Dih. Per. Imp. Dih.          LJ-14
    7.36533e+03    1.92586e+04    2.38511e+04    1.12418e+03    8.94026e+03
     Coulomb-14        LJ (SR)  Disper. corr.   Coulomb (SR)   Coul. recip.
    1.02460e+05    5.08276e+05   -3.12094e+04   -4.17733e+06    2.36828e+04
      Potential    Kinetic En.   Total Energy  Conserved En.    Temperature
   -3.51358e+06    6.39196e+05   -2.87439e+06   -1.10323e+06    2.99773e+02
 Pres. DC (bar) Pressure (bar)   Constr. rmsd
   -2.02718e+02    6.52215e+01    0.00000e+00

           Step           Time
       46650000    93300.00000

   Energies (kJ/mol)
           Bond          Angle    Proper Dih. Per. Imp. Dih.          LJ-14
    6.96133e+03    1.95401e+04    2.43106e+04    1.21890e+03    8.87092e+03
     Coulomb-14        LJ (SR)  Disper. corr.   Coulomb (SR)   Coul. recip.
    1.03110e+05    5.07366e+05   -3.11781e+04   -4.17819e+06    2.34645e+04
      Potential    Kinetic En.   Total Energy  Conserved En.    Temperature
   -3.51453e+06    6.37306e+05   -2.87722e+06   -1.10167e+06    2.98886e+02
 Pres. DC (bar) Pressure (bar)   Constr. rmsd
   -2.02312e+02    2.02253e+01    0.00000e+00

           Step           Time
       46700000    93400.00000

   Energies (kJ/mol)
           Bond          Angle    Proper Dih. Per. Imp. Dih.          LJ-14
    7.33112e+03    1.95061e+04    2.41143e+04    1.26727e+03    8.71864e+03
     Coulomb-14        LJ (SR)  Disper. corr.   Coulomb (SR)   Coul. recip.
    1.02955e+05    5.11191e+05   -3.12176e+04   -4.18105e+06    2.37695e+04
      Potential    Kinetic En.   Total Energy  Conserved En.    Temperature
   -3.51341e+06    6.41018e+05   -2.87239e+06   -1.09996e+06    3.00627e+02
 Pres. DC (bar) Pressure (bar)   Constr. rmsd
   -2.02824e+02    6.48155e+01    0.00000e+00

           Step           Time
       46750000    93500.00000

   Energies (kJ/mol)
           Bond          Angle    Proper Dih. Per. Imp. Dih.          LJ-14
    7.08885e+03    1.94024e+04    2.40677e+04    1.11443e+03    8.97376e+03
     Coulomb-14        LJ (SR)  Disper. corr.   Coulomb (SR)   Coul. recip.
    1.02945e+05    5.06705e+05   -3.11725e+04   -4.17556e+06    2.36913e+04
      Potential    Kinetic En.   Total Energy  Conserved En.    Temperature
   -3.51274e+06    6.40302e+05   -2.87244e+06   -1.09827e+06    3.00291e+02
 Pres. DC (bar) Pressure (bar)   Constr. rmsd
   -2.02240e+02   -2.12542e+00    0.00000e+00

           Step           Time
       46800000    93600.00000

   Energies (kJ/mol)
           Bond          Angle    Proper Dih. Per. Imp. Dih.          LJ-14
    7.46777e+03    1.94396e+04    2.38972e+04    1.19142e+03    8.62725e+03
     Coulomb-14        LJ (SR)  Disper. corr.   Coulomb (SR)   Coul. recip.
    1.02706e+05    5.07959e+05   -3.11960e+04   -4.17976e+06    2.35014e+04
      Potential    Kinetic En.   Total Energy  Conserved En.    Temperature
   -3.51617e+06    6.38468e+05   -2.87770e+06   -1.09668e+06    2.99431e+02
 Pres. DC (bar) Pressure (bar)   Constr. rmsd
   -2.02544e+02   -2.35599e+01    0.00000e+00

Writing checkpoint, step 46848900 at Wed Sep 30 11:57:39 2026


           Step           Time
       46850000    93700.00000

   Energies (kJ/mol)
           Bond          Angle    Proper Dih. Per. Imp. Dih.          LJ-14
    7.54833e+03    1.91489e+04    2.40269e+04    1.15514e+03    8.86949e+03
     Coulomb-14        LJ (SR)  Disper. corr.   Coulomb (SR)   Coul. recip.
    1.02591e+05    5.06263e+05   -3.11709e+04   -4.17727e+06    2.35633e+04
      Potential    Kinetic En.   Total Energy  Conserved En.    Temperature
   -3.51528e+06    6.38826e+05   -2.87645e+06   -1.09399e+06    2.99599e+02
 Pres. DC (bar) Pressure (bar)   Constr. rmsd
   -2.02218e+02   -2.38369e+01    0.00000e+00

           Step           Time
       46900000    93800.00000

   Energies (kJ/mol)
           Bond          Angle    Proper Dih. Per. Imp. Dih.          LJ-14
    7.11939e+03    1.93302e+04    2.40725e+04    1.20206e+03    8.90912e+03
     Coulomb-14        LJ (SR)  Disper. corr.   Coulomb (SR)   Coul. recip.
    1.03258e+05    5.07632e+05   -3.12150e+04   -4.17798e+06    2.37071e+04
      Potential    Kinetic En.   Total Energy  Conserved En.    Temperature
   -3.51397e+06    6.37977e+05   -2.87599e+06   -1.09205e+06    2.99201e+02
 Pres. DC (bar) Pressure (bar)   Constr. rmsd
   -2.02790e+02    2.65439e+01    0.00000e+00

           Step           Time
       46950000    93900.00000

   Energies (kJ/mol)
           Bond          Angle    Proper Dih. Per. Imp. Dih.          LJ-14
    7.26842e+03    1.91576e+04    2.39841e+04    1.15291e+03    8.93593e+03
     Coulomb-14        LJ (SR)  Disper. corr.   Coulomb (SR)   Coul. recip.
    1.03228e+05    5.09728e+05   -3.12159e+04   -4.17968e+06    2.35211e+04
      Potential    Kinetic En.   Total Energy  Conserved En.    Temperature
   -3.51392e+06    6.39641e+05   -2.87428e+06   -1.08996e+06    2.99982e+02
 Pres. DC (bar) Pressure (bar)   Constr. rmsd
   -2.02803e+02    8.65369e+01    0.00000e+00

           Step           Time
       47000000    94000.00000

   Energies (kJ/mol)
           Bond          Angle    Proper Dih. Per. Imp. Dih.          LJ-14
    7.10952e+03    1.89542e+04    2.39646e+04    1.20682e+03    9.06222e+03
     Coulomb-14        LJ (SR)  Disper. corr.   Coulomb (SR)   Coul. recip.
    1.03257e+05    5.08362e+05   -3.12191e+04   -4.18005e+06    2.35552e+04
      Potential    Kinetic En.   Total Energy  Conserved En.    Temperature
   -3.51579e+06    6.40452e+05   -2.87534e+06   -1.08815e+06    3.00362e+02
 Pres. DC (bar) Pressure (bar)   Constr. rmsd
   -2.02844e+02    2.46125e+01    0.00000e+00

           Step           Time
       47050000    94100.00000

   Energies (kJ/mol)
           Bond          Angle    Proper Dih. Per. Imp. Dih.          LJ-14
    7.28102e+03    1.93194e+04    2.40243e+04    1.13623e+03    8.81891e+03
     Coulomb-14        LJ (SR)  Disper. corr.   Coulomb (SR)   Coul. recip.
    1.02957e+05    5.09752e+05   -3.12211e+04   -4.18098e+06    2.37465e+04
      Potential    Kinetic En.   Total Energy  Conserved En.    Temperature
   -3.51516e+06    6.39212e+05   -2.87595e+06   -1.08640e+06    2.99780e+02
 Pres. DC (bar) Pressure (bar)   Constr. rmsd
   -2.02870e+02    5.57495e+01    0.00000e+00

           Step           Time
       47100000    94200.00000

   Energies (kJ/mol)
           Bond          Angle    Proper Dih. Per. Imp. Dih.          LJ-14
    7.53318e+03    1.91743e+04    2.41023e+04    1.18090e+03    8.88604e+03
     Coulomb-14        LJ (SR)  Disper. corr.   Coulomb (SR)   Coul. recip.
    1.02436e+05    5.04233e+05   -3.11608e+04   -4.17278e+06    2.37424e+04
      Potential    Kinetic En.   Total Energy  Conserved En.    Temperature
   -3.51266e+06    6.41108e+05   -2.87155e+06   -1.08501e+06    3.00669e+02
 Pres. DC (bar) Pressure (bar)   Constr. rmsd
   -2.02087e+02   -5.27268e+01    0.00000e+00

           Step           Time
       47150000    94300.00000

   Energies (kJ/mol)
           Bond          Angle    Proper Dih. Per. Imp. Dih.          LJ-14
    7.26066e+03    1.91371e+04    2.40553e+04    1.27146e+03    8.86185e+03
     Coulomb-14        LJ (SR)  Disper. corr.   Coulomb (SR)   Coul. recip.
    1.03039e+05    5.06072e+05   -3.12329e+04   -4.17734e+06    2.35424e+04
      Potential    Kinetic En.   Total Energy  Conserved En.    Temperature
   -3.51533e+06    6.38700e+05   -2.87663e+06   -1.08292e+06    2.99540e+02
 Pres. DC (bar) Pressure (bar)   Constr. rmsd
   -2.03023e+02   -2.86188e+01    0.00000e+00

Writing checkpoint, step 47195200 at Wed Sep 30 12:12:39 2026


           Step           Time
       47200000    94400.00000

   Energies (kJ/mol)
           Bond          Angle    Proper Dih. Per. Imp. Dih.          LJ-14
    7.12192e+03    1.90368e+04    2.41020e+04    1.20169e+03    8.92912e+03
     Coulomb-14        LJ (SR)  Disper. corr.   Coulomb (SR)   Coul. recip.
    1.03061e+05    5.11271e+05   -3.13520e+04   -4.18386e+06    2.36961e+04
      Potential    Kinetic En.   Total Energy  Conserved En.    Temperature
   -3.51679e+06    6.39136e+05   -2.87766e+06   -1.08138e+06    2.99744e+02
 Pres. DC (bar) Pressure (bar)   Constr. rmsd
   -2.04573e+02    1.72085e+02    0.00000e+00

           Step           Time
       47250000    94500.00000

   Energies (kJ/mol)
           Bond          Angle    Proper Dih. Per. Imp. Dih.          LJ-14
    7.25612e+03    1.94660e+04    2.38501e+04    1.22010e+03    8.96481e+03
     Coulomb-14        LJ (SR)  Disper. corr.   Coulomb (SR)   Coul. recip.
    1.03211e+05    5.06661e+05   -3.12981e+04   -4.17798e+06    2.35281e+04
      Potential    Kinetic En.   Total Energy  Conserved En.    Temperature
   -3.51513e+06    6.40500e+05   -2.87463e+06   -1.07958e+06    3.00384e+02
 Pres. DC (bar) Pressure (bar)   Constr. rmsd
   -2.03871e+02    4.11500e+01    0.00000e+00

           Step           Time
       47300000    94600.00000

   Energies (kJ/mol)
           Bond          Angle    Proper Dih. Per. Imp. Dih.          LJ-14
    7.24823e+03    1.95968e+04    2.39020e+04    1.13174e+03    8.97333e+03
     Coulomb-14        LJ (SR)  Disper. corr.   Coulomb (SR)   Coul. recip.
    1.03035e+05    5.10010e+05   -3.12356e+04   -4.17962e+06    2.34601e+04
      Potential    Kinetic En.   Total Energy  Conserved En.    Temperature
   -3.51350e+06    6.38978e+05   -2.87452e+06   -1.07758e+06    2.99670e+02
 Pres. DC (bar) Pressure (bar)   Constr. rmsd
   -2.03058e+02    1.05451e+02    0.00000e+00

           Step           Time
       47350000    94700.00000

   Energies (kJ/mol)
           Bond          Angle    Proper Dih. Per. Imp. Dih.          LJ-14
    7.11752e+03    1.90542e+04    2.39759e+04    1.16138e+03    8.87024e+03
     Coulomb-14        LJ (SR)  Disper. corr.   Coulomb (SR)   Coul. recip.
    1.02651e+05    5.05327e+05   -3.11945e+04   -4.17448e+06    2.35557e+04
      Potential    Kinetic En.   Total Energy  Conserved En.    Temperature
   -3.51396e+06    6.38709e+05   -2.87525e+06   -1.07612e+06    2.99544e+02
 Pres. DC (bar) Pressure (bar)   Constr. rmsd
   -2.02525e+02   -6.18450e+01    0.00000e+00

           Step           Time
       47400000    94800.00000

   Energies (kJ/mol)
           Bond          Angle    Proper Dih. Per. Imp. Dih.          LJ-14
    7.48311e+03    1.95949e+04    2.40999e+04    1.17003e+03    8.77530e+03
     Coulomb-14        LJ (SR)  Disper. corr.   Coulomb (SR)   Coul. recip.
    1.02725e+05    5.08941e+05   -3.12225e+04   -4.17493e+06    2.38934e+04
      Potential    Kinetic En.   Total Energy  Conserved En.    Temperature
   -3.50947e+06    6.40639e+05   -2.86883e+06   -1.07436e+06    3.00449e+02
 Pres. DC (bar) Pressure (bar)   Constr. rmsd
   -2.02888e+02    4.26408e+01    0.00000e+00

           Step           Time
       47450000    94900.00000

   Energies (kJ/mol)
           Bond          Angle    Proper Dih. Per. Imp. Dih.          LJ-14
    7.35691e+03    1.91550e+04    2.39903e+04    1.10185e+03    8.96871e+03
     Coulomb-14        LJ (SR)  Disper. corr.   Coulomb (SR)   Coul. recip.
    1.02979e+05    5.06567e+05   -3.12605e+04   -4.18018e+06    2.39815e+04
      Potential    Kinetic En.   Total Energy  Conserved En.    Temperature
   -3.51734e+06    6.41140e+05   -2.87620e+06   -1.07258e+06    3.00684e+02
 Pres. DC (bar) Pressure (bar)   Constr. rmsd
   -2.03382e+02    1.54539e+01    0.00000e+00

           Step           Time
       47500000    95000.00000

   Energies (kJ/mol)
           Bond          Angle    Proper Dih. Per. Imp. Dih.          LJ-14
    7.33901e+03    1.92828e+04    2.38698e+04    1.09410e+03    8.77504e+03
     Coulomb-14        LJ (SR)  Disper. corr.   Coulomb (SR)   Coul. recip.
    1.02879e+05    5.05366e+05   -3.11097e+04   -4.17255e+06    2.35834e+04
      Potential    Kinetic En.   Total Energy  Conserved En.    Temperature
   -3.51147e+06    6.37966e+05   -2.87351e+06   -1.07081e+06    2.99196e+02
 Pres. DC (bar) Pressure (bar)   Constr. rmsd
   -2.01427e+02   -6.94806e+01    0.00000e+00

Writing checkpoint, step 47541400 at Wed Sep 30 12:27:39 2026


           Step           Time
       47550000    95100.00000

   Energies (kJ/mol)
           Bond          Angle    Proper Dih. Per. Imp. Dih.          LJ-14
    7.28411e+03    1.88562e+04    2.38327e+04    1.14004e+03    8.95129e+03
     Coulomb-14        LJ (SR)  Disper. corr.   Coulomb (SR)   Coul. recip.
    1.02927e+05    5.09070e+05   -3.13192e+04   -4.18169e+06    2.34686e+04
      Potential    Kinetic En.   Total Energy  Conserved En.    Temperature
   -3.51748e+06    6.38104e+05   -2.87937e+06   -1.06922e+06    2.99261e+02
 Pres. DC (bar) Pressure (bar)   Constr. rmsd
   -2.04145e+02    9.14306e+01    0.00000e+00

           Step           Time
       47600000    95200.00000

   Energies (kJ/mol)
           Bond          Angle    Proper Dih. Per. Imp. Dih.          LJ-14
    7.26319e+03    1.89562e+04    2.40629e+04    1.17998e+03    8.76231e+03
     Coulomb-14        LJ (SR)  Disper. corr.   Coulomb (SR)   Coul. recip.
    1.02993e+05    5.07190e+05   -3.11425e+04   -4.17837e+06    2.34674e+04
      Potential    Kinetic En.   Total Energy  Conserved En.    Temperature
   -3.51564e+06    6.40687e+05   -2.87495e+06   -1.06735e+06    3.00472e+02
 Pres. DC (bar) Pressure (bar)   Constr. rmsd
   -2.01851e+02   -5.96468e+01    0.00000e+00

           Step           Time
       47650000    95300.00000

   Energies (kJ/mol)
           Bond          Angle    Proper Dih. Per. Imp. Dih.          LJ-14
    7.29004e+03    1.88079e+04    2.38226e+04    1.12800e+03    8.86225e+03
     Coulomb-14        LJ (SR)  Disper. corr.   Coulomb (SR)   Coul. recip.
    1.02923e+05    5.03299e+05   -3.11950e+04   -4.17308e+06    2.33341e+04
      Potential    Kinetic En.   Total Energy  Conserved En.    Temperature
   -3.51481e+06    6.39774e+05   -2.87504e+06   -1.06539e+06    3.00044e+02
 Pres. DC (bar) Pressure (bar)   Constr. rmsd
   -2.02531e+02   -1.02301e+02    0.00000e+00

           Step           Time
       47700000    95400.00000

   Energies (kJ/mol)
           Bond          Angle    Proper Dih. Per. Imp. Dih.          LJ-14
    7.04276e+03    1.93291e+04    2.40803e+04    1.20562e+03    8.96795e+03
     Coulomb-14        LJ (SR)  Disper. corr.   Coulomb (SR)   Coul. recip.
    1.02727e+05    5.09045e+05   -3.11662e+04   -4.17601e+06    2.37850e+04
      Potential    Kinetic En.   Total Energy  Conserved En.    Temperature
   -3.51100e+06    6.41606e+05   -2.86939e+06   -1.06428e+06    3.00903e+02
 Pres. DC (bar) Pressure (bar)   Constr. rmsd
   -2.02158e+02    5.85800e+01    0.00000e+00

           Step           Time
       47750000    95500.00000

   Energies (kJ/mol)
           Bond          Angle    Proper Dih. Per. Imp. Dih.          LJ-14
    7.32196e+03    1.95167e+04    2.39515e+04    1.13280e+03    8.93856e+03
     Coulomb-14        LJ (SR)  Disper. corr.   Coulomb (SR)   Coul. recip.
    1.02884e+05    5.08404e+05   -3.11884e+04   -4.17637e+06    2.38229e+04
      Potential    Kinetic En.   Total Energy  Conserved En.    Temperature
   -3.51158e+06    6.42142e+05   -2.86944e+06   -1.06257e+06    3.01154e+02
 Pres. DC (bar) Pressure (bar)   Constr. rmsd
   -2.02446e+02    6.61264e+01    0.00000e+00

           Step           Time
       47800000    95600.00000

   Energies (kJ/mol)
           Bond          Angle    Proper Dih. Per. Imp. Dih.          LJ-14
    7.62570e+03    1.93888e+04    2.39766e+04    1.06052e+03    9.01495e+03
     Coulomb-14        LJ (SR)  Disper. corr.   Coulomb (SR)   Coul. recip.
    1.02334e+05    5.08379e+05   -3.12470e+04   -4.17589e+06    2.36908e+04
      Potential    Kinetic En.   Total Energy  Conserved En.    Temperature
   -3.51167e+06    6.38936e+05   -2.87273e+06   -1.06030e+06    2.99651e+02
 Pres. DC (bar) Pressure (bar)   Constr. rmsd
   -2.03206e+02    9.63026e+01    0.00000e+00

           Step           Time
       47850000    95700.00000

   Energies (kJ/mol)
           Bond          Angle    Proper Dih. Per. Imp. Dih.          LJ-14
    7.36897e+03    1.92294e+04    2.38909e+04    1.14623e+03    8.97434e+03
     Coulomb-14        LJ (SR)  Disper. corr.   Coulomb (SR)   Coul. recip.
    1.02812e+05    5.05368e+05   -3.11470e+04   -4.17155e+06    2.36380e+04
      Potential    Kinetic En.   Total Energy  Conserved En.    Temperature
   -3.51027e+06    6.39432e+05   -2.87084e+06   -1.05793e+06    2.99883e+02
 Pres. DC (bar) Pressure (bar)   Constr. rmsd
   -2.01909e+02   -2.50168e+01    0.00000e+00

Writing checkpoint, step 47887600 at Wed Sep 30 12:42:39 2026


           Step           Time
       47900000    95800.00000

   Energies (kJ/mol)
           Bond          Angle    Proper Dih. Per. Imp. Dih.          LJ-14
    7.20375e+03    1.93133e+04    2.41321e+04    1.17230e+03    8.85476e+03
     Coulomb-14        LJ (SR)  Disper. corr.   Coulomb (SR)   Coul. recip.
    1.02646e+05    5.07427e+05   -3.12274e+04   -4.17689e+06    2.36613e+04
      Potential    Kinetic En.   Total Energy  Conserved En.    Temperature
   -3.51371e+06    6.40345e+05   -2.87336e+06   -1.05633e+06    3.00312e+02
 Pres. DC (bar) Pressure (bar)   Constr. rmsd
   -2.02952e+02    2.28235e+01    0.00000e+00

           Step           Time
       47950000    95900.00000

   Energies (kJ/mol)
           Bond          Angle    Proper Dih. Per. Imp. Dih.          LJ-14
    7.19803e+03    1.93369e+04    2.41407e+04    1.25704e+03    8.82416e+03
     Coulomb-14        LJ (SR)  Disper. corr.   Coulomb (SR)   Coul. recip.
    1.02905e+05    5.05458e+05   -3.11759e+04   -4.17770e+06    2.35987e+04
      Potential    Kinetic En.   Total Energy  Conserved En.    Temperature
   -3.51615e+06    6.39937e+05   -2.87622e+06   -1.05406e+06    3.00120e+02
 Pres. DC (bar) Pressure (bar)   Constr. rmsd
   -2.02283e+02   -6.99181e+01    0.00000e+00

           Step           Time
       48000000    96000.00000

   Energies (kJ/mol)
           Bond          Angle    Proper Dih. Per. Imp. Dih.          LJ-14
    7.32329e+03    1.95039e+04    2.39674e+04    1.19037e+03    8.88165e+03
     Coulomb-14        LJ (SR)  Disper. corr.   Coulomb (SR)   Coul. recip.
    1.02315e+05    5.08751e+05   -3.12654e+04   -4.17804e+06    2.35280e+04
      Potential    Kinetic En.   Total Energy  Conserved En.    Temperature
   -3.51384e+06    6.41637e+05   -2.87221e+06   -1.05201e+06    3.00917e+02
 Pres. DC (bar) Pressure (bar)   Constr. rmsd
   -2.03445e+02    9.03653e+01    0.00000e+00

           Step           Time
       48050000    96100.00000

   Energies (kJ/mol)
           Bond          Angle    Proper Dih. Per. Imp. Dih.          LJ-14
    7.22289e+03    1.93563e+04    2.40334e+04    1.13960e+03    8.85778e+03
     Coulomb-14        LJ (SR)  Disper. corr.   Coulomb (SR)   Coul. recip.
    1.02724e+05    5.09038e+05   -3.11848e+04   -4.17740e+06    2.37504e+04
      Potential    Kinetic En.   Total Energy  Conserved En.    Temperature
   -3.51246e+06    6.38578e+05   -2.87388e+06   -1.05040e+06    2.99483e+02
 Pres. DC (bar) Pressure (bar)   Constr. rmsd
   -2.02399e+02    5.26124e+01    0.00000e+00

           Step           Time
       48100000    96200.00000

   Energies (kJ/mol)
           Bond          Angle    Proper Dih. Per. Imp. Dih.          LJ-14
    6.98294e+03    1.89936e+04    2.39035e+04    1.16558e+03    8.98956e+03
     Coulomb-14        LJ (SR)  Disper. corr.   Coulomb (SR)   Coul. recip.
    1.03067e+05    5.06012e+05   -3.12444e+04   -4.17767e+06    2.36995e+04
      Potential    Kinetic En.   Total Energy  Conserved En.    Temperature
   -3.51610e+06    6.41561e+05   -2.87454e+06   -1.04850e+06    3.00882e+02
 Pres. DC (bar) Pressure (bar)   Constr. rmsd
   -2.03172e+02   -4.11192e+00    0.00000e+00

           Step           Time
       48150000    96300.00000

   Energies (kJ/mol)
           Bond          Angle    Proper Dih. Per. Imp. Dih.          LJ-14
    7.14365e+03    1.91656e+04    2.37594e+04    1.16429e+03    8.84672e+03
     Coulomb-14        LJ (SR)  Disper. corr.   Coulomb (SR)   Coul. recip.
    1.02467e+05    5.07790e+05   -3.11724e+04   -4.17679e+06    2.35458e+04
      Potential    Kinetic En.   Total Energy  Conserved En.    Temperature
   -3.51408e+06    6.37705e+05   -2.87638e+06   -1.04614e+06    2.99074e+02
 Pres. DC (bar) Pressure (bar)   Constr. rmsd
   -2.02238e+02   -4.04927e+00    0.00000e+00

           Step           Time
       48200000    96400.00000

   Energies (kJ/mol)
           Bond          Angle    Proper Dih. Per. Imp. Dih.          LJ-14
    7.10973e+03    1.96518e+04    2.41034e+04    1.14489e+03    8.83281e+03
     Coulomb-14        LJ (SR)  Disper. corr.   Coulomb (SR)   Coul. recip.
    1.02481e+05    5.08268e+05   -3.11969e+04   -4.17932e+06    2.34267e+04
      Potential    Kinetic En.   Total Energy  Conserved En.    Temperature
   -3.51550e+06    6.38394e+05   -2.87710e+06   -1.04440e+06    2.99396e+02
 Pres. DC (bar) Pressure (bar)   Constr. rmsd
   -2.02555e+02   -6.64610e+00    0.00000e+00

Writing checkpoint, step 48233700 at Wed Sep 30 12:57:39 2026


           Step           Time
       48250000    96500.00000

   Energies (kJ/mol)
           Bond          Angle    Proper Dih. Per. Imp. Dih.          LJ-14
    7.59417e+03    1.92492e+04    2.39134e+04    1.18678e+03    8.81569e+03
     Coulomb-14        LJ (SR)  Disper. corr.   Coulomb (SR)   Coul. recip.
    1.02479e+05    5.07438e+05   -3.11240e+04   -4.17830e+06    2.39731e+04
      Potential    Kinetic En.   Total Energy  Conserved En.    Temperature
   -3.51478e+06    6.40207e+05   -2.87457e+06   -1.04265e+06    3.00247e+02
 Pres. DC (bar) Pressure (bar)   Constr. rmsd
   -2.01611e+02   -8.72793e+01    0.00000e+00

           Step           Time
       48300000    96600.00000

   Energies (kJ/mol)
           Bond          Angle    Proper Dih. Per. Imp. Dih.          LJ-14
    7.25993e+03    1.91386e+04    2.39142e+04    1.24028e+03    8.85807e+03
     Coulomb-14        LJ (SR)  Disper. corr.   Coulomb (SR)   Coul. recip.
    1.02762e+05    5.05161e+05   -3.11483e+04   -4.17123e+06    2.37526e+04
      Potential    Kinetic En.   Total Energy  Conserved En.    Temperature
   -3.51029e+06    6.40144e+05   -2.87015e+06   -1.04156e+06    3.00217e+02
 Pres. DC (bar) Pressure (bar)   Constr. rmsd
   -2.01925e+02   -3.07873e+01    0.00000e+00

           Step           Time
       48350000    96700.00000

   Energies (kJ/mol)
           Bond          Angle    Proper Dih. Per. Imp. Dih.          LJ-14
    7.38234e+03    1.90570e+04    2.40239e+04    1.13724e+03    8.89624e+03
     Coulomb-14        LJ (SR)  Disper. corr.   Coulomb (SR)   Coul. recip.
    1.03223e+05    5.08141e+05   -3.12544e+04   -4.17848e+06    2.33993e+04
      Potential    Kinetic En.   Total Energy  Conserved En.    Temperature
   -3.51447e+06    6.40585e+05   -2.87389e+06   -1.03921e+06    3.00424e+02
 Pres. DC (bar) Pressure (bar)   Constr. rmsd
   -2.03302e+02    2.93412e+01    0.00000e+00

           Step           Time
       48400000    96800.00000

   Energies (kJ/mol)
           Bond          Angle    Proper Dih. Per. Imp. Dih.          LJ-14
    7.27703e+03    1.92314e+04    2.38793e+04    1.20042e+03    8.88304e+03
     Coulomb-14        LJ (SR)  Disper. corr.   Coulomb (SR)   Coul. recip.
    1.03072e+05    5.07274e+05   -3.11627e+04   -4.17734e+06    2.38236e+04
      Potential    Kinetic En.   Total Energy  Conserved En.    Temperature
   -3.51387e+06    6.39797e+05   -2.87407e+06   -1.03746e+06    3.00054e+02
 Pres. DC (bar) Pressure (bar)   Constr. rmsd
   -2.02113e+02   -6.37702e+00    0.00000e+00

           Step           Time
       48450000    96900.00000

   Energies (kJ/mol)
           Bond          Angle    Proper Dih. Per. Imp. Dih.          LJ-14
    7.32551e+03    1.90387e+04    2.41070e+04    1.15893e+03    8.80875e+03
     Coulomb-14        LJ (SR)  Disper. corr.   Coulomb (SR)   Coul. recip.
    1.02912e+05    5.08721e+05   -3.12444e+04   -4.18445e+06    2.34721e+04
      Potential    Kinetic En.   Total Energy  Conserved En.    Temperature
   -3.52015e+06    6.40989e+05   -2.87916e+06   -1.03522e+06    3.00613e+02
 Pres. DC (bar) Pressure (bar)   Constr. rmsd
   -2.03172e+02    5.06395e-01    0.00000e+00

           Step           Time
       48500000    97000.00000

   Energies (kJ/mol)
           Bond          Angle    Proper Dih. Per. Imp. Dih.          LJ-14
    7.48842e+03    1.93351e+04    2.40451e+04    1.11577e+03    9.08369e+03
     Coulomb-14        LJ (SR)  Disper. corr.   Coulomb (SR)   Coul. recip.
    1.02720e+05    5.06208e+05   -3.11920e+04   -4.17426e+06    2.35834e+04
      Potential    Kinetic En.   Total Energy  Conserved En.    Temperature
   -3.51187e+06    6.39857e+05   -2.87201e+06   -1.03348e+06    3.00083e+02
 Pres. DC (bar) Pressure (bar)   Constr. rmsd
   -2.02492e+02   -2.77001e+00    0.00000e+00

           Step           Time
       48550000    97100.00000

   Energies (kJ/mol)
           Bond          Angle    Proper Dih. Per. Imp. Dih.          LJ-14
    7.44450e+03    1.91797e+04    2.41513e+04    1.17942e+03    9.02499e+03
     Coulomb-14        LJ (SR)  Disper. corr.   Coulomb (SR)   Coul. recip.
    1.03283e+05    5.06705e+05   -3.11323e+04   -4.17562e+06    2.38251e+04
      Potential    Kinetic En.   Total Energy  Conserved En.    Temperature
   -3.51195e+06    6.39679e+05   -2.87228e+06   -1.03115e+06    2.99999e+02
 Pres. DC (bar) Pressure (bar)   Constr. rmsd
   -2.01719e+02   -1.82346e+01    0.00000e+00

Writing checkpoint, step 48579700 at Wed Sep 30 13:12:39 2026


           Step           Time
       48600000    97200.00000

   Energies (kJ/mol)
           Bond          Angle    Proper Dih. Per. Imp. Dih.          LJ-14
    7.38746e+03    1.90846e+04    2.39004e+04    1.13284e+03    8.98835e+03
     Coulomb-14        LJ (SR)  Disper. corr.   Coulomb (SR)   Coul. recip.
    1.03329e+05    5.05371e+05   -3.11493e+04   -4.17582e+06    2.33287e+04
      Potential    Kinetic En.   Total Energy  Conserved En.    Temperature
   -3.51445e+06    6.40439e+05   -2.87401e+06   -1.02930e+06    3.00356e+02
 Pres. DC (bar) Pressure (bar)   Constr. rmsd
   -2.01939e+02   -6.75105e+01    0.00000e+00

           Step           Time
       48650000    97300.00000

   Energies (kJ/mol)
           Bond          Angle    Proper Dih. Per. Imp. Dih.          LJ-14
    7.21798e+03    1.93766e+04    2.39871e+04    1.20498e+03    8.88096e+03
     Coulomb-14        LJ (SR)  Disper. corr.   Coulomb (SR)   Coul. recip.
    1.02830e+05    5.05459e+05   -3.11482e+04   -4.17654e+06    2.35338e+04
      Potential    Kinetic En.   Total Energy  Conserved En.    Temperature
   -3.51519e+06    6.39368e+05   -2.87583e+06   -1.02799e+06    2.99853e+02
 Pres. DC (bar) Pressure (bar)   Constr. rmsd
   -2.01925e+02   -2.98522e+01    0.00000e+00

           Step           Time
       48700000    97400.00000

   Energies (kJ/mol)
           Bond          Angle    Proper Dih. Per. Imp. Dih.          LJ-14
    7.26423e+03    1.93196e+04    2.41766e+04    1.19945e+03    8.82304e+03
     Coulomb-14        LJ (SR)  Disper. corr.   Coulomb (SR)   Coul. recip.
    1.02916e+05    5.05060e+05   -3.12161e+04   -4.17297e+06    2.34002e+04
      Potential    Kinetic En.   Total Energy  Conserved En.    Temperature
   -3.51202e+06    6.40746e+05   -2.87128e+06   -1.02592e+06    3.00500e+02
 Pres. DC (bar) Pressure (bar)   Constr. rmsd
   -2.02804e+02   -5.68144e+01    0.00000e+00

           Step           Time
       48750000    97500.00000

   Energies (kJ/mol)
           Bond          Angle    Proper Dih. Per. Imp. Dih.          LJ-14
    7.41553e+03    1.90555e+04    2.38274e+04    1.15857e+03    8.95298e+03
     Coulomb-14        LJ (SR)  Disper. corr.   Coulomb (SR)   Coul. recip.
    1.02789e+05    5.08158e+05   -3.12069e+04   -4.17856e+06    2.38561e+04
      Potential    Kinetic En.   Total Energy  Conserved En.    Temperature
   -3.51455e+06    6.39412e+05   -2.87514e+06   -1.02424e+06    2.99874e+02
 Pres. DC (bar) Pressure (bar)   Constr. rmsd
   -2.02685e+02    4.40694e+01    0.00000e+00

           Step           Time
       48800000    97600.00000

   Energies (kJ/mol)
           Bond          Angle    Proper Dih. Per. Imp. Dih.          LJ-14
    6.91356e+03    1.91692e+04    2.40819e+04    1.12712e+03    9.12745e+03
     Coulomb-14        LJ (SR)  Disper. corr.   Coulomb (SR)   Coul. recip.
    1.02811e+05    5.08143e+05   -3.12690e+04   -4.17993e+06    2.34677e+04
      Potential    Kinetic En.   Total Energy  Conserved En.    Temperature
   -3.51636e+06    6.38492e+05   -2.87786e+06   -1.02294e+06    2.99443e+02
 Pres. DC (bar) Pressure (bar)   Constr. rmsd
   -2.03492e+02    8.20547e+01    0.00000e+00

           Step           Time
       48850000    97700.00000

   Energies (kJ/mol)
           Bond          Angle    Proper Dih. Per. Imp. Dih.          LJ-14
    7.40194e+03    1.93758e+04    2.42232e+04    1.22675e+03    9.01235e+03
     Coulomb-14        LJ (SR)  Disper. corr.   Coulomb (SR)   Coul. recip.
    1.02867e+05    5.10414e+05   -3.12998e+04   -4.17932e+06    2.34694e+04
      Potential    Kinetic En.   Total Energy  Conserved En.    Temperature
   -3.51263e+06    6.40034e+05   -2.87259e+06   -1.02128e+06    3.00166e+02
 Pres. DC (bar) Pressure (bar)   Constr. rmsd
   -2.03892e+02    1.20644e+02    0.00000e+00

           Step           Time
       48900000    97800.00000

   Energies (kJ/mol)
           Bond          Angle    Proper Dih. Per. Imp. Dih.          LJ-14
    7.06019e+03    1.92407e+04    2.41095e+04    1.23912e+03    8.90329e+03
     Coulomb-14        LJ (SR)  Disper. corr.   Coulomb (SR)   Coul. recip.
    1.02884e+05    5.05081e+05   -3.11906e+04   -4.17300e+06    2.37420e+04
      Potential    Kinetic En.   Total Energy  Conserved En.    Temperature
   -3.51193e+06    6.38148e+05   -2.87378e+06   -1.01910e+06    2.99281e+02
 Pres. DC (bar) Pressure (bar)   Constr. rmsd
   -2.02474e+02   -2.98920e+01    0.00000e+00

Writing checkpoint, step 48925700 at Wed Sep 30 13:27:39 2026


           Step           Time
       48950000    97900.00000

   Energies (kJ/mol)
           Bond          Angle    Proper Dih. Per. Imp. Dih.          LJ-14
    7.19684e+03    1.88505e+04    2.40959e+04    1.19740e+03    8.78731e+03
     Coulomb-14        LJ (SR)  Disper. corr.   Coulomb (SR)   Coul. recip.
    1.03046e+05    5.07533e+05   -3.11471e+04   -4.17505e+06    2.36919e+04
      Potential    Kinetic En.   Total Energy  Conserved En.    Temperature
   -3.51180e+06    6.40005e+05   -2.87179e+06   -1.01740e+06    3.00152e+02
 Pres. DC (bar) Pressure (bar)   Constr. rmsd
   -2.01910e+02    1.23657e+01    0.00000e+00

           Step           Time
       49000000    98000.00000

   Energies (kJ/mol)
           Bond          Angle    Proper Dih. Per. Imp. Dih.          LJ-14
    7.30912e+03    1.91545e+04    2.38650e+04    1.16079e+03    8.76544e+03
     Coulomb-14        LJ (SR)  Disper. corr.   Coulomb (SR)   Coul. recip.
    1.02906e+05    5.08584e+05   -3.12335e+04   -4.17805e+06    2.34787e+04
      Potential    Kinetic En.   Total Energy  Conserved En.    Temperature
   -3.51406e+06    6.39873e+05   -2.87419e+06   -1.01584e+06    3.00090e+02
 Pres. DC (bar) Pressure (bar)   Constr. rmsd
   -2.03031e+02    6.46116e+01    0.00000e+00

           Step           Time
       49050000    98100.00000

   Energies (kJ/mol)
           Bond          Angle    Proper Dih. Per. Imp. Dih.          LJ-14
    7.42541e+03    1.91964e+04    2.41088e+04    1.13167e+03    8.86070e+03
     Coulomb-14        LJ (SR)  Disper. corr.   Coulomb (SR)   Coul. recip.
    1.03107e+05    5.06280e+05   -3.12388e+04   -4.17386e+06    2.36272e+04
      Potential    Kinetic En.   Total Energy  Conserved En.    Temperature
   -3.51136e+06    6.40343e+05   -2.87102e+06   -1.01388e+06    3.00311e+02
 Pres. DC (bar) Pressure (bar)   Constr. rmsd
   -2.03100e+02    7.44678e-01    0.00000e+00

           Step           Time
       49100000    98200.00000

   Energies (kJ/mol)
           Bond          Angle    Proper Dih. Per. Imp. Dih.          LJ-14
    7.06228e+03    1.91141e+04    2.40573e+04    1.18548e+03    8.86566e+03
     Coulomb-14        LJ (SR)  Disper. corr.   Coulomb (SR)   Coul. recip.
    1.03044e+05    5.10465e+05   -3.12732e+04   -4.18611e+06    2.29699e+04
      Potential    Kinetic En.   Total Energy  Conserved En.    Temperature
   -3.52062e+06    6.41684e+05   -2.87893e+06   -1.01210e+06    3.00939e+02
 Pres. DC (bar) Pressure (bar)   Constr. rmsd
   -2.03547e+02    7.56457e+01    0.00000e+00

           Step           Time
       49150000    98300.00000

   Energies (kJ/mol)
           Bond          Angle    Proper Dih. Per. Imp. Dih.          LJ-14
    7.32935e+03    1.90197e+04    2.41051e+04    1.18204e+03    8.83921e+03
     Coulomb-14        LJ (SR)  Disper. corr.   Coulomb (SR)   Coul. recip.
    1.03177e+05    5.03909e+05   -3.11582e+04   -4.17220e+06    2.36337e+04
      Potential    Kinetic En.   Total Energy  Conserved En.    Temperature
   -3.51216e+06    6.40171e+05   -2.87199e+06   -1.01030e+06    3.00230e+02
 Pres. DC (bar) Pressure (bar)   Constr. rmsd
   -2.02054e+02   -8.33585e+01    0.00000e+00

           Step           Time
       49200000    98400.00000

   Energies (kJ/mol)
           Bond          Angle    Proper Dih. Per. Imp. Dih.          LJ-14
    7.33504e+03    1.95007e+04    2.40798e+04    1.21689e+03    8.68543e+03
     Coulomb-14        LJ (SR)  Disper. corr.   Coulomb (SR)   Coul. recip.
    1.02786e+05    5.07916e+05   -3.12436e+04   -4.17673e+06    2.34928e+04
      Potential    Kinetic En.   Total Energy  Conserved En.    Temperature
   -3.51296e+06    6.40458e+05   -2.87250e+06   -1.00751e+06    3.00365e+02
 Pres. DC (bar) Pressure (bar)   Constr. rmsd
   -2.03162e+02    1.29028e+00    0.00000e+00

           Step           Time
       49250000    98500.00000

   Energies (kJ/mol)
           Bond          Angle    Proper Dih. Per. Imp. Dih.          LJ-14
    7.27195e+03    1.91595e+04    2.37968e+04    1.24672e+03    8.85077e+03
     Coulomb-14        LJ (SR)  Disper. corr.   Coulomb (SR)   Coul. recip.
    1.03049e+05    5.03526e+05   -3.11293e+04   -4.16930e+06    2.37978e+04
      Potential    Kinetic En.   Total Energy  Conserved En.    Temperature
   -3.50973e+06    6.39315e+05   -2.87042e+06   -1.00592e+06    2.99828e+02
 Pres. DC (bar) Pressure (bar)   Constr. rmsd
   -2.01679e+02   -6.92772e+01    0.00000e+00

Writing checkpoint, step 49265800 at Wed Sep 30 13:42:39 2026


           Step           Time
       49300000    98600.00000

   Energies (kJ/mol)
           Bond          Angle    Proper Dih. Per. Imp. Dih.          LJ-14
    7.00563e+03    1.90957e+04    2.41287e+04    1.18702e+03    9.09723e+03
     Coulomb-14        LJ (SR)  Disper. corr.   Coulomb (SR)   Coul. recip.
    1.03067e+05    5.04351e+05   -3.11342e+04   -4.17533e+06    2.35744e+04
      Potential    Kinetic En.   Total Energy  Conserved En.    Temperature
   -3.51496e+06    6.40740e+05   -2.87422e+06   -1.00422e+06    3.00497e+02
 Pres. DC (bar) Pressure (bar)   Constr. rmsd
   -2.01743e+02   -8.73514e+01    0.00000e+00

           Step           Time
       49350000    98700.00000

   Energies (kJ/mol)
           Bond          Angle    Proper Dih. Per. Imp. Dih.          LJ-14
    7.32507e+03    1.95105e+04    2.39351e+04    1.08347e+03    8.92515e+03
     Coulomb-14        LJ (SR)  Disper. corr.   Coulomb (SR)   Coul. recip.
    1.02696e+05    5.07672e+05   -3.13207e+04   -4.18071e+06    2.35108e+04
      Potential    Kinetic En.   Total Energy  Conserved En.    Temperature
   -3.51738e+06    6.39234e+05   -2.87814e+06   -1.00238e+06    2.99790e+02
 Pres. DC (bar) Pressure (bar)   Constr. rmsd
   -2.04165e+02    4.67704e+01    0.00000e+00

           Step           Time
       49400000    98800.00000

   Energies (kJ/mol)
           Bond          Angle    Proper Dih. Per. Imp. Dih.          LJ-14
    7.39144e+03    1.87066e+04    2.40747e+04    1.23605e+03    8.98714e+03
     Coulomb-14        LJ (SR)  Disper. corr.   Coulomb (SR)   Coul. recip.
    1.03634e+05    5.09277e+05   -3.12235e+04   -4.17787e+06    2.36989e+04
      Potential    Kinetic En.   Total Energy  Conserved En.    Temperature
   -3.51209e+06    6.38567e+05   -2.87352e+06   -1.00061e+06    2.99478e+02
 Pres. DC (bar) Pressure (bar)   Constr. rmsd
   -2.02900e+02    1.06996e+02    0.00000e+00

           Step           Time
       49450000    98900.00000

   Energies (kJ/mol)
           Bond          Angle    Proper Dih. Per. Imp. Dih.          LJ-14
    7.30412e+03    1.91438e+04    2.39518e+04    1.17953e+03    8.96638e+03
     Coulomb-14        LJ (SR)  Disper. corr.   Coulomb (SR)   Coul. recip.
    1.03358e+05    5.09556e+05   -3.12199e+04   -4.18124e+06    2.34537e+04
      Potential    Kinetic En.   Total Energy  Conserved En.    Temperature
   -3.51555e+06    6.37356e+05   -2.87819e+06   -9.98703e+05    2.98910e+02
 Pres. DC (bar) Pressure (bar)   Constr. rmsd
   -2.02854e+02    8.66719e+01    0.00000e+00

           Step           Time
       49500000    99000.00000

   Energies (kJ/mol)
           Bond          Angle    Proper Dih. Per. Imp. Dih.          LJ-14
    7.26275e+03    1.89744e+04    2.41493e+04    1.16794e+03    8.79015e+03
     Coulomb-14        LJ (SR)  Disper. corr.   Coulomb (SR)   Coul. recip.
    1.03412e+05    5.08264e+05   -3.12228e+04   -4.17764e+06    2.36543e+04
      Potential    Kinetic En.   Total Energy  Conserved En.    Temperature
   -3.51319e+06    6.38578e+05   -2.87461e+06   -9.97018e+05    2.99483e+02
 Pres. DC (bar) Pressure (bar)   Constr. rmsd
   -2.02892e+02    1.23285e+01    0.00000e+00

           Step           Time
       49550000    99100.00000

   Energies (kJ/mol)
           Bond          Angle    Proper Dih. Per. Imp. Dih.          LJ-14
    7.13366e+03    1.94948e+04    2.41785e+04    1.12058e+03    9.03835e+03
     Coulomb-14        LJ (SR)  Disper. corr.   Coulomb (SR)   Coul. recip.
    1.03511e+05    5.09526e+05   -3.12551e+04   -4.17701e+06    2.37973e+04
      Potential    Kinetic En.   Total Energy  Conserved En.    Temperature
   -3.51047e+06    6.38853e+05   -2.87162e+06   -9.95402e+05    2.99612e+02
 Pres. DC (bar) Pressure (bar)   Constr. rmsd
   -2.03311e+02    1.27370e+02    0.00000e+00

           Step           Time
       49600000    99200.00000

   Energies (kJ/mol)
           Bond          Angle    Proper Dih. Per. Imp. Dih.          LJ-14
    7.51980e+03    1.90129e+04    2.41459e+04    1.23066e+03    8.83045e+03
     Coulomb-14        LJ (SR)  Disper. corr.   Coulomb (SR)   Coul. recip.
    1.02879e+05    5.08620e+05   -3.12712e+04   -4.18050e+06    2.35515e+04
      Potential    Kinetic En.   Total Energy  Conserved En.    Temperature
   -3.51598e+06    6.39643e+05   -2.87633e+06   -9.93697e+05    2.99983e+02
 Pres. DC (bar) Pressure (bar)   Constr. rmsd
   -2.03521e+02    4.79796e+01    0.00000e+00

Writing checkpoint, step 49611700 at Wed Sep 30 13:57:39 2026


           Step           Time
       49650000    99300.00000

   Energies (kJ/mol)
           Bond          Angle    Proper Dih. Per. Imp. Dih.          LJ-14
    7.41199e+03    1.94167e+04    2.43018e+04    1.18937e+03    8.82589e+03
     Coulomb-14        LJ (SR)  Disper. corr.   Coulomb (SR)   Coul. recip.
    1.02873e+05    5.07636e+05   -3.12009e+04   -4.17604e+06    2.39432e+04
      Potential    Kinetic En.   Total Energy  Conserved En.    Temperature
   -3.51164e+06    6.40233e+05   -2.87141e+06   -9.91693e+05    3.00259e+02
 Pres. DC (bar) Pressure (bar)   Constr. rmsd
   -2.02607e+02    1.26882e+01    0.00000e+00

           Step           Time
       49700000    99400.00000

   Energies (kJ/mol)
           Bond          Angle    Proper Dih. Per. Imp. Dih.          LJ-14
    7.48906e+03    1.90078e+04    2.41735e+04    1.27103e+03    8.89286e+03
     Coulomb-14        LJ (SR)  Disper. corr.   Coulomb (SR)   Coul. recip.
    1.03188e+05    5.05886e+05   -3.11843e+04   -4.17259e+06    2.36531e+04
      Potential    Kinetic En.   Total Energy  Conserved En.    Temperature
   -3.51021e+06    6.39712e+05   -2.87050e+06   -9.90126e+05    3.00015e+02
 Pres. DC (bar) Pressure (bar)   Constr. rmsd
   -2.02393e+02   -8.11656e+00    0.00000e+00

           Step           Time
       49750000    99500.00000

   Energies (kJ/mol)
           Bond          Angle    Proper Dih. Per. Imp. Dih.          LJ-14
    7.25738e+03    1.91566e+04    2.40536e+04    1.16669e+03    8.72035e+03
     Coulomb-14        LJ (SR)  Disper. corr.   Coulomb (SR)   Coul. recip.
    1.02751e+05    5.10012e+05   -3.12260e+04   -4.18240e+06    2.37160e+04
      Potential    Kinetic En.   Total Energy  Conserved En.    Temperature
   -3.51680e+06    6.39753e+05   -2.87704e+06   -9.88142e+05    3.00034e+02
 Pres. DC (bar) Pressure (bar)   Constr. rmsd
   -2.02934e+02    1.47083e+01    0.00000e+00

           Step           Time
       49800000    99600.00000

   Energies (kJ/mol)
           Bond          Angle    Proper Dih. Per. Imp. Dih.          LJ-14
    7.50574e+03    1.92655e+04    2.41621e+04    1.18990e+03    8.86540e+03
     Coulomb-14        LJ (SR)  Disper. corr.   Coulomb (SR)   Coul. recip.
    1.02598e+05    5.06960e+05   -3.11315e+04   -4.17436e+06    2.36459e+04
      Potential    Kinetic En.   Total Energy  Conserved En.    Temperature
   -3.51130e+06    6.39245e+05   -2.87205e+06   -9.85950e+05    2.99796e+02
 Pres. DC (bar) Pressure (bar)   Constr. rmsd
   -2.01708e+02   -1.43315e+01    0.00000e+00

           Step           Time
       49850000    99700.00000

   Energies (kJ/mol)
           Bond          Angle    Proper Dih. Per. Imp. Dih.          LJ-14
    7.50199e+03    1.92923e+04    2.39249e+04    1.25225e+03    8.90008e+03
     Coulomb-14        LJ (SR)  Disper. corr.   Coulomb (SR)   Coul. recip.
    1.03055e+05    5.02800e+05   -3.12195e+04   -4.17553e+06    2.31722e+04
      Potential    Kinetic En.   Total Energy  Conserved En.    Temperature
   -3.51685e+06    6.38580e+05   -2.87827e+06   -9.83848e+05    2.99484e+02
 Pres. DC (bar) Pressure (bar)   Constr. rmsd
   -2.02848e+02   -1.22586e+02    0.00000e+00

           Step           Time
       49900000    99800.00000

   Energies (kJ/mol)
           Bond          Angle    Proper Dih. Per. Imp. Dih.          LJ-14
    7.32320e+03    1.87301e+04    2.41648e+04    1.17375e+03    8.89388e+03
     Coulomb-14        LJ (SR)  Disper. corr.   Coulomb (SR)   Coul. recip.
    1.03132e+05    5.08629e+05   -3.11960e+04   -4.17958e+06    2.34780e+04
      Potential    Kinetic En.   Total Energy  Conserved En.    Temperature
   -3.51525e+06    6.36358e+05   -2.87889e+06   -9.81556e+05    2.98442e+02
 Pres. DC (bar) Pressure (bar)   Constr. rmsd
   -2.02544e+02    1.61132e+01    0.00000e+00

           Step           Time
       49950000    99900.00000

   Energies (kJ/mol)
           Bond          Angle    Proper Dih. Per. Imp. Dih.          LJ-14
    7.39217e+03    1.92086e+04    2.39634e+04    1.17904e+03    8.76875e+03
     Coulomb-14        LJ (SR)  Disper. corr.   Coulomb (SR)   Coul. recip.
    1.03093e+05    5.09269e+05   -3.12070e+04   -4.18192e+06    2.37098e+04
      Potential    Kinetic En.   Total Energy  Conserved En.    Temperature
   -3.51654e+06    6.39699e+05   -2.87684e+06   -9.79852e+05    3.00009e+02
 Pres. DC (bar) Pressure (bar)   Constr. rmsd
   -2.02687e+02    1.53520e+01    0.00000e+00

Writing checkpoint, step 49957200 at Wed Sep 30 14:12:39 2026


           Step           Time
       50000000   100000.00000

Writing checkpoint, step 50000000 at Wed Sep 30 14:14:31 2026


   Energies (kJ/mol)
           Bond          Angle    Proper Dih. Per. Imp. Dih.          LJ-14
    7.30273e+03    1.92048e+04    2.43405e+04    1.22751e+03    8.94734e+03
     Coulomb-14        LJ (SR)  Disper. corr.   Coulomb (SR)   Coul. recip.
    1.03168e+05    5.06715e+05   -3.12122e+04   -4.18025e+06    2.36481e+04
      Potential    Kinetic En.   Total Energy  Conserved En.    Temperature
   -3.51691e+06    6.39063e+05   -2.87785e+06   -9.78098e+05    2.99710e+02
 Pres. DC (bar) Pressure (bar)   Constr. rmsd
   -2.02754e+02   -4.38105e+01    0.00000e+00


Energy conservation over simulation part #1 of length 100000 ps, time 0 to 100000 ps
  Conserved energy drift: 7.41e-05 kJ/mol/ps per atom


	<======  ###############  ==>
	<====  A V E R A G E S  ====>
	<==  ###############  ======>

	Statistics over 50000001 steps using 500001 frames

   Energies (kJ/mol)
           Bond          Angle    Proper Dih. Per. Imp. Dih.          LJ-14
    7.31007e+03    1.93020e+04    2.41273e+04    1.18236e+03    8.87570e+03
     Coulomb-14        LJ (SR)  Disper. corr.   Coulomb (SR)   Coul. recip.
    1.03066e+05    5.06909e+05   -3.12037e+04   -4.17694e+06    2.36050e+04
      Potential    Kinetic En.   Total Energy  Conserved En.    Temperature
   -3.51377e+06    6.39683e+05   -2.87408e+06   -1.92182e+06    3.00001e+02
 Pres. DC (bar) Pressure (bar)   Constr. rmsd
   -2.02644e+02    1.11797e+00    0.00000e+00

          Box-X          Box-Y          Box-Z
    1.53551e+01    1.53551e+01    1.08577e+01

   Total Virial (kJ/mol)
    2.13134e+05   -4.15976e+01   -1.75180e+00
   -4.15943e+01    2.13087e+05    9.72113e+00
   -1.73860e+00    9.74194e+00    2.13219e+05

   Pressure (bar)
    1.28251e+00    1.50449e-01    1.45685e-01
    1.50406e-01    1.13898e+00    1.98245e-01
    1.45513e-01    1.97975e-01    9.32439e-01

      T-Protein  T-non-Protein
    3.00076e+02    2.99998e+02


	M E G A - F L O P S   A C C O U N T I N G

 NB=Group-cutoff nonbonded kernels    NxN=N-by-N cluster Verlet kernels
 RF=Reaction-Field  VdW=Van der Waals  QSTab=quadratic-spline table
 W3=SPC/TIP3p  W4=TIP4p (single or pairs)
 V&F=Potential and force  V=Potential only  F=Force only

 Computing:                               M-Number         M-Flops  % Flops
-----------------------------------------------------------------------------
 Pair Search distance check        11856915.728912   106712241.560     0.0
 NxN Ewald Elec. + LJ [F]         12089304707.122368 797894110670.076    98.3
 NxN Ewald Elec. + LJ [V&F]       122114433.292672 13066244362.316     1.6
 1,4 nonbonded interactions         1229150.024583   110623502.212     0.0
 Shift-X                             126920.253840      761521.523     0.0
 Bonds                               243850.004877    14387150.288     0.0
 Angles                              851300.017026   143018402.860     0.0
 Propers                            1329850.026597   304535656.091     0.0
 Impropers                            97550.001951    20290400.406     0.0
 Virial                              253885.253885     4569934.570     0.0
 Stop-CM                             126920.253840     1269202.538     0.0
 Calc-Ekin                          2538400.507680    68536813.707     0.0
-----------------------------------------------------------------------------
 Total                                             811735059858.148   100.0
-----------------------------------------------------------------------------


      R E A L   C Y C L E   A N D   T I M E   A C C O U N T I N G

On 1 MPI rank, each using 16 OpenMP threads

 Activity:              Num   Num      Call    Wall time         Giga-Cycles
                        Ranks Threads  Count      (s)         total sum    %
--------------------------------------------------------------------------------
 Neighbor search           1   16     500001    4185.937     162023.420   3.1
 Launch PP GPU ops.        1   16   99500001    8245.296     319147.429   6.2
 Force                     1   16   50000001   14170.322     548485.053  10.6
 PME GPU mesh              1   16   50000001    4776.600     184885.954   3.6
 Wait GPU NB local         1   16   50000001    2403.523      93032.212   1.8
 Wait GPU state copy       1   16  111500003   96434.565    3732654.556  72.3
 NB X/F buffer ops.        1   16    1000001     347.311      13443.233   0.3
 Write traj.               1   16       1149      19.215        743.752   0.0
 GPU constr. setup         1   16          1       0.003          0.110   0.0
 Kinetic energy            1   16   10000001    1710.570      66210.354   1.3
 Rest                                           1018.627      39427.602   0.8
--------------------------------------------------------------------------------
 Total                                        133311.970    5160053.676 100.0
--------------------------------------------------------------------------------
 Breakdown of PME mesh activities
--------------------------------------------------------------------------------
 Wait PME GPU gather       1   16   50000001     471.884      18265.016   0.4
 Reduce GPU PME F          1   16   50000001     163.013       6309.674   0.1
 Launch PME GPU ops.       1   16  450000009    3901.703     151021.657   2.9
--------------------------------------------------------------------------------

               Core t (s)   Wall t (s)        (%)
       Time:  2132989.699   133311.970     1600.0
                         1d13h01:51
                 (ns/day)    (hour/ns)
Performance:       64.810        0.370
Finished mdrun on rank 0 Wed Sep 30 14:14:31 2026

