| Run on Wed Sep 30 17:44:13 2026
| GB non-polar solvation energies calculated with gbsa=2
idecomp = 1: Per-residue decomp adding 1-4 interactions to Internal.
Energy Decomposition Analysis (All units kcal/mol): Generalized Born model

Complex:
Total Energy Decomposition:
Residue,Internal,,,van der Waals,,,Electrostatic,,,Polar Solvation,,,Non-Polar Solv.,,,TOTAL,,
,Avg.,Std. Dev.,Std. Err. of Mean,Avg.,Std. Dev.,Std. Err. of Mean,Avg.,Std. Dev.,Std. Err. of Mean,Avg.,Std. Dev.,Std. Err. of Mean,Avg.,Std. Dev.,Std. Err. of Mean,Avg.,Std. Dev.,Std. Err. of Mean
R:A:HIS:25,90.36739215686275,2.770806982885866,0.38799058348208165,-12.036823529411766,1.1058946463647121,0.1548562248337705,-68.86211764705882,3.396331184612439,0.4755814916576056,-1.8307647058823526,1.7500058217072385,0.2450498299069718,0.11422277647058823,0.06765738705204359,0.009473929162635118,7.75190905098039,4.847941596066322,0.6788476065502633
R:A:ALA:26,85.56845098039216,2.4074094474345404,0.3371047503343463,-6.873745098039215,0.8350236545466491,0.11692669931539575,-71.11178431372548,2.3439109625875845,0.3282131839646316,-1.4617450980392157,1.660003317302819,0.23244695846395663,0.04995105882352942,0.04256742783500437,0.005960632142565616,6.171127529411764,3.8398211353078193,0.5376825062001361
R:A:ASN:27,25.992960784313723,5.463145678484556,0.7649934089725612,-7.148980392156863,1.537625818096938,0.21531068097684175,-85.36350980392156,7.367840744091586,1.0317040656241558,-8.918843137254902,2.6263197643862495,0.36775832603592,0.26509002352941174,0.14243610112168784,0.019945043564729915,-75.1732825254902,9.66504912759513,1.353377580452375
R:A:ASN:28,31.05170588235294,6.554804100493603,0.9178561636626325,-5.081392156862745,1.21812324432705,0.17057137189227534,-88.39172549019607,6.889271719609059,0.9646909982425965,-12.934666666666667,3.5489871168483487,0.49695759781947296,0.7348424470588235,0.22127388226266803,0.03098454104479727,-74.62123598431371,10.225244131430307,1.4318205711566143
R:A:SER:29,89.9445882352941,5.867203065417285,0.8215727601451912,-5.755254901960784,0.9658220077795209,0.13524213222096085,-84.35023529411762,5.88743202979202,0.8244053817386365,-3.512647058823529,1.8591321802571812,0.26033057655897024,0.13041995294117645,0.08197748480631466,0.011479143931299118,-3.5431290666666673,8.5721544922299,1.2003417212680767
R:A:THR:30,27.631490196078435,3.5527660716275435,0.49748675733104786,-4.799039215686276,1.1706527919269845,0.1639241789847142,-39.01817647058823,3.713463003540233,0.5199888286632223,-5.855607843137255,1.610699471468674,0.22554303912520257,0.7315215529411766,0.1417049846671852,0.01984266678369539,-21.309811780392156,5.5133306891284235,0.7720207160646954
R:A:ASP:31,96.56199999999998,9.082520361532204,1.2718072375032423,-6.05721568627451,1.5683599691063008,0.21961432293263378,-87.7538431372549,17.733725693034337,2.4832182903571796,-67.07709803921568,9.677418291791973,1.3551096098804662,0.22346456470588236,0.09954247252677942,0.013938734179415452,-64.10269229803922,22.20583908714721,3.1094394222862958
R:A:THR:32,46.99296078431373,3.96208205792816,0.5548024597001514,-6.7274705882352945,0.8844344233095792,0.12384559085892019,-60.17464705882353,4.467548807346235,0.625581961935002,-0.4016862745098039,3.0512336270227416,0.42725816796364935,0.33714282352941166,0.12300826760915912,0.017224602730389324,-19.97370031372549,6.764944087683689,0.9472816475546503
R:A:THR:44,29.59333333333333,3.011408143466433,0.42168148481758094,-8.892039215686275,1.0044719998397813,0.1406542136339432,-44.90290196078432,5.1116991122245965,0.715781046239176,-2.1969607843137258,2.69664472683664,0.37760579046884996,0.07428042352941176,0.08101665630882933,0.011344601030379592,-26.32428820392157,6.594351165982225,0.9233938604811793
R:A:HIS:45,107.3754705882353,2.172055864960084,0.30414865690998377,-11.159490196078432,0.8386476128454275,0.11743415497850851,-85.98907843137253,4.001179795829526,0.5602772380715344,-6.924039215686276,2.0017400661873603,0.2802996748083071,0.3092815058823529,0.12358487888799564,0.017305344459387393,3.6121442509803896,5.045080056100477,0.7064525124884411
R:A:SER:46,77.58860784313725,3.551901082123964,0.4973656345735723,-6.864411764705882,1.1593334828975976,0.1623391586848333,-76.42509803921568,5.031831948216693,0.7045974063263695,0.22139215686274508,2.1229161138879586,0.29726771543394465,0.07463576470588235,0.06985309351382027,0.009781389565514867,-5.404874039215685,6.617479917471125,0.9266325334890134
R:A:VAL:47,43.98950980392157,3.054342183101381,0.4276934528803496,-7.65343137254902,1.1532918997697792,0.16149316783184495,-48.146764705882354,2.09947287117351,0.29398500484613693,-1.9871568627450977,0.6084463458565891,0.08519953003026,0.11432159999999998,0.07281554410652585,0.010196215622003128,-13.6835215372549,3.9296798563738493,0.5502652439486351
R:A:ASN:48,22.58892156862745,3.682098942356045,0.5155969816401769,-9.296215686274511,0.6986043878579156,0.09782418109320183,-84.67166666666667,3.9415694478745777,0.551930119767205,-4.3856078431372545,1.9461267322499067,0.27251225041640553,0.17145487058823528,0.09989459959921147,0.013988041832072824,-75.59311375686275,5.777478568844624,0.8090088175851776
R:A:LEU:49,64.59254901960784,2.921335816622155,0.4090688362773705,-11.21472549019608,0.7750472744197893,0.10852832625502225,-67.44719607843138,1.2903030654729666,0.1806785684942084,-0.2015686274509804,0.3471399251644993,0.04860931235788221,0.012168,0.01597202241214674,0.002236530488537809,-14.258773176470587,3.3046247086434883,0.4627400164700341
R:A:GLU:51,94.81370588235295,2.4419665515696583,0.34194371280255503,-7.540627450980392,1.6150389537071674,0.22615068818055814,-114.40641176470587,11.53372812739768,1.6150449791388644,-37.79294117647059,8.939327244528812,1.251756190512268,0.03843021176470589,0.036912137578498205,0.005168733111007292,-64.88784429803921,14.883258046152953,2.084072982747761
R:A:ASP:52,87.13419607843137,3.3399832042527553,0.46769119619031896,-5.136980392156863,1.1082940872932863,0.15519221376827894,-80.0231568627451,14.72294202719614,2.0616242498981725,-67.75362745098039,12.60508804359166,1.7650653744860991,0.5577710117647059,0.09799096161634671,0.013721479196612344,-65.22179761568627,19.698900282504454,2.758397774284472
R:A:SER:53,75.09641176470588,4.513062162806069,0.6319551064557714,-4.616666666666666,1.1097317228645966,0.15539352301413853,-69.36450980392155,5.421261391358407,0.7591284356629155,-3.9368823529411765,1.286229138965478,0.18010810467898541,0.3762173647058824,0.10675179050930378,0.014948240618450839,-2.4454296941176477,7.256382776440197,1.016096828393308
R:A:ILE:302,78.36429411764706,3.413570411271824,0.4779954662331238,-9.679843137254903,0.8573168214008311,0.1200483670709782,-61.94998039215687,1.7916932017025953,0.25088723070325236,-0.21127450980392157,0.8090240326644699,0.11328602404400831,0.02921985882352941,0.018968141283588827,0.002656071047043892,6.552415937254902,4.031438860978428,0.5645143547004656
R:A:ASN:303,22.21041176470588,7.621911054621897,1.0672810252019966,-4.9930980392156865,1.1007654245115426,0.15413799011301507,-80.81305882352942,7.54210968408282,1.0561065982175957,-11.501803921568627,2.6617156565010944,0.37271474231440216,0.7941687529411764,0.17440328909094277,0.024421345230302663,-74.30338026666666,11.104223425094265,1.5549022910756791
R:A:SER:304,80.73923529411765,6.1722531227505035,0.8642883121367221,-4.861137254901961,0.9231761886437165,0.1292705231006681,-77.12554901960785,8.152606575389695,1.1415932620433988,-2.8376274509803925,2.355682457717802,0.32986152298363924,0.19238484705882353,0.07863395044529481,0.011010955473699176,-3.892693584313726,10.534200491704693,1.475083114969215
R:A:SER:305,68.20950980392156,3.5933925931263424,0.5031756082248583,-4.443294117647058,0.8192942035228751,0.11472413561526729,-55.18917647058824,3.063686262964558,0.429001885773947,-7.289372549019608,2.1128474696093607,0.29585782322829635,0.4967912470588235,0.16403373560452209,0.022969317307572852,1.7844579137254903,5.240316625394905,0.7337911004541353
R:A:LEU:306,74.80905882352941,3.1704693189529762,0.44395450443517004,-9.860745098039216,0.9992964749407014,0.13992949518988593,-64.69345098039216,2.3309087204957963,0.32639250589974744,-1.3433529411764709,1.0113570929944444,0.14161831951605844,0.0737939294117647,0.05370331521092928,0.007519968273614275,-1.0146962666666668,4.184415350577573,0.5859353478714857
R:A:ARG:329,-187.85984313725493,3.9328067828308515,0.5507031012328312,-11.255980392156864,1.4235730866200254,0.19934010413523023,4.811078431372549,14.208800600460703,1.9896300498750348,20.668,10.26523340899643,1.4374201900516654,0.3345854117647059,0.1433354885850916,0.02007098300001279,-173.3021596862745,18.021628839567914,2.523532794579176
R:A:THR:332,30.83929411764706,3.8836070826382962,0.5438137652008527,-8.563843137254901,0.7841897872663879,0.10980853412072847,-44.54262745098039,4.2937523511916815,0.6012455903122153,-2.2972745098039216,1.4591125032681296,0.2043166178682616,0.07752014117647059,0.03732611377018474,0.005226701372655334,-24.48693083921568,6.0219655748017935,0.8432438461097237
R:A:TRP:357,129.94519607843137,3.457424452378706,0.484136260269735,-16.620980392156863,1.3613214959376083,0.190623137872065,-95.32972549019611,2.0887740665555383,0.29248687254319167,-5.278176470588235,1.3027709790136148,0.1824244255962437,0.22832654117647058,0.14289469196928392,0.020009259127790547,12.944640266666669,4.459550232599254,0.6244619374431213
R:A:THR:358,35.54627450980392,3.978098181333719,0.5570451655629652,-5.1698627450980394,0.704416738831074,0.09863807302411129,-44.51772549019608,3.6389640094262083,0.5095568828894235,-8.182745098039215,2.4739012997505263,0.34641547198916695,0.696682588235294,0.1768797743570603,0.02476812252995598,-21.627376235294115,5.976202911519928,0.8368357915111561
R:A:GLY:359,70.5462156862745,1.70612193336779,0.23890485642182793,-3.860490196078431,0.6582498891534657,0.0921734210095243,-63.262901960784305,1.891354263794233,0.2648425707432523,-5.566294117647059,1.308913204242324,0.18328450916218128,0.24133863529411761,0.10903824911727585,0.015268408863620608,-1.9021319529411764,2.9404946922707227,0.4117516154776764
R:A:MET:360,93.20515686274507,2.619702178646619,0.3668316786843648,-12.180294117647058,0.9757152086530015,0.1366274574360032,-76.01609803921569,2.6096528223373716,0.36542448733465077,-1.512058823529412,1.7221314018295013,0.24114663040610881,0.021076094117647055,0.022766324571288608,0.0031879230883692954,3.51778197647059,4.194210580912426,0.5873069544671219
R:A:ILE:361,78.07005882352942,3.34769907760343,0.46877163456870213,-6.2385294117647065,2.286905318418202,0.3202307971438742,-61.76086274509803,2.674138893980331,0.3744543435165347,-2.6710196078431374,1.6426203658430025,0.23001285839087596,0.6098840470588235,0.41444211592767066,0.05803350409159448,8.009531105882354,5.143734811168968,0.7202669413601481
R:A:ASP:362,86.24876470588237,10.185908743211321,1.4263125150845588,-5.053450980392157,1.3040643751962175,0.18260553728776935,-49.99164705882353,13.426235066894627,1.880048956765102,-94.61176470588236,9.516421669704274,1.3325655735299473,0.5643100235294117,0.22004590688918027,0.030812590098880096,-62.84378801568628,19.39917035566087,2.716427189569848
R:A:GLY:363,82.3183137254902,3.3545401162860453,0.4697295715908353,-4.222411764705883,0.8306382893322032,0.11631262535829798,-75.19256862745097,4.583573664664715,0.6418286916305279,-4.177078431372549,1.7346172188149478,0.24289499449186275,0.1050981176470588,0.06381208831963751,0.00893547963942248,-1.1686469803921569,5.997083939491764,0.8397597202714555
R:A:TRP:364,116.08911764705881,3.5670068280912157,0.4994808620968052,-15.629352941176473,1.2329237023533461,0.17264385055314685,-81.34621568627452,2.667242810165845,0.3734886986342134,-4.491784313725491,1.0886119839128388,0.1524361680307368,0.2470226823529412,0.09046515232289715,0.01266765510963131,14.868787388235294,4.74879803436184,0.6649647310588245
R:A:GLY:376,72.67378431372549,1.7840753997269299,0.24982052506419303,-4.025156862745098,0.5319181483748696,0.07448343895023858,-70.4473137254902,1.483278569029104,0.20770054392770196,-2.1894313725490195,0.6709239825705384,0.09394814906902804,0.14785383529411764,0.025917370840898128,0.003629157821887792,-3.8402638117647054,2.4732140955287303,0.3463192441506229
R:A:TYR:377,77.50264705882353,2.873480589626792,0.40236776414954595,-10.855392156862745,0.9415756106265288,0.13184695751668404,-70.35533333333333,1.972434861039966,0.27619612529568194,-8.782274509803921,1.2229575061707048,0.17124830395033996,0.6783647999999999,0.09529936105438545,0.01334457973050505,-11.811988141176476,3.8129596956499623,0.5339211523020143
R:A:ALA:378,86.64298039215689,2.679179853218153,0.3751602189990466,-4.97556862745098,0.918694966443544,0.12864302648076753,-77.49435294117647,2.8018533909632266,0.3923379501732151,0.40698039215686266,1.329508865387871,0.18616847857413119,0.16842042352941178,0.05666837682317682,0.007935159945968896,4.748459639215686,4.200380063730852,0.5881708548590614
R:A:ALA:379,91.6332549019608,2.371150674938286,0.3320275066345655,-5.909156862745097,0.8074871302938256,0.11307081466593745,-81.13464705882353,3.1262436886657956,0.43776167750569756,-1.674235294117647,1.55470072258089,0.2177016458453976,0.09272950588235296,0.068310107775854,0.009565328345633523,3.0079451921568623,4.2976215744747766,0.6017873899426127
R:A:ASP:380,108.5502156862745,3.0798530287936847,0.4312656857953141,-7.192372549019607,1.295672918674933,0.18143049834349517,-116.84007843137255,11.450394946254958,1.6033759997495791,-51.46141176470588,9.418053466877303,1.3187912699979238,0.08172917647058824,0.04810591802096127,0.0067361758928636195,-66.86191788235294,15.197955543450133,2.128139446543631
R:A:GLN:381,41.37096078431373,3.535539595840534,0.49507456823479384,-6.574274509803922,0.9907727243475337,0.13873593137020246,-79.38692156862744,5.817866224451472,0.8146642205638627,-7.817588235294116,4.6011942617511155,0.6442960687474049,0.7489749176470585,0.21022005901544402,0.029436696190251913,-51.65884861176471,8.27915571409696,1.1593136859016668
R:A:LYS:382,132.3736470588235,3.5776589882515135,0.5009724628692394,-6.185843137254902,0.7823199880032297,0.1095467098537954,-127.10341176470591,14.088777589546396,1.9728234666941968,-11.293764705882353,14.61001317065106,2.0458110470249595,1.1567302588235293,0.19424849632822827,0.027200230076080602,-11.05264229019608,20.625119143715853,2.8880943567650146
R:A:GLN:385,20.272137254901963,2.988498075265731,0.4184734335950643,-7.0609607843137265,0.8441122953076686,0.11819936358024984,-62.20158823529412,3.0607636761811947,0.42859264176728834,-9.475411764705882,2.4782416693345906,0.3470232452977556,0.8166279529411765,0.12010003515280927,0.016817368731554268,-57.64919557647058,5.016774500060451,0.7024889418494225
R:A:ILE:388,80.32433333333334,3.112454271916496,0.4358307729412569,-7.268039215686275,1.5099975712327478,0.21144195259278828,-68.73743137254903,1.772512709154381,0.24820142453154118,-0.23517647058823532,0.9295044791184541,0.13015666101244003,0.49591284705882355,0.13115206924352724,0.018364963054077366,4.579599121568629,3.9988054473782517,0.5599447627866482
R:A:ASN:389,24.32392156862745,7.53276690784775,1.054798347868446,-6.3863529411764715,0.6831421298311011,0.09565903189629678,-84.45003921568626,6.779096851064246,0.9492634308242258,-11.059980392156863,2.4029880213992083,0.3364856268523184,0.7229528470588235,0.07448177367925121,0.010429534430613709,-76.84949813333334,10.437687173853408,1.461568547286153
R:A:ILE:391,89.0691568627451,2.866649833780144,0.401411267012454,-9.468274509803923,1.3174135098809776,0.18447479003157705,-76.99023529411765,1.816318346764559,0.25433544072290926,0.8959999999999999,0.7085334757613855,0.09921453149758107,0.0765204705882353,0.03609171779152736,0.005053851362183515,3.5831675294117655,3.7088534967951796,0.5193433686139932
R:A:THR:392,32.905647058823526,3.662836631513616,0.5128997186156758,-6.70035294117647,1.1784337698582514,0.16501373382785567,-47.08696078431373,3.630789267410666,0.5084121900457803,-1.7638823529411765,1.4607023914388748,0.20453924674239424,0.34030828235294114,0.1690087608514187,0.023665960184649438,-22.305240737254906,5.490894688577136,0.7688790475909744
R:A:ASN:393,31.241568627450977,6.275800457514975,0.878787839199209,-6.525588235294117,0.8654140610808758,0.12118220741693499,-86.16676470588236,7.7529701268464795,1.0856329660687238,-8.988215686274511,2.4646324970746236,0.3451175800101817,0.6266436705882352,0.08214147830592092,0.011502107614439988,-69.81235632941177,10.311368446308673,1.4438803874440878
R:A:LYS:394,141.55617647058824,3.7596257307775716,0.5264529034207085,-8.470470588235294,1.6252293033140381,0.2275776225409365,-152.93382352941177,14.370455037627234,2.01226619876094,10.48256862745098,13.703617962600173,1.9188903312157515,0.4344275294117647,0.23136602603348397,0.03239772383753936,-8.931121490196078,20.276311533788437,2.8392515218311374
R:A:VAL:395,48.48086274509804,3.0450636943633413,0.4263942045813741,-8.573196078431375,0.7801543090100664,0.10924345413754297,-55.828901960784314,2.2798114065009507,0.3192374507863166,-1.0684313725490195,1.496868342081416,0.20960349278286328,0.08047341176470588,0.043880489800712685,0.006144497594533218,-16.90919325490196,4.161866651962705,0.5827778985123708
R:A:ASN:396,27.54531372549019,7.476218050120588,1.046879923943458,-7.415823529411766,1.3073285544385118,0.1830626138061376,-88.07470588235293,9.058764700216413,1.2684807795609008,-9.575823529411766,4.5929057644387825,0.6431354469761068,0.4379514352941177,0.13451047788943232,0.018835234328166205,-77.08308778039216,12.679788586792888,1.7755255427771743
R:A:ILE:399,78.1149411764706,4.18913715862762,0.5865965332487941,-8.60007843137255,1.4621007964386583,0.20473506260945443,-63.326019607843136,3.320914187212795,0.46502099971201427,-3.2098235294117647,1.4563104967608311,0.20392425847751292,0.32207548235294114,0.17534196183524028,0.024552785705228633,3.3010950901960796,5.732945576065457,0.8027729512980945
R:A:GLU:493,102.10321568627451,2.6263734058973642,0.3677658373498891,-7.0627450980392155,1.4328288466011707,0.20063616977164436,-58.452450980392165,15.223473692531707,2.131712702137649,-95.22109803921569,14.11459045442944,1.9764379907549399,0.5660106352941175,0.08138445341430166,0.011396102926555197,-58.06706779607843,20.974586388379404,2.937029559037266
L:B:SER:27,70.86094117647059,4.9408818154441665,0.6918618403702622,-4.002999999999999,0.7176990466543951,0.10049796813560388,-61.990901960784306,5.9573386618157596,0.8341942681950683,-6.822176470588236,2.545585750273478,0.356453302829345,0.5412951529411765,0.13004666088659514,0.018210174923384354,-1.4138421019607847,8.180110507402905,1.1454445828664543
L:B:PHE:28,93.18992156862743,2.369896174139589,0.3318518413861843,-10.543764705882353,1.289589242830799,0.18057861333127284,-67.8017450980392,1.8104016545262167,0.25350693809244185,-4.318411764705882,0.8330633800352224,0.11665220597963791,0.39227096470588235,0.13318384435578,0.0186494684765685,10.918270964705883,3.356893649445978,0.4700591321519306
L:B:ARG:31,-198.14525490196078,4.630773779593436,0.64843802972038,-9.35129411764706,1.7193180624216449,0.24075268409186557,22.060333333333336,11.108577646137306,1.5555120039764816,10.34292156862745,8.868314004813213,1.2418123479846621,0.44557722352941176,0.12677140903513057,0.017751547929606183,-174.64771689411768,15.048710310053675,2.1072409337475135
L:B:TYR:32,99.50117647058825,3.598524592575121,0.5038942318867949,-13.664803921568627,0.9611483740023529,0.13458769259113995,-90.65192156862746,2.216738938905591,0.3104055387638882,-6.01470588235294,1.120997355196503,0.15697102707297358,0.1890969882352941,0.10475524293726098,0.014668668038256238,-10.64115791372549,4.478250293893363,0.6270804697831458
L:B:ARG:33,-189.94113725490192,3.909550894520668,0.5474466255091182,-11.242784313725489,1.5450196180457056,0.21634602005819642,15.387764705882354,10.453452595210969,1.4637761478404832,15.396509803921571,8.081757068158348,1.1316723466494734,0.3756443294117647,0.2020828162415765,0.02829725429073716,-170.02400272941176,13.867298934928312,1.9418102517842948
L:B:TRP:36,117.76049019607842,2.859658483466295,0.4004322821519594,-19.508392156862747,0.8414219076094654,0.11782263394903905,-86.73105882352941,1.3489920189267337,0.18889666576158412,-4.288078431372549,0.5735333842664502,0.08031073755134936,0.00046997647058823525,0.001351106147059822,0.0001891927029135688,7.233430760784314,3.3218006117390426,0.46514512397302404
L:B:TYR:37,97.44050980392154,3.5993726543393425,0.5040129842866415,-13.041274509803921,0.8240699589193792,0.11539287513205868,-90.95378431372549,1.7508656605583892,0.2451702314288458,-1.7922352941176474,0.6764271358593432,0.09471874466399471,0.38382423529411774,0.09048147952678715,0.012669941375474815,-7.962960078431372,4.143168585947961,0.580159645567342
L:B:GLN:44,42.20017647058824,3.2461994532725122,0.45455884432001126,-4.804588235294118,0.7973848967638413,0.11165621902431375,-69.6555294117647,4.877685731191812,0.6830126185535494,-17.409235294117646,4.9075027417539925,0.6871878351590969,1.104221788235294,0.16176846352805632,0.022652115770214875,-48.56495468235295,7.686039542729481,1.0762608096735844
L:B:ARG:45,-193.52019607843138,3.63661779960127,0.5092283478003422,-9.344313725490197,1.1906359067156638,0.16672237475025753,26.866411764705884,7.885097948280619,1.1041345617587472,1.8970588235294121,7.271412704697071,1.0182014393135552,0.8418803294117647,0.12929471323760697,0.01810488119167337,-173.25915888627452,11.388921475785924,1.5947679921101918
L:B:GLU:46,92.28333333333335,2.8250387446009895,0.3955845490672257,-6.5958627450980405,1.3162227897060148,0.18430805585691198,-50.21754901960784,11.482685229977102,1.6078975438699523,-96.33356862745099,10.32900249204077,1.446349647748037,0.521407905882353,0.1337779492817261,0.018732659806131025,-60.342239152941175,15.756634648670097,2.2063701689838413
L:B:LEU:47,80.40529411764706,3.326776307443786,0.4658418607329777,-9.171843137254902,1.401180697819913,0.19620454252816932,-75.39760784313727,2.1082215911961297,0.2952100706869781,-6.149764705882354,1.0913938306845454,0.15282570449386068,0.3838778823529412,0.19404969520754586,0.0271723923510832,-9.930043686274509,4.324828551880915,0.6055971288034544
L:B:VAL:48,42.941862745098035,3.3931431204803384,0.47513507338652716,-9.484686274509803,0.7831898447687289,0.10966851416426396,-47.72078431372549,2.3507984068307226,0.32917761906498355,-1.329470588235294,0.6658096752411699,0.09323200279933672,0.009709129411764706,0.016502690565507787,0.0023108388931757486,-15.583369301960783,4.2540139375665476,0.595681099395201
L:B:ALA:49,90.1541960784314,2.741268648762923,0.38385438938330946,-7.2577058823529415,0.6314605632235274,0.08842216505310153,-80.36423529411765,1.753124175866964,0.24548648682945276,-0.5423333333333333,0.6235573048391789,0.08731548752164847,0.0015851294117647059,0.002338700760418487,0.0003274836097315169,1.9915066980392144,3.3727688633444544,0.47228210673710275
L:B:SER:50,77.25960784313725,6.403029500743336,0.8966034687334703,-7.174117647058823,0.684365045550205,0.09583027434888738,-71.85441176470587,5.311274719328243,0.7437272210276796,-2.6498039215686275,1.4228563927868565,0.19923974692513702,0.08030823529411765,0.04856407098258039,0.0068003301396229905,-4.3384172549019615,8.467801381150867,1.1857293629530432
L:B:ILE:51,73.9369411764706,3.077005307633781,0.4308669250728063,-10.392862745098041,1.2529190234010765,0.17544375553683514,-62.39590196078431,1.4777709134846486,0.20692931789084323,0.8442745098039216,0.7885002164305562,0.11041211493194832,0.04714051764705883,0.02899367268118695,0.004059926241829307,2.0395914980392154,3.720772478869758,0.5210123599360851
L:B:ALA:52,87.42629411764706,2.1890761977988156,0.30653198021974415,-6.119274509803921,0.9354546148312454,0.1309898466660286,-77.61290196078431,2.586276627569039,0.3621511653372052,0.3860588235294118,0.9758691734031851,0.13664901681333563,0.06454348235294118,0.05487208118271649,0.007683628244932602,4.144719952941177,3.6484638300770116,0.5108871238553392
L:B:TYR:54,85.89345098039216,3.515543760767541,0.49227459127317175,-10.21521568627451,1.6721756089612483,0.2341514202225845,-80.3597843137255,5.008370340069047,0.7013121240635276,-7.290549019607844,3.462493379699061,0.4848460520671428,0.5448009882352942,0.2502527808271466,0.03504239849648799,-11.427297050980393,7.231215632459828,1.0125727233445505
L:B:ASP:55,86.07482352941176,5.031708982302496,0.7045801876543031,-4.030921568627451,1.1227466818011884,0.1572159817934737,-87.61782352941175,12.467497336338326,1.7457988217746818,-59.666117647058826,10.786762938529868,1.5104489313954825,0.5565789176470588,0.10586456491843572,0.014824004185957586,-64.68346029803922,17.273754867539058,2.418809491739683
L:B:GLY:56,83.18566666666665,1.653821891762594,0.23158138575646872,-3.6169019607843134,0.5768983073774604,0.08078192103301268,-80.18533333333333,1.3910512834552913,0.1947861408084046,-3.4134705882352945,1.0108953195925698,0.14155365830626054,0.27168155294117646,0.06856813491526356,0.009601459372078916,-3.7583576627450976,2.4555189097685077,0.34384142253030126
L:B:SER:57,83.27405882352942,3.8286088929744855,0.5361124782364698,-4.56978431372549,1.1214965371730736,0.15704092653098334,-84.66864705882354,4.058104830657903,0.568248337326812,-0.20639215686274506,2.910882064810013,0.4076050182307791,0.2682588705882353,0.15652849995941076,0.021918374107594202,-5.902505835294119,6.3938995082340515,0.8953250140656628
L:B:THR:58,38.42252941176471,3.8457774774416804,0.5385165609265063,-6.783450980392157,0.7801818117347928,0.10924730528931206,-45.51064705882353,3.9379125644976685,0.5514180536709751,-6.943333333333333,2.4972081640061736,0.34967908577299966,0.3272398588235294,0.09907359563513472,0.01387307828209235,-20.48766210196078,6.095220063518564,0.8535015262712986
L:B:SER:59,65.44752941176472,6.816720631704337,0.9545318138958416,-5.88864705882353,0.9033179976311169,0.1264898201626914,-58.19994117647059,6.593842580539208,0.9233226442744911,-3.6202549019607844,1.7000175990223676,0.23805007864081362,0.21095844705882352,0.1439460112979214,0.02015647327957502,-2.050355278431373,9.678491816581456,1.3552599334187085
L:B:TYR:60,76.82980392156863,3.201212668628647,0.4482594344618851,-12.871784313725488,0.7694380764424327,0.10774288143351599,-72.09825490196079,2.611941122081635,0.36574491339046855,-6.358882352941176,1.7081633715210698,0.2391907149407092,0.3202640470588235,0.08124795428512514,0.011376989225347892,-14.1788536,4.537230131078959,0.6353392989201663
L:B:ALA:61,87.95705882352942,2.071741073341735,0.2901017764263244,-5.676666666666667,0.8260921865346474,0.11567604363756184,-80.08113725490196,2.051944099873149,0.2873296456591152,0.7399019607843137,1.0581792030097878,0.14817472633072382,0.11468710588235294,0.06449535285614151,0.009031155811681396,3.053843968627451,3.2107501990736456,0.44959495585517933
L:B:ASP:62,108.01633333333335,6.953865004206799,0.9737358672410132,-3.929509803921569,1.0834396274709872,0.15171189325943496,-68.15943137254902,10.56889887832182,1.4799418609420014,-88.38939215686277,9.564651440567308,1.3393190922896214,0.6538163294117647,0.1419046278662156,0.019870622423246782,-51.808183670588235,15.897622385949884,2.226112401044347
L:B:PRO:63,87.92860784313726,2.2811936768523258,0.3194310073506939,-4.59121568627451,0.7183115909650387,0.10058374149548177,-68.92239215686274,2.0968173275315434,0.29361315435872565,0.1149803921568627,1.3438677790090325,0.1881791286513303,0.615564,0.10246152729169071,0.014347483604564688,15.145544392156866,3.454408489176678,0.4837139409491389
L:B:VAL:64,60.86972549019608,2.2240682479868266,0.3114318473175022,-9.21121568627451,0.9819813966075692,0.13750489925555895,-64.47435294117648,1.5878008200211946,0.22233658656790212,1.2292156862745098,0.4770941171474302,0.06680653904484728,0.005419623529411765,0.01358650493392051,0.001902491227051718,-11.58120782745098,2.9427337407212915,0.41206514497292696
L:B:LYS:65,124.68076470588237,3.1227199154145846,0.4372682505552674,-7.036019607843136,1.0960303861931338,0.15347495212757734,-135.51143137254903,12.167670631564262,1.7038146854391951,5.277647058823529,11.165966875626552,1.563548103485632,0.8747346352941175,0.15234914236290173,0.021333146986951924,-11.714304580392158,16.84360108185257,2.358575913823079
L:B:ASP:99,107.96172549019609,2.678040226370047,0.37500063932118394,-6.656627450980392,0.8334803468937997,0.11671059301841445,-84.645,10.936750169703513,1.5314513446625786,-70.78439215686274,9.04614121195359,1.2667131376403613,0.33714141176470597,0.09457000987470096,0.013242450137387597,-53.787152705882356,14.467919944850298,2.0259140156085493
L:B:PRO:100,93.62574509803922,1.6610796258037375,0.23259767179976726,-8.305980392156862,0.8112234161980789,0.1135939993399335,-51.31035294117647,1.8839297770469816,0.2638029346506217,-8.485745098039216,1.5001289466554593,0.21006006874755562,0.057599999999999985,0.028083224828398055,0.0039324380422486715,25.581266666666668,3.0360559749785634,0.42513287157567237
L:B:PRO:101,81.20588235294117,3.0322201576070276,0.42459574970853936,-7.146333333333333,0.9931373474246517,0.1390670448303146,-56.43450980392156,2.414773527906986,0.3381359278566208,-2.8020784313725486,1.6431258689764152,0.2300836429878891,0.14772155294117648,0.1001347698696354,0.014021672396717848,14.970682337254901,4.326858174191148,0.6058813327733662
L:B:GLY:102,78.99298039215687,3.598086373148252,0.5038328688932071,-3.7448823529411768,0.7268694530969396,0.1017820818859976,-71.25664705882352,2.5627904508641293,0.3588624427882204,-5.006117647058823,2.174306449233589,0.30446380174354537,0.1726304470588235,0.11275200301387171,0.01578843842545907,-0.8420362196078416,4.978230729373978,0.6970917344038614
L:B:ILE:103,81.98439215686274,4.508726080149563,0.6313479334371108,-5.124019607843138,1.143790010382512,0.16016263718488222,-60.85360784313725,3.6115044992598,0.5057117823691049,-4.2230784313725485,1.6037976724763872,0.22457659395791618,0.8204179764705882,0.14998252107533191,0.02100175372140985,12.604104250980395,6.105284017366779,0.8549107616853219
L:B:LEU:104,63.35250980392157,3.8718739819700776,0.5421708024818925,-7.596098039215686,0.8373227001065972,0.11724863008638259,-66.75701960784313,2.9070431274257986,0.4070674594744845,-1.7690392156862742,1.2910204955889575,0.18077902880451882,0.5217357176470588,0.1232529579163124,0.017258866226775468,-12.247911341176472,5.081864066732804,0.7116033042383534
L:B:TRP:106,121.51401960784312,3.432224194481498,0.48060751834515203,-13.508411764705881,1.0741007397247606,0.1504041874076335,-91.67172549019605,1.8027279663673046,0.2524324068224452,-4.488882352941176,1.3263573831090159,0.18572718278710637,0.6260926588235294,0.1329813001120129,0.01862110660950034,12.47109265882353,4.237993791275717,0.5934378302157745

Sidechain Energy Decomposition:
Residue,Internal,,,van der Waals,,,Electrostatic,,,Polar Solvation,,,Non-Polar Solv.,,,TOTAL,,
,Avg.,Std. Dev.,Std. Err. of Mean,Avg.,Std. Dev.,Std. Err. of Mean,Avg.,Std. Dev.,Std. Err. of Mean,Avg.,Std. Dev.,Std. Err. of Mean,Avg.,Std. Dev.,Std. Err. of Mean,Avg.,Std. Dev.,Std. Err. of Mean
R:A:HIS:25,16.367254901960784,1.9408906268054023,0.2717790489992245,-7.134627450980392,0.9957564857204229,0.13943379754960294,-1.8232941176470587,2.8356057574236275,0.39706422682754655,-0.21919607843137257,1.5198953010846277,0.21282791199165596,0.11360089411764705,0.0671662136280583,0.009405151126294073,7.3037381490196065,3.8876523046848774,0.5443802095875826
R:A:ALA:26,5.919137254901962,0.9897992670255061,0.13859962008013382,-2.3145490196078433,0.4200111722942379,0.05881332796328783,-0.6225490196078431,0.2953023916243125,0.04135060577573645,-0.292,0.0953013795344877,0.013344862374253768,0.02865091764705882,0.03079216868376907,0.00431176605519128,2.7186901333333333,1.119529359574225,0.15676546656964196
R:A:ASN:27,-66.54774509803921,2.9813978748174765,0.4174792066670346,-3.9605294117647056,1.1502388729395396,0.1610656585652062,-1.642490196078432,5.486518984167409,0.768266326417121,-5.30186274509804,2.569194411160347,0.3597591765943904,0.17439924705882354,0.13963600879839705,0.019552952213355533,-77.27822820392156,6.850834361864798,0.9593086915894017
R:A:ASN:28,-66.62023529411763,3.7423487674958706,0.5240336446611237,-2.4125490196078436,0.9071031744877235,0.12701985093937437,1.5665294117647057,4.633818767148971,0.648864413263393,-8.292764705882353,2.9010149784895964,0.4062233497845927,0.5695115294117647,0.22256562589245116,0.031165421332642808,-75.18950807843137,6.690718212327841,0.9368879460566164
R:A:SER:29,1.9985882352941173,2.7772296972404247,0.3888899433816906,-2.314019607843137,0.6739772641244725,0.09437569400411844,-3.098333333333333,3.9907583222901515,0.5588179398871932,1.6549803921568627,1.768501520233023,0.24763974573555603,0.0726792,0.07588984067864807,0.010626703248236958,-1.6861051137254903,5.217926698000242,0.7306558835127774
R:A:THR:30,-29.072058823529414,2.494799606175046,0.3493418202167839,-2.1297843137254904,0.7926172410024481,0.11098861368329573,13.931549019607846,2.65455217089234,0.37171165369138615,-0.26168627450980386,1.252987997222703,0.1754534138037094,0.5699596235294118,0.15916729425282114,0.022287879217085135,-16.96202076862745,3.9362707658948795,0.551188155882428
R:A:ASP:31,9.464294117647059,4.596966469033289,0.6437040593531876,-2.5556274509803925,1.311481245495207,0.18364410686431873,-11.513156862745099,13.275489968244589,1.8589404208246534,-56.789176470588224,9.543161414981283,1.336309886806285,0.1737001411764706,0.08928176751749656,0.01250194809215693,-61.2199665254902,17.034395166781337,2.3852924295506894
R:A:THR:32,-28.510333333333335,2.4933543330351906,0.3491394414974119,-3.388294117647059,0.657333451481047,0.09204509406743022,12.233490196078431,2.703092748458075,0.37850869409463767,1.3967058823529412,1.7406754638236144,0.24374331847484254,0.3022020705882353,0.10843187103224156,0.015183498948034151,-17.96622930196078,4.122780862995398,0.5773047933264267
R:A:THR:44,-28.013294117647064,1.9777434486780452,0.27693947625007387,-4.538960784313725,0.830536065035634,0.11629831109363901,10.180980392156863,2.0570641604966644,0.28804659755112766,1.184843137254902,0.9093423905423174,0.12733340390388273,0.05016804705882352,0.0587813856842665,0.008231040368524754,-21.136263325490198,3.1085577200775654,0.43528514654761313
R:A:HIS:45,22.37680392156863,1.8247672751921193,0.2555185273437583,-5.962627450980391,0.7185149161545916,0.10061221271683299,-5.528078431372549,2.7763356499003042,0.3887647517132357,-3.725,1.6083983386233258,0.2252208160757982,0.29595091764705883,0.12111208436856787,0.01695908396764256,7.457048956862745,3.762405119989397,0.5268420957566167
R:A:SER:46,-1.1589999999999998,1.6308041322142455,0.2283582547290189,-2.2490392156862744,1.0500991355774756,0.1470432905804168,-3.633450980392156,4.1807425473947895,0.5854210525565451,2.9521176470588233,1.4851275332713816,0.2079594507081561,0.013880752941176472,0.025057914030222485,0.0035088097963806584,-4.075491796078431,4.84221749293864,0.6780460717894017
R:A:VAL:47,-17.36449019607843,2.3189311210170795,0.3247153064992963,-4.275803921568627,0.6148225001179509,0.08609237021274753,8.401607843137255,1.1257799749930482,0.15764072779803162,3.366588235294117,0.4782986669054728,0.06697520974848804,0.09329350588235295,0.06698505626464028,0.009379784021487146,-9.778804533333334,2.693712199789446,0.37719515454684405
R:A:ASN:48,-63.956411764705884,2.243313211253202,0.3141266811954778,-4.847058823529411,0.6162476714911171,0.08629193412176468,-6.71907843137255,3.1256556259267803,0.4376793322515373,-3.1017647058823523,1.624171192418994,0.2274294573796342,0.12490263529411763,0.095662902980739,0.013395485782423255,-78.49941109019608,4.222442646333938,0.5912602343611939
R:A:LEU:49,-21.04731372549019,2.322556312157994,0.32522293479483805,-6.581235294117646,0.5380445563674798,0.07534130766010678,7.832803921568627,0.5530099818128252,0.0774368863801191,2.3447450980392155,0.27898013444893754,0.03906503261083037,0.012168,0.01597202241214674,0.002236530488537809,-17.438831999999998,2.4632630449635955,0.34492581835847147
R:A:GLU:51,12.411686274509806,1.61413475261997,0.22602407470312225,-3.457372549019608,1.3270473780389942,0.1858238014029593,-36.305058823529414,11.996284350257211,1.6798158058002066,-32.70780392156863,8.931758312325101,1.2506963280100467,0.03705021176470588,0.03595759322603883,0.005035070166400264,-60.02149880784314,15.101487458316843,2.1146312127079843
R:A:ASP:52,6.096470588235294,2.1800551562813877,0.30526878174233973,-2.09721568627451,0.8004775122369635,0.11208927180977074,-7.787784313725489,14.219290425628888,1.9910989192018294,-58.63723529411765,12.133021956123459,1.6989629004234243,0.4201396235294117,0.09950048047656695,0.013932854116255451,-62.00562508235294,18.83618186028677,2.6375930318089233
R:A:SER:53,-1.0360588235294117,2.3773338453456776,0.3328933236723277,-1.0390392156862744,0.8421318177471565,0.11792204125176489,-2.485588235294118,3.5197124836703253,0.49285832923883177,1.2806666666666668,1.4982809190596738,0.20980129312384435,0.3103394823529412,0.10511449471122225,0.014718973348679207,-2.9696801254901963,4.583140075080579,0.6417679769445972
R:A:ILE:302,5.8571960784313735,2.276337839942316,0.3187510541790564,-5.958901960784313,0.549696146187519,0.07697285657733323,3.311274509803921,0.7560466340641043,0.1058677044276378,1.1433921568627452,0.4106441175897132,0.05750167794841315,0.007401458823529412,0.007905344835508726,0.0011069696930536552,4.360362243137255,2.494830137174538,0.3493460954118373
R:A:ASN:303,-68.42417647058824,3.975799042668236,0.5567232217545958,-2.5749999999999997,0.8783624246400844,0.12299534097820637,3.022156862745098,4.275719576511387,0.5987204967877571,-7.862019607843138,2.004624168875319,0.28070352996373105,0.578388988235294,0.1862559030834029,0.026081043162034023,-75.260650227451,6.23806747266623,0.8735041644797462
R:A:SER:304,-0.7291372549019607,3.280480381008351,0.4593591343570611,-1.7848431372549016,0.7211675275863851,0.10098365261269354,-2.6497058823529414,4.726791326770004,0.661883175623237,0.9497843137254902,1.4331467819373809,0.20068068962357474,0.059728376470588235,0.05070456872408951,0.007100059775357205,-4.1541735843137255,5.973329978472716,0.8364335004182804
R:A:SER:305,2.6558823529411764,1.8764923644934737,0.262761488583084,-1.43421568627451,0.4793861808001729,0.06712749215327328,-0.3885686274509803,2.4121997222850835,0.33777552298136987,-1.8006078431372547,1.4577929743337756,0.20413184685955416,0.36892898823529413,0.11946218279819958,0.016728051536683237,-0.5985808156862746,3.421867001166548,0.4791572211926167
R:A:LEU:306,-21.649078431372544,2.031276087307712,0.28443554502193297,-6.328705882352941,0.7194583827263408,0.10074432446186965,9.173607843137255,0.8303340239391822,0.11627001968128735,2.0261764705882355,0.4868030042394591,0.06816605516815173,0.0523907294117647,0.05371531904659387,0.0075216491468155814,-16.725609270588237,2.360724464881746,0.3305675452051589
R:A:ARG:329,-280.4640392156863,3.6325711952635142,0.5086617098541322,-6.986294117647058,1.3304680481771443,0.18630279102980737,87.70643137254902,13.778934136266303,1.929436705014739,24.70270588235294,10.211271796294943,1.4298640528948727,0.2828665411764706,0.1425345854457996,0.019958834128494182,-174.75832953725487,17.581670354471445,2.4619262841312044
R:A:THR:332,-26.792568627450983,2.2683323947634766,0.31763006763428575,-4.226705882352941,0.5543438903685395,0.07762367093856723,10.165235294117647,3.155995406121531,0.441927751247587,0.6375294117647059,0.809457536895487,0.11334672677811183,0.06684225882352941,0.034789648876490276,0.004871525245207676,-20.14966754509804,4.0086616007201705,0.5613249003096297
R:A:TRP:357,41.75317647058823,2.634716368303646,0.3689340857598202,-12.45413725490196,0.918470382704957,0.12861157846713353,-15.26919607843137,1.4306088381621855,0.20032530641129584,-0.7040980392156863,1.0763437430177267,0.1507182706915885,0.21417642352941177,0.13604653740637052,0.019050325683111227,13.539921521568626,3.3179789551193317,0.46460998500776657
R:A:THR:358,-27.985647058823524,2.1785185182265625,0.3050536093758866,-2.183529411764706,0.45538543695837663,0.06376671579292076,12.55270588235294,1.7537697357531945,0.24557688329462635,-0.33574509803921565,1.1290259352539118,0.158095253148715,0.574940894117647,0.14178228838404686,0.019853491469209665,-17.37727479215686,3.0534945384377297,0.4275747588862653
R:A:GLY:359,0.14978431372549023,0.3066940938539919,0.042945763151276205,-0.12049019607843137,0.098324068533105,0.013768123494751205,-4.027196078431373,0.4291539793871624,0.06009357703172105,3.1718431372549016,0.390315778270144,0.054655141079357525,0.029672329411764706,0.02892504476323273,0.004050316411157347,-0.7963864941176471,0.6641423737895695,0.09299853389766202
R:A:MET:360,8.032490196078431,1.8619378622405904,0.2607234506193187,-8.319392156862746,0.724092510567575,0.10139323215416164,-1.1583529411764706,0.5610357306970747,0.07856071601232156,2.3492156862745097,0.4196688383375491,0.05876539162112405,0.0054131294117647066,0.006258637332214879,0.000876384520945469,0.9093739137254903,2.117084023423907,0.2964510594214385
R:A:ILE:361,8.153705882352943,2.3067644541279337,0.3230116323659089,-3.5493137254901956,1.9156580755345225,0.26824578509784164,-2.969725490196079,1.304815802167319,0.18271075810999285,4.969823529411764,0.8484008187468282,0.11879987697642408,0.48360607058823524,0.3735438074898307,0.052306595414000276,7.088096266666667,3.3989367914303155,0.4759463495909936
R:A:ASP:362,7.236941176470589,3.884544788289365,0.5439450702556399,-2.5029411764705882,0.897320945310391,0.12565006486993274,19.013529411764708,9.521427896608335,1.3332665855129355,-83.3858431372549,9.018221898505725,1.2628036517822834,0.42949468235294114,0.20290874830051137,0.028412907912025834,-59.20881904313726,13.708463095921998,1.9195687855852526
R:A:GLY:363,-0.09417647058823529,0.2179906191435817,0.030524792249169246,-0.08476470588235294,0.20393141756004823,0.028556110251693547,-4.4510000000000005,0.4666984162869056,0.06535084975739673,3.82356862745098,0.4541347841258343,0.06359158936757653,0.001049364705882353,0.0031794047687358413,0.00044520571767244784,-0.8053231843137256,0.716354560001582,0.10030970234728633
R:A:TRP:364,41.25313725490196,3.0273810206028227,0.42391813499145226,-11.151823529411766,0.8112323403529977,0.11359524897157347,-14.169549019607844,0.8064469473992862,0.11292515992684045,-1.1362352941176472,0.8041997505311259,0.11261048942490294,0.2440365176470588,0.08976117727525791,0.012569078885745122,15.039565929411763,3.335908383126039,0.46712060710334724
R:A:GLY:376,0.2340196078431372,0.23665963730483908,0.033138977681125836,-0.0838235294117647,0.1000926445128835,0.01401577366690862,-4.902235294117648,0.4705284300233171,0.0658871589530618,3.790901960784314,0.42072459693574316,0.058913227394983295,0.07491684705882352,0.019345178085997606,0.002708866759579754,-0.8862204078431373,0.6817673703375446,0.09546652706238122
R:A:TYR:377,4.972666666666666,2.151452666261426,0.30126363202948353,-7.8771176470588244,0.8579446631238514,0.12013628249704492,-7.693254901960783,1.171103247958066,0.1639872554456196,-2.624372549019608,1.1106302037323321,0.15551933550063557,0.47551143529411766,0.09034279363913572,0.01265052146683341,-12.746566996078434,2.8245285814324967,0.39551311193478117
R:A:ALA:378,6.316980392156863,1.0673048793563558,0.14945257661486228,-1.4721960784313723,0.2655422140368678,0.0371833473784529,-0.5359019607843137,0.24817050233951948,0.03475082118692557,-0.34243137254901956,0.1453681270055321,0.020355609309830085,0.13085124705882353,0.06136084405553102,0.008592236787010857,4.09730222745098,1.138480573702178,0.15941916734079425
R:A:ALA:379,6.959941176470588,0.8486303939639449,0.11883202393685557,-2.078450980392157,0.44052830643847235,0.06168630139563809,-1.7308235294117649,0.27332561246022835,0.038273241158281575,-0.19027450980392158,0.13481433542663188,0.018877782893938436,0.02353425882352941,0.03113509239501228,0.004359784979510764,2.9839264156862746,1.0040368139538898,0.1405932754210568
R:A:ASP:380,13.841019607843139,1.806725252181536,0.2529921387940288,-3.2711960784313727,1.1520907681358432,0.16132497576131527,-30.02964705882353,10.709178936000447,1.4995849980373697,-43.957117647058816,9.047423571397374,1.2668927038793312,0.06826503529411763,0.043644606981079255,0.006111467393083512,-63.34867614117646,14.182237513529566,1.9859104737150373
R:A:GLN:381,-49.489666666666665,2.3610667634435725,0.33061547659105067,-2.999098039215686,0.8050620547243172,0.11273123616371292,-1.958156862745098,5.127415051724308,0.7179817179474995,-5.277411764705881,4.611546634249901,0.6457456908506537,0.7083657882352942,0.20375873727991,0.028531930175975353,-59.01596754509803,7.336281501477662,1.0272848877342273
R:A:LYS:382,34.234156862745095,2.290592990887705,0.32074717457542057,-2.3147450980392157,0.5832772805496392,0.08167515594196778,-36.08068627450981,15.268968499503535,2.138083249350584,-9.677450980392157,15.252634781473292,2.1357960713449966,1.0769082352941177,0.2225376762665989,0.03116150760219911,-12.76181725490196,21.71222739538962,3.0403199601651427
R:A:GLN:385,-49.44498039215687,1.9623755560913783,0.27478754085781476,-2.999960784313725,0.6035104482999678,0.08450836612572607,0.4087254901960784,2.6196878505746235,0.366829672352979,-7.4776862745098045,2.473967944774628,0.3464248041591618,0.7887139764705883,0.11463772649775274,0.01605249252930532,-58.72518798431373,4.148682479885563,0.5809317451539688
R:A:ILE:388,5.666941176470589,2.094324762835522,0.29326412548852665,-3.80256862745098,0.7413290728886065,0.10380683364768645,1.4739019607843136,0.6597676434393314,0.09238594911941889,2.9717058823529414,0.5105144001010118,0.07148631470709538,0.49287077647058825,0.12938154093767204,0.01811703950158768,6.802851168627451,2.3766410931630673,0.33279631896388007
R:A:ASN:389,-66.09552941176472,4.254398302439678,0.5957349212428854,-2.4653137254901965,0.4298935340243264,0.06019713539466818,2.72478431372549,3.5484742112616847,0.4968857766716737,-10.024450980392157,1.5161292732109866,0.21230056260892055,0.6780090352941176,0.07364918477827598,0.01031294866499187,-75.18250076862746,5.760247804556028,0.8065960279785873
R:A:ILE:391,6.050784313725489,2.3370525790835344,0.3272528181816968,-5.736980392156862,0.7394014137097147,0.10353690737198684,1.4855490196078431,0.6597824452408979,0.09238802178621303,2.925941176470588,0.46739098180551764,0.06544782832765642,0.0748476705882353,0.03449156802486429,0.004829785577211478,4.800141788235295,2.5813729062618838,0.36146450700880184
R:A:THR:392,-27.73370588235294,2.211666404782563,0.3096952419130854,-2.5538039215686275,1.1059569899024253,0.1548649546751933,12.126764705882353,1.7785794352183926,0.24905093609981008,0.40558823529411764,1.0124948061153753,0.1417776312185161,0.3199037647058823,0.1552623718329754,0.02174108070766669,-17.435253098039215,3.2135970645769287,0.44999359676179473
R:A:ASN:393,-65.98629411764706,3.2672278667247348,0.4575034111755967,-2.7652745098039215,0.49936842772160905,0.06992556639309498,1.0698431372549022,3.4400605579060297,0.48170482870860976,-8.055352941176471,2.2124519254644492,0.3098052368097291,0.5818767529411764,0.10672628361092751,0.014944668938270676,-75.15520167843137,5.259705070046542,0.7365060257447321
R:A:LYS:394,35.72364705882353,2.682995054722953,0.3756944540674191,-4.3778823529411754,1.3508910733443769,0.18916258656953522,-55.22392156862745,14.020608828271943,1.9632779308176491,11.454941176470589,13.615385360905195,1.906535295724206,0.41300541176470584,0.22648697076637603,0.03171451944559904,-12.010210274509806,19.77450014399871,2.7689838723250406
R:A:VAL:395,-15.916117647058826,1.9792711041709845,0.27715339080627577,-4.376078431372549,0.52431968407015,0.07341944112672891,6.571156862745099,1.2251605316591192,0.17155678922194326,3.664392156862745,0.6340920969303006,0.08879065347710581,0.06575181176470588,0.037094760585193204,0.0051943054469233245,-9.990895247058825,2.4691886059791472,0.34575556286614845
R:A:ASN:396,-66.70362745098039,3.676411922773769,0.514800639614323,-3.2841372549019603,0.7700035146242132,0.10782205861598561,0.5070784313725492,5.219738141742201,0.7309095363722976,-7.010725490196079,3.519800535115209,0.49287065890729587,0.3969091764705882,0.11441319212069255,0.016021051427667618,-76.0945025882353,7.331893513433869,1.0266704465075598
R:A:ILE:399,9.142078431372548,2.855421941576543,0.39983904762862243,-4.954960784313725,1.0637781347775286,0.14895873359534373,-0.6115294117647059,1.6820711713853063,0.23553707612085095,2.6974117647058824,0.5845103590712415,0.08184782147155202,0.26090654117647055,0.16230516014807003,0.022727268329031908,6.533906541176472,3.533046438266178,0.49472545634502246
R:A:GLU:493,13.734333333333336,1.974915720879036,0.2765435151580734,-2.7142156862745095,0.8948772577401929,0.12530788016631922,21.69060784313725,15.266486217032408,2.1377356602798594,-88.42492156862745,14.467264875374358,2.025822287534468,0.5567378823529411,0.0810401870416243,0.01134789599202913,-55.15745819607844,21.144148583284043,2.96077301549017
L:B:SER:27,1.8571764705882352,2.4542007021645946,0.3436568365448639,-1.284078431372549,0.22808605558095962,0.031938436107452346,2.457921568627451,2.8912325266675256,0.40485353253865175,-3.8845294117647065,1.6468658451373768,0.23060734440118252,0.4647169411764706,0.12032363844005471,0.016848679454539568,-0.3887928627450981,4.1425831009604925,0.5800776612705971
L:B:PHE:28,15.511352941176469,1.957305989920233,0.2740776596034031,-6.406568627450979,0.9971959953456544,0.13963536921550077,0.8108235294117646,0.4985290010987956,0.06980802315490213,-1.1418823529411766,0.4542367287736789,0.06360586447358153,0.3637912941176471,0.13445963026269903,0.01882811423626273,9.137516784313727,2.301822789483368,0.32231966090753583
L:B:ARG:31,-280.82856862745103,3.9200227503086436,0.5489129786193897,-5.4795686274509805,1.4147014131708244,0.19809782137093862,95.40178431372549,11.362234242995306,1.5910310320527397,13.554588235294116,8.909792951482821,1.2476205622774532,0.38814352941176467,0.10991416547202408,0.015391061686303444,-176.96362117647055,15.028799586331715,2.104452874758869
L:B:TYR:32,4.690823529411765,2.162854411224262,0.3028601956689461,-8.941647058823529,0.8386488391648353,0.11743432669757284,-5.110705882352941,0.9972394306896717,0.1396414513802178,-4.53956862745098,0.9149609710930878,0.12812016254845784,0.17179990588235294,0.10021243087643995,0.014032547112831245,-13.729298133333332,2.6875553336876266,0.37633302084860354
L:B:ARG:33,-280.87745098039215,3.3500658367175693,0.4691030471338243,-6.959333333333333,1.197554463400499,0.1676911664638569,96.48321568627452,9.617204912344775,1.3466780502772728,19.470450980392155,7.61348435939382,1.0661010518517917,0.35365722352941176,0.1997273512610615,0.0279674232206531,-171.52946042352943,12.773125820830122,1.7885953697692345
L:B:TRP:36,40.48562745098039,2.325353331455069,0.3256145958364716,-14.609549019607844,0.6224139696037214,0.0871553885656906,-12.21592156862745,0.49841827631242147,0.06979251858358533,-2.4782156862745097,0.4312855981886263,0.060392063367164,0.0002031529411764706,0.0008962241513986181,0.00012549648300283888,11.182144329411766,2.4958157212125953,0.3494841047818001
L:B:TYR:37,4.560098039215686,2.4456075972649574,0.3424535611797713,-8.483274509803923,0.6320828959792105,0.08850930906944367,-7.518941176470588,0.7009534238607764,0.09815311192634892,-2.156862745098039,0.5564084766839895,0.07791277084849538,0.38382423529411774,0.09048147952678715,0.012669941375474815,-13.215156156862745,2.6813500891668074,0.37546411281670083
L:B:GLN:44,-49.63041176470589,2.242668256537556,0.31403636947113595,-1.8710392156862745,0.5821341386011261,0.08151508405159578,-0.08547058823529405,4.248229159806823,0.594871068486454,-7.94678431372549,4.124311651723019,0.5775191466232409,1.022883388235294,0.1583588237327081,0.022174670700301328,-58.51082249411765,6.360103472116733,0.8905926224362455
L:B:ARG:45,-280.65017647058824,3.412731967011479,0.4778780605531909,-6.044882352941177,1.0180622240519106,0.1425572256641152,104.56092156862745,7.902323849928109,1.1065466704593878,9.200098039215685,7.201490932928749,1.008410432868842,0.680254588235294,0.12001003681807267,0.016804766443981534,-172.25378462745095,11.269684399566755,1.5780714617994485
L:B:GLU:46,12.519803921568625,2.10433120128237,0.294665307135444,-3.296098039215687,0.7413939244238692,0.10381591467901115,26.86143137254902,10.976894352130719,1.5370726545768187,-91.66423529411763,10.391157367436639,1.455053071162245,0.47802734117647055,0.13859062810660186,0.019406569637060708,-55.10107069803922,15.279576014102425,2.1395685984939705
L:B:LEU:47,-17.88607843137255,2.3008767965852073,0.3221871954060432,-4.819333333333334,1.0248757871493341,0.1435113153347742,4.127980392156863,0.8336731971315453,0.11673759745312598,2.9539999999999993,0.6487508056589504,0.0908432832661354,0.3266164235294118,0.17306971635885904,0.024234607696568693,-15.296814949019609,2.7368314062668126,0.38323305115377887
L:B:VAL:48,-17.789686274509805,2.312184846486417,0.3237706391126291,-5.4293137254901955,0.5577946593222936,0.07810687524261962,7.412137254901962,1.3420808692446458,0.1879289112358277,4.166549019607843,0.6520366077093804,0.09130338758326297,0.00853849411764706,0.016454767799404472,0.002304128363681148,-11.63177523137255,2.8078349672049536,0.39317553838145364
L:B:ALA:49,5.857078431372548,0.9879649482378203,0.13834276407351834,-2.374,0.3128568550706631,0.0438087223307087,-0.41700000000000004,0.25709622826528455,0.0360006728118597,-0.37166666666666665,0.07924760568330091,0.011096884394523119,7.496470588235294e-05,0.0005300805187906685,7.422611933938082e-05,2.694486729411765,1.0706694565977832,0.14992371166509674
L:B:SER:50,-0.6567058823529413,3.223039281115335,0.4513157715385757,-2.6100588235294118,0.41984779743423767,0.05879045090701891,1.7817647058823527,2.497562981507666,0.3497287701610801,-0.34633333333333327,1.1777894493194037,0.16492351090602778,0.07747510588235294,0.0457093627997394,0.006400591038208587,-1.7538582274509806,4.2651321855243784,0.5972379655136646
L:B:ILE:51,7.903392156862744,1.885807873673528,0.264065920780825,-6.5728823529411775,0.8107179013509781,0.11352321310267594,0.7181176470588234,0.7032423966969787,0.09847363223389044,1.9626666666666668,0.496919517161429,0.06958265032459639,0.04373661176470589,0.028437034473043035,0.003981981302142011,4.055030729411764,2.2261676468670744,0.31172582196154636
L:B:ALA:52,6.088215686274509,0.8621388431406973,0.12072358517168667,-1.8820196078431373,0.4054191000364389,0.05677002914655847,-1.0400784313725489,0.3276634358329491,0.045882058346106834,0.0008823529411764714,0.1320220788217806,0.018486788762611547,0.05950461176470588,0.05083036675302393,0.00711767502280989,3.226504611764706,1.0173617420509093,0.14245913856459297
L:B:TYR:54,5.899666666666667,2.5967432972155695,0.3636167922424189,-6.594235294117648,1.4080666426440456,0.19716876766786418,-8.358529411764705,4.768128655624335,0.6676715594554005,-2.8038039215686275,2.927794827133306,0.40997327865549976,0.4197587294117648,0.2331351933425243,0.032645456812355624,-11.437143231372549,6.33143845160878,0.8865787167036915
L:B:ASP:55,5.983705882352942,2.6207287139126367,0.3669754223732205,-1.7312745098039213,0.962630975624929,0.13479529834360407,-16.26323529411765,10.825695479335419,1.5159005775465446,-49.519745098039216,9.627782606364622,1.3481592237043665,0.2679782117647059,0.10073310758293498,0.014105456435063474,-61.26257080784313,14.754487624883577,2.0660415171162203
L:B:GLY:56,0.1695490196078432,0.168853029692374,0.023644153460602148,-0.02662745098039215,0.1324217802096568,0.018542758151911688,-3.044372549019608,0.6371138957118961,0.08921378994228665,2.107117647058823,0.5789535403168755,0.08106971120832282,0.10763209411764707,0.0290099567814523,0.0040622064719580955,-0.6867012392156863,0.8876878781741266,0.12430116566403117
L:B:SER:57,0.7968627450980391,2.041896936382478,0.2859227613654192,-1.2200980392156864,0.8853658655485359,0.12397601886058354,-3.646470588235294,3.2070840298665617,0.4490815894826437,0.9533137254901961,2.552890507012003,0.35747617336730764,0.18630776470588237,0.14590628536524208,0.020430966553145594,-2.930084392156863,4.666598587216699,0.653454506183279
L:B:THR:58,-28.231745098039216,2.165375997265785,0.3032132883403569,-3.67978431372549,0.45677648516643193,0.06396150150308702,15.082823529411764,2.2407434839836076,0.31376684740377814,-1.1532941176470588,1.2600028679412996,0.17643569217963762,0.21968089411764707,0.04573514925126896,0.006404201863660046,-17.76231910588235,3.3923632262846093,0.4750258663555343
L:B:SER:59,1.0769803921568628,3.37487343838339,0.47257680618833914,-2.0097843137254903,0.5362755113443707,0.07509359180874593,1.110470588235294,3.6318714851201803,0.5085637308363019,-1.142862745098039,1.4592846893908344,0.20434072874809858,0.17588216470588236,0.13598140718824475,0.019041205628380235,-0.7893139137254903,5.197677883573958,0.7278204823561469
L:B:TYR:60,4.531568627450981,2.519860144383227,0.3528509974715778,-8.969156862745098,0.5249908821822254,0.07351342766160655,-6.846274509803922,1.2080960888681351,0.1691672892834182,-3.335235294117648,0.7815283063691846,0.10943585225129099,0.24555952941176468,0.04956433603445318,0.006940395262711661,-14.37353850980392,2.949245640943941,0.4129769933920223
L:B:ALA:61,6.948411764705882,0.8942477433733106,0.12521973052326374,-1.856078431372549,0.2876368791387444,0.04027721932899555,-1.8094705882352944,0.3411612437440503,0.04777212950570191,-0.07621568627450982,0.08965124447710546,0.012553685214961688,0.08026461176470587,0.03867850622436312,0.0054160741945929085,3.286911670588235,1.0041605287412787,0.14061059895634484
L:B:ASP:62,11.682392156862745,3.547646317663671,0.4967698483799744,-2.0248235294117647,0.6006997131085712,0.08411478447472714,6.240078431372549,8.984336262199891,1.258058713616916,-78.32486274509805,8.767844184737076,1.2277437591748128,0.5028415058823529,0.1092880722189188,0.015303391094996682,-61.92437418039216,13.059554668647714,1.8287034308782406
L:B:PRO:63,18.05252941176471,1.5575629323884905,0.21810243538438687,-2.2850392156862744,0.42304456543546676,0.059238087963556826,-14.976431372549019,1.8558654051824497,0.2598731365513557,10.612411764705884,1.8406399055280682,0.25774114015781513,0.4631054117647058,0.09068649002418024,0.012698648587126436,11.866575999999998,3.0733344588806824,0.43035290343276195
L:B:VAL:64,-16.418843137254907,1.5949624419027408,0.22333941421690895,-5.261058823529411,0.7405648456802683,0.10369982043373561,5.608666666666665,0.8468489845387897,0.11858257672290111,4.323254901960784,0.6616013799905366,0.09264272359661957,0.005118211764705882,0.013635039206996517,0.0019092873846498289,-11.742862180392159,2.060921392157336,0.2885867180185197
L:B:LYS:65,34.587666666666664,2.397648305880746,0.3357379171228306,-3.783607843137255,0.8594490501143199,0.12034693881118731,-57.08605882352941,10.92659801999952,1.5300297593585213,12.110117647058823,10.489735613496707,1.4688567866298776,0.7543400470588233,0.1542935008223198,0.021605411629645375,-13.417542305882352,15.360217253820007,2.1508606306867564
L:B:ASP:99,12.739392156862746,1.7142027481891602,0.24003639682753625,-3.2748627450980394,0.6506398666413338,0.09110780471324999,-6.294999999999999,9.891044789081072,1.385023302837925,-63.18388235294118,8.392916585412282,1.1752433941461187,0.29927534117647053,0.0859762988898894,0.012039089903395162,-59.715077599999994,13.101260666486622,1.8345434386940747
L:B:PRO:100,18.345058823529417,1.3335677550556275,0.18673683681063383,-4.3342745098039215,0.6618488091800083,0.09267737061324202,-9.549470588235295,0.9829763596571142,0.1376442219498211,4.990627450980392,0.9610242893583073,0.1345703172655609,0.03709552941176471,0.028099607285590824,0.003934732045102119,9.489036705882352,2.026584959938294,0.2837786557992295
L:B:PRO:101,18.44643137254902,1.635971789570549,0.22908187149673018,-3.801588235294118,0.5599788573204398,0.07841272413825744,-9.275745098039215,1.2084277070889615,0.1692137251224306,4.719784313725491,1.1753064734019836,0.16457582473339932,0.07329077647058824,0.0644243174093861,0.009021208859546234,10.162173129411764,2.4157345341057503,0.3382704956406965
L:B:GLY:102,0.29639215686274517,0.27461995689097124,0.03845448563110576,-0.06188235294117647,0.19361389180620803,0.027111367668738697,-2.8708627450980395,0.6451154941318143,0.0903342378330668,1.8957450980392159,0.5825397686714736,0.08157188362249485,0.038673317647058815,0.030269696420177204,0.004238605304674808,-0.701934525490196,0.9323868817166313,0.13056027810767784
L:B:ILE:103,7.7889019607843135,2.5101875662665716,0.351496565621782,-2.2438431372549017,0.8146561736563667,0.1140746815301474,1.1883725490196078,1.5995608093398186,0.22398331445102723,1.655235294117647,0.5922475498665678,0.08293124488925405,0.7698662117647058,0.14490860858036933,0.020291263859930155,9.158532878431373,3.145640911969329,0.4404778320534357
L:B:LEU:104,-20.789882352941174,2.603713664922522,0.3645928389502586,-4.234176470588236,0.53794214667737,0.07532696743515956,7.772686274509804,1.1640178809049768,0.1629951056083727,1.975666666666667,0.488563266486007,0.06841254118480249,0.4344345882352941,0.09691240644284606,0.013570451263714511,-14.841271294117648,2.9447801800855458,0.41235170380142055
L:B:TRP:106,40.469607843137254,2.825376394001625,0.39563182944033504,-9.291313725490195,0.8831636645826535,0.1236676490452283,-14.531784313725492,1.0673055374831406,0.1494526687710452,-2.991568627450981,0.7504709176453472,0.10508694796210044,0.5545191529411764,0.11548768399235386,0.01617151038450135,14.209460329411764,3.237037988647682,0.45327598267454355

Backbone Energy Decomposition:
Residue,Internal,,,van der Waals,,,Electrostatic,,,Polar Solvation,,,Non-Polar Solv.,,,TOTAL,,
,Avg.,Std. Dev.,Std. Err. of Mean,Avg.,Std. Dev.,Std. Err. of Mean,Avg.,Std. Dev.,Std. Err. of Mean,Avg.,Std. Dev.,Std. Err. of Mean,Avg.,Std. Dev.,Std. Err. of Mean,Avg.,Std. Dev.,Std. Err. of Mean
R:A:HIS:25,74.0000980392157,1.93527925993065,0.2709933004713355,-4.902176470588235,0.6340121142494,0.0887794536615926,-67.03882352941177,1.6085347333725737,0.22523991516089198,-1.611549019607843,0.9727495760950794,0.13621218581526287,0.0006214588235294117,0.001996187599064136,0.00027952217389531995,0.44817047843137037,2.771444909421218,0.3880799110643343
R:A:ALA:26,79.64935294117646,2.123882911210166,0.29740309413750254,-4.559196078431373,0.6697348325023675,0.09378163475329002,-70.4892156862745,2.3293206391035866,0.3261701300252147,-1.1697254901960783,1.6230513151786643,0.22727264320001517,0.021300564705882347,0.02601724613290059,0.003643143160115545,3.452516250980392,3.608341790206551,0.5052689145192208
R:A:ASN:27,92.54060784313725,2.867862154359773,0.4015810258487652,-3.188450980392157,0.658085497566146,0.09215040158295375,-83.72103921568626,2.9083606929042967,0.40725195554437893,-3.6171372549019605,1.1222055667756545,0.15714021053413138,0.09069077647058822,0.033277311176580594,0.00465975560905685,2.1046711686274517,4.286808193993304,0.6002732138096905
R:A:ASN:28,97.67203921568627,3.2448795799934094,0.4543740250933944,-2.6688235294117644,0.5828666045177516,0.0816176497951238,-89.95825490196079,2.9217233488442838,0.40912310164262716,-4.64186274509804,1.277129594351699,0.1788339135693455,0.16533091764705884,0.07493603141588584,0.01049314323677622,0.5684289568627452,4.587169029376988,0.6423321433906692
R:A:SER:29,87.94613725490196,3.5657000743720415,0.49929787997603625,-3.441254901960784,0.567353638140503,0.07944540000889805,-81.25186274509804,3.0545436039153087,0.4277216574357748,-5.167666666666666,1.1294302166929504,0.15815186387345778,0.05774131764705882,0.0439257648975048,0.0061508373761672615,-1.8569057411764684,4.862497906067301,0.6808858976493941
R:A:THR:30,56.70358823529411,1.8957265581805316,0.2654548144183164,-2.6691960784313733,0.5604827757794218,0.07848328683646609,-52.949666666666666,2.1934619486695994,0.30714610817953086,-5.593960784313725,1.1514645228932316,0.16123728388722064,0.1615617882352941,0.059111076069637315,0.008277206256577782,-4.347673505882352,3.169946389514134,0.4438812796673138
R:A:ASP:31,87.09776470588233,4.815455243228684,0.6742986072621382,-3.501627450980392,0.790205333473753,0.11065087907560082,-76.24068627450981,6.6744410575708955,0.9346086884935372,-10.287980392156864,1.3918907790455408,0.19490369370397018,0.049764141176470586,0.02168699532767096,0.0030367867639746146,-2.882765270588233,8.384451524466906,1.1740580485209293
R:A:THR:32,75.50329411764704,2.1581560601961747,0.3022022949317058,-3.3391372549019604,0.5596709123946856,0.07836960322360632,-72.40809803921567,2.6485115187399337,0.3708657932010306,-1.7983921568627452,1.7981837141244514,0.25179608423119854,0.034941741176470587,0.025450257498825818,0.0035637488708990302,-2.0073915921568632,3.9012299035803375,0.546281453719806
R:A:THR:44,57.60662745098038,1.9231861631339726,0.26929992821147447,-4.35313725490196,0.5237528237411022,0.07334006480380979,-55.08396078431372,3.743030260079912,0.5241290727104082,-3.3817450980392154,2.22490386523436,0.3115488571364613,0.024112235294117646,0.03280603145895299,0.004593763248796822,-5.188103450980393,4.78899895714705,0.6705939862123922
R:A:HIS:45,84.99876470588235,1.8294980623993435,0.25618097005456336,-5.196941176470589,0.5548801464568266,0.07769876181060395,-80.46088235294118,2.6599587984945514,0.3724687329866994,-3.199058823529412,1.2177575889968415,0.17052016990462437,0.013330588235294118,0.015378254191203675,0.0021533863071062777,-3.844787058823529,3.4947826803972877,0.4893674585366347
R:A:SER:46,78.74760784313725,2.2418245202393354,0.31391822275767894,-4.615392156862746,0.5489956990592404,0.07687477436096891,-72.7916274509804,2.248218588569968,0.3148135714116088,-2.730803921568628,1.1708004304012525,0.1639448525062296,0.060754588235294116,0.05377006572191153,0.007529315214726988,-1.3294610980392148,3.428603964723675,0.48010058478220347
R:A:VAL:47,61.35390196078431,2.1744524508428658,0.30448424605811597,-3.37756862745098,0.8778125945625442,0.12291834936748847,-56.54833333333334,1.7943737305721228,0.25126257982231853,-5.353607843137254,0.7674055368432656,0.1074582689614448,0.02102795294117647,0.013816007565570564,0.0019346280234848767,-3.9045798901960787,3.0508486749033037,0.427204263885034
R:A:ASN:48,86.54531372549019,2.0876880212630753,0.29233479578385285,-4.449117647058823,0.3286546340949884,0.046020853864672515,-77.9525882352941,2.100380695432127,0.2941121256690508,-1.283843137254902,0.9796103541624672,0.1371728869041328,0.04655138823529412,0.026259565496917884,0.0036770746580563197,2.906316094117647,3.1366192340071803,0.4392145444559446
R:A:LEU:49,85.63990196078431,1.6421827924203942,0.22995158585597814,-4.633411764705883,0.6065143153822113,0.08492899165075937,-75.28007843137254,1.1872510652291433,0.16624840213814088,-2.546294117647059,0.49127458454145406,0.06879220165225329,0.0,0.0,0.0,3.180117647058823,2.1715293568794576,0.3040749310320457
R:A:GLU:51,82.40194117647059,1.4099152027312611,0.19742761785528987,-4.083254901960784,1.0701063506454191,0.14984486106006745,-78.10145098039214,1.725664115566509,0.24164130927495922,-5.085098039215686,0.7116411922217147,0.09964969884420158,0.0013798588235294114,0.0038951964310596442,0.0005454365985789802,-4.866482886274509,2.5724217149138497,0.3602110895115042
R:A:ASP:52,81.03772549019608,1.7289257469220187,0.24209802901781538,-3.0397450980392153,0.6751647247992343,0.09454197175746198,-72.23545098039216,1.8290827157158336,0.25612280988567476,-9.116490196078432,1.2268975758671092,0.1718000240628957,0.13763181176470587,0.02970756687702315,0.00415989142428257,-3.21632897254902,2.8804054273854987,0.40333743538941014
R:A:SER:53,76.13247058823531,2.3513041216874435,0.3292484333091899,-3.577745098039215,0.5051883299824735,0.0707405157157828,-66.87898039215686,2.662203049740366,0.37278299101900636,-5.217529411764705,0.9846293888812551,0.13787569233990918,0.06587844705882354,0.0128339046363239,0.0017971061062559094,0.5240941333333338,3.7203267520499637,0.5209499456972175
R:A:ILE:302,72.507,2.2835960633159615,0.31976740874261067,-3.720941176470588,0.5580210626344797,0.07813857804752085,-65.2613137254902,1.6187485421623666,0.2266701344639337,-1.3547254901960788,0.9214741616164398,0.1290321916457908,0.021818682352941175,0.014005482126495002,0.0019611597688941208,2.1918382901960785,2.999309272740138,0.4199873040458549
R:A:ASN:303,90.6346862745098,4.14448083501087,0.5803433971901497,-2.4180588235294116,0.5888451113554765,0.08245480820083294,-83.83523529411764,3.706356202198847,0.5189936774252737,-3.639764705882353,1.3967183750300138,0.1955796923550493,0.2157804705882353,0.0686409777690177,0.009611659411816485,0.9574079215686272,5.763338447245057,0.8070288045190167
R:A:SER:304,81.46833333333333,3.2183663781165204,0.45066143423819227,-3.076313725490196,0.4009922247642899,0.05615014261875184,-74.47580392156863,3.8368737479400714,0.5372697894170387,-3.7873333333333337,1.5891832859490655,0.2225301705184666,0.13265689411764706,0.06003133930959797,0.00840606888527578,0.26153924705882303,5.26966643572277,0.7379008959413462
R:A:SER:305,65.55364705882353,2.201749961971243,0.30830666217577596,-3.0090588235294113,0.5140238955216414,0.0719777423613449,-54.80062745098039,1.5071353551868814,0.21104116218026706,-5.488784313725492,1.2561235781862823,0.17589248296122517,0.12786239999999996,0.0637067558665484,0.008920730145796231,2.383038870588235,2.9942086489555884,0.41927307385569246
R:A:LEU:306,96.4580980392157,2.069643800506876,0.28980809948818176,-3.5320588235294124,0.6537041788167928,0.09153689424430397,-73.867,2.1031631266392288,0.2945017439694991,-3.3695294117647063,1.090891978134626,0.1527554310807836,0.021403341176470584,0.017139117491422218,0.0023999564881054636,15.710913145098042,3.2131586965073553,0.449932212954065
R:A:ARG:329,92.6042156862745,2.2513825583555684,0.31525661579933306,-4.269705882352941,0.6391743845672843,0.08950231609304282,-82.89529411764705,2.2345283776129494,0.3128965584366833,-4.034666666666666,0.9220159640204156,0.1291080591573674,0.05171915294117646,0.023406161403359976,0.0032775181656670063,1.4562681725490199,3.364676161922916,0.47114890187444625
R:A:THR:332,57.63196078431373,2.337584348573848,0.32732728080435486,-4.337156862745097,0.6191136413327323,0.08669325017082855,-54.70792156862745,1.8916756742617424,0.26488757721089745,-2.934843137254902,1.0171264670157212,0.14242619346998867,0.010678164705882353,0.02064592410516907,0.0028910076340822057,-4.337282619607843,3.234348720880505,0.4528994098650439
R:A:TRP:357,88.192,1.7943183642143512,0.25125482698150725,-4.1669607843137255,0.8497818626850095,0.11899326180860438,-80.06054901960783,1.7733024394374262,0.24831200889025137,-4.574117647058824,0.6763519401491234,0.09470821515845218,0.014150682352941178,0.011664237728364689,0.0016333199786397188,-0.5954767686274519,2.7466155809296033,0.38460310964567457
R:A:THR:358,63.53192156862745,2.3241625254764156,0.32544784964688667,-2.986450980392157,0.38130556496278395,0.053393458854643486,-57.0705294117647,2.7852921369850296,0.3900189107619952,-7.847,2.202781512578327,0.30845110815285265,0.12174155294117646,0.05593719477689575,0.007832773980248273,-4.250317270588234,4.261496571507187,0.5967288777235159
R:A:GLY:359,70.3963137254902,1.6320583477915014,0.22853388003840983,-3.740019607843137,0.6203624332881065,0.08686811602124903,-59.23574509803922,1.8585653738167194,0.26025120778196253,-8.738117647058825,1.2890002760470478,0.18049614148552878,0.21166545882352944,0.09980126890990478,0.013974972921526345,-1.10590316862745,2.8590577561334682,0.40034816349995056
R:A:MET:360,85.17264705882353,1.8985002111938556,0.2658432035257726,-3.861078431372549,0.6582395071328373,0.09217196723585251,-74.8576862745098,2.5997873026890828,0.36404303826644213,-3.8615098039215687,1.7459293426458375,0.2444790086627081,0.015663529411764705,0.02048977421549774,0.002869142276019212,2.6080360784313723,3.720909219563963,0.5210315074631622
R:A:ILE:361,69.91633333333334,1.8115758784546385,0.25367136233055765,-2.6892352941176476,0.5543960355598887,0.07763097272585964,-58.79109803921568,2.5019526982166953,0.35034345344929796,-7.640803921568627,2.197322818658284,0.3076867381147485,0.1262781176470588,0.06183175336776438,0.008658177280141227,0.9214741960784315,3.831576720734942,0.5365280572470491
R:A:ASP:362,79.01201960784314,6.768071007050552,0.9477195038460283,-2.5504509803921565,0.8374074912613377,0.11726050322291108,-69.00519607843137,5.679973173851343,0.7953553313157399,-11.225921568627452,1.1982978752255584,0.16779526494114305,0.13481491764705883,0.08675258264952479,0.012147791372212342,-3.6347341019607855,8.95620318700599,1.2541192951272675
R:A:GLY:363,82.4124705882353,3.359201091721831,0.47038223869832274,-4.137627450980393,0.7977934511005921,0.1117134280744133,-70.74164705882353,4.528758981735306,0.6341531007486918,-8.000725490196078,1.5858239656830022,0.2220597715920226,0.10404875294117646,0.06440289735913986,0.009018209452570364,-0.3634806588235281,5.9117974984952895,0.8278172297949562
R:A:TRP:364,74.83586274509804,1.8870529468720134,0.26424026590112465,-4.477490196078431,0.6338844879167893,0.08876158240041736,-67.1765294117647,2.5345205243498494,0.35490386128073226,-3.3556470588235294,0.9078904620706182,0.12713009325164737,0.0029858823529411763,0.010133457839677043,0.0014189679195237264,-0.17081803921568683,3.3482742472439595,0.46885217442795923
R:A:GLY:376,72.4397843137255,1.7016403310407664,0.23827730657352147,-3.941313725490196,0.5197100809518548,0.0727739675825467,-65.54501960784313,1.5727380831044009,0.22022738151634813,-5.9803725490196085,0.7818015635291603,0.1094741159071842,0.07293712941176471,0.022052854645354534,0.003088017315585453,-2.9539844392156884,2.500176688886021,0.35009476239981885
R:A:TYR:377,72.52990196078431,2.160940111816823,0.3025921401354358,-2.9782941176470583,0.4036284592328108,0.056519289281061647,-62.66205882352941,1.6322431985721033,0.22855976432506922,-6.157921568627451,0.8076028154817255,0.11308701383240079,0.20285308235294117,0.028932755531734272,0.004051396134713873,0.9344805333333333,2.854795153975696,0.39975127980918423
R:A:ALA:378,80.32588235294119,2.120394022272412,0.29691455196801025,-3.503431372549019,0.9085477585707856,0.12722213317149597,-76.95843137254901,2.8158304890972206,0.3942951353881688,0.7495098039215686,1.3761508035886214,0.19269965628842878,0.03756931764705882,0.024994777534805036,0.0034999689186698208,0.6510987294117652,3.891638081289637,0.5449383299474856
R:A:ALA:379,84.67335294117647,1.9436232369462023,0.27216169095498205,-3.830725490196079,0.6818473775068692,0.09547773030695969,-79.40386274509804,3.1324562436554477,0.4386316092079914,-1.4838431372549024,1.5455717816577865,0.2164233384291086,0.06919538823529411,0.04766381178607818,0.00667426863729048,0.024116956862745783,4.055358581313992,0.5678637855006067
R:A:ASP:380,94.70923529411765,2.2002964915026864,0.30810313560079167,-3.9212156862745093,0.6622670604535484,0.09273593750608777,-86.81043137254903,2.803550446850452,0.39257558552925154,-7.504411764705882,1.1644218657472123,0.16305167480125582,0.01346329411764706,0.012805959947410083,0.0017931930671218719,-3.513360235294118,3.807340238533533,0.5331342709136958
R:A:GLN:381,90.8606274509804,2.0870384868327063,0.2922438427711792,-3.575254901960784,0.5507253983944767,0.0771169807140177,-77.42874509803922,1.653553331858244,0.23154377984792573,-2.5402352941176467,0.8851088243324592,0.12394002589101888,0.040608988235294116,0.019057654343222406,0.0026686053825104236,7.357001145098039,2.859553733776909,0.4004176142615739
R:A:LYS:382,98.13949019607843,2.49379258672211,0.3492008092883664,-3.8711568627450976,0.5138823918456257,0.07195792788341074,-91.02282352941178,2.2959642060634993,0.32149929513918996,-1.6162549019607841,1.2376801012637337,0.17330987961973768,0.0798230117647059,0.05691927578657424,0.007970292828123764,1.7090779137254888,3.6454931149001233,0.5104711405255875
R:A:GLN:385,69.71721568627451,2.1967907904506627,0.30761223926442116,-4.060960784313726,0.5670802744566383,0.07940712143667683,-62.61023529411765,1.5722182354656735,0.22015458828682424,-1.9978627450980393,0.6852709788794688,0.0959571303887299,0.02791341176470588,0.024558967499322983,0.0034389433073593145,1.0760702745098034,2.8442115694857364,0.39826928155129243
R:A:ILE:388,74.65741176470588,1.6307438357696797,0.2283498115379726,-3.4655098039215684,1.0411293335218106,0.14578726706279466,-70.21133333333333,1.640853169598976,0.22976540142036803,-3.206862745098039,0.8069708554546742,0.1129985217284226,0.003042352941176471,0.0040074465788693114,0.000561154763219688,-2.2232517647058803,2.6621218778231617,0.372771624677102
R:A:ASN:389,90.41939215686273,3.7643024303832804,0.5271077723523941,-3.9211176470588236,0.5376212912690831,0.07528203869135187,-87.17476470588234,3.664281624955923,0.5131020581695571,-1.0355098039215684,1.389872153417378,0.19462102957754768,0.0449435294117647,0.03584597641248497,0.005019440686294051,-1.6670564705882347,5.460677504126658,0.7646477954328339
R:A:ILE:391,83.01833333333332,1.6872078067050704,0.236256348934569,-3.731313725490196,0.8532644233097504,0.11948091783702885,-78.47566666666667,1.8981951351854813,0.2658004843399085,-2.0298431372549017,0.7511132749889775,0.1051768959816119,0.0016726588235294116,0.004174349488886061,0.0005845258453059653,-1.2168175372549013,2.782456416081446,0.3896218304114802
R:A:THR:392,60.639333333333326,2.206938325201189,0.3090331783457356,-4.146549019607843,0.5623703097107251,0.0787475944536592,-59.213764705882355,2.94652342559462,0.41259580699821335,-2.1694313725490195,1.1885968371860596,0.16643684790503221,0.020405364705882355,0.019205547725498522,0.0026893145982865023,-4.8700063999999985,3.909215871309227,0.5473997128760514
R:A:ASN:393,97.22786274509804,3.6380864988779416,0.5094340068349972,-3.7603333333333326,0.7243419912316543,0.10142816643468767,-87.23658823529415,5.160963700768096,0.7226794684577057,-0.9329019607843138,0.9870848197438274,0.13821952143336597,0.04476677647058823,0.05277475942517719,0.007389944456244512,5.342805992156866,6.432185680686341,0.900686150543523
R:A:LYS:394,105.83249019607842,1.8781487377937958,0.2629934272374997,-4.092588235294118,0.8286352156684541,0.11603213894247909,-97.70994117647058,2.6771984362628083,0.3748827651289741,-0.9724117647058823,1.0696759116386716,0.1497845875432137,0.021421835294117647,0.01989579791617082,0.0027859689577859974,3.0789708549019608,3.5392192455067124,0.49558982224916887
R:A:VAL:395,64.39701960784313,2.2289711993336,0.3121183978298867,-4.197117647058824,0.5545780465259883,0.07765645935895003,-62.40011764705882,2.302802841611856,0.3224568956552189,-4.732803921568627,1.3182993503903138,0.18459883251386192,0.014721600000000001,0.027147976641146484,0.0038014771012255043,-6.918298007843137,3.5096182889821677,0.49144485926021897
R:A:ASN:396,94.24896078431372,4.2765986620337895,0.5988435933826749,-4.131666666666666,0.9247917341942384,0.1294967447265917,-88.58196078431374,4.978934750864294,0.6971903171310231,-2.5651176470588233,1.8166073274754786,0.25437590611632616,0.04104225882352941,0.05407856715486828,0.007572514055973332,-0.9887420549019609,6.872940694838739,0.9624041973688318
R:A:ILE:399,68.97296078431371,2.049231400256073,0.286949791734341,-3.645117647058824,0.6654087243738956,0.09317585844792493,-62.714588235294116,2.5078574261041076,0.3511702807355328,-5.907274509803922,1.688830632430773,0.23648358998892394,0.0611686588235294,0.03991503736427956,0.005589223187443453,-3.2328509490196082,3.7128438005359445,0.5199021228997347
R:A:GLU:493,88.3688431372549,1.6985221762571174,0.23784067756927543,-4.34856862745098,0.9008715878743722,0.12614725427671725,-80.14303921568627,2.7752383749288656,0.3886111024843149,-6.796196078431373,1.5160945314260306,0.2122956977859648,0.009273317647058823,0.010788025075121641,0.0015106256658687608,-2.9096874666666657,3.7009666640567374,0.5182389911330231
L:B:SER:27,69.00380392156863,2.7674932808576904,0.3875265723866359,-2.718901960784314,0.6290147993801836,0.08807968961309451,-64.44892156862744,3.474179321024295,0.48648241115722735,-2.9377254901960788,1.22742381383205,0.1718737121170723,0.07657863529411764,0.037497815609115484,0.005250744439199905,-1.0251664627450987,4.651083307897425,0.6512819325203879
L:B:PHE:28,77.67847058823529,1.5808003725209583,0.22135632784651565,-4.137235294117647,0.6702587615106395,0.09385499948886279,-68.61258823529413,1.6720704692025508,0.23413669771157014,-3.1764901960784315,0.7702269941081673,0.10785335200304258,0.028480235294117646,0.01820539071713266,0.002549264604314927,1.7806370980392152,2.5174545354042603,0.3525141448372572
L:B:ARG:31,82.68333333333334,1.648036022672484,0.23077120203090126,-3.871725490196079,0.558469690522774,0.07820139851723265,-73.34135294117647,1.4186499771915078,0.19865073092680585,-3.2117058823529416,0.9008430320520721,0.12614325566179224,0.05743369411764705,0.04005225045798037,0.005608436863681164,2.3159827137254894,2.419421673914601,0.3387867984848325
L:B:TYR:32,94.81035294117648,2.2969241054115748,0.3216337079331681,-4.723156862745097,0.4204250124342672,0.058871277173893274,-85.54119607843138,1.918169092503475,0.2685973978030697,-1.4752352941176468,0.8999035152690209,0.1260116969978006,0.017296941176470584,0.013177563403758268,0.0018452279590299053,3.088061647058825,3.153092163180062,0.4415212159205836
L:B:ARG:33,90.93637254901961,2.102814248374786,0.29445289124095414,-4.283372549019608,0.5836391902061434,0.0817258334303898,-81.09523529411764,1.8739669843308788,0.2624078646284559,-4.0738039215686275,1.0254695532732816,0.14359445922256764,0.0219875294117647,0.01222441929080356,0.0017117610871720031,1.5059483137254888,3.0538421647151592,0.42762343630156224
L:B:TRP:36,77.2748431372549,1.811550472012574,0.2536678047170748,-4.898843137254902,0.553910177915157,0.07756293904750058,-74.51523529411766,1.2434905896698465,0.1741235107390932,-1.809941176470588,0.48952219248155565,0.06854681768216483,0.00026682352941176466,0.0010633353472084136,0.00014889673093389504,-3.9489096470588247,2.3182824573503664,0.3246244754179232
L:B:TYR:37,92.88041176470588,2.095470850513504,0.2934246098635294,-4.558039215686274,0.7572307639251584,0.10603351577377149,-83.43478431372549,1.5308254893911404,0.2143584444916845,0.36454901960784314,0.44077375432191834,0.06172067097392371,0.0,0.0,0.0,5.25213725490196,2.7389970238492647,0.3835362982708117
L:B:GLN:44,91.83056862745097,2.1338913294904653,0.298804553016555,-2.933686274509804,0.4199217709683311,0.05880080927367253,-69.57013725490197,1.9978312655163897,0.2797523332351075,-9.462333333333332,1.5407347580849995,0.21574601965161383,0.08133910588235296,0.03131024241528773,0.004384310888021646,9.945750870588236,3.3310659241951264,0.4664425272234791
L:B:ARG:45,87.13001960784311,1.8170641316252603,0.2544398714916502,-3.2993921568627442,0.38171635493486483,0.053450980956305814,-77.69449019607843,1.99087737454925,0.2787785937323287,-7.303098039215686,1.3864236578390325,0.19413814360972612,0.16162602352941177,0.048050343382252614,0.006728393886887541,-1.005334760784314,3.0554053002950115,0.4278423190636725
L:B:GLU:46,79.76349019607842,1.5426544270433453,0.2160148270726437,-3.299745098039216,1.025454673774598,0.14359237567600094,-77.07894117647061,1.4386912000456566,0.20145706344902903,-4.669313725490196,0.8808075503718183,0.12333772706471552,0.043380282352941175,0.02214887023277964,0.0031014621870682157,-5.241129521568627,2.505490940230278,0.35083890643170706
L:B:LEU:47,98.29137254901961,2.228553236490863,0.3120598713254319,-4.352549019607842,0.5656524018811736,0.07920717928368153,-79.5256274509804,1.8556555203557679,0.2598437467970815,-9.103764705882352,1.1452394832734518,0.16036560398703437,0.05726159999999999,0.03323330366697203,0.004653593325131596,5.36669297254902,3.168997870680216,0.4437484604640677
L:B:VAL:48,60.731490196078425,2.246094033375857,0.31451607417903565,-4.055352941176471,0.5558996532218147,0.07784152131245842,-55.132745098039216,1.4932356871498655,0.20909481934758364,-5.4960980392156875,1.0357898048349756,0.14503958349496754,0.0011704941176470588,0.00240928693978129,0.00033736765184845313,-3.951535388235294,2.9422069901793666,0.4119913851436161
L:B:ALA:49,84.29709803921568,2.232552572816217,0.3126198904260042,-4.883686274509804,0.5053466094612329,0.0707626792759645,-79.94733333333333,1.683253044095723,0.2357025714026762,-0.17068627450980392,0.6315082627250749,0.08842884431930503,0.001510164705882353,0.00232700537094382,0.00032584592763588424,-0.7030976784313728,2.91063826288734,0.40757087913310247
L:B:SER:50,77.91635294117648,3.4049240976454445,0.4767847401559958,-4.564,0.5474220152177823,0.07665441454679386,-73.63629411764705,3.557675878799649,0.4981742678509996,-2.3033333333333332,0.7310434033053987,0.1023665518208606,0.0028332705882352944,0.005442972800589626,0.0007621686410571812,-2.584441239215686,5.008461911159339,0.7013249465809285
L:B:ILE:51,66.03354901960783,2.334143688250789,0.3268454919917263,-3.8199607843137255,0.8316309975639369,0.1164516323149127,-63.11398039215686,1.3683582619142058,0.19160848219736454,-1.118372549019608,0.7743479979902717,0.10843040796927388,0.003403905882352941,0.0044757269696034845,0.0006267271337082797,-2.015360800000001,2.934599812680172,0.4109261672288373
L:B:ALA:52,81.33807843137255,1.749658216967376,0.24500115550753748,-4.237313725490196,0.721713415780456,0.10106009224931989,-76.57286274509805,2.477684007290804,0.3469451569924023,0.38507843137254893,0.9130359579530186,0.12785060679230473,0.005038870588235294,0.007701120170603502,0.0010783725199602474,0.9180192627450968,3.248813035320844,0.45492481900903653
L:B:TYR:54,79.99382352941177,2.08876457252759,0.2924855431133664,-3.6210392156862747,0.6327599352969748,0.0886041135367206,-72.00121568627452,1.7236863405324798,0.24136436537587533,-4.486745098039216,1.5793422413831486,0.22115214864729804,0.12504254117647057,0.0494459636778082,0.0069238198173607185,0.009866070588235317,3.1986222025182696,0.447896696651614
L:B:ASP:55,80.09109803921568,2.8150058423294784,0.39417966174364605,-2.299627450980392,0.6310530868810722,0.08836510695239627,-71.35466666666667,3.256694918295184,0.4560285033843972,-10.146529411764705,1.6900259929888906,0.23665097394720042,0.28860155294117645,0.040652237364115315,0.005692451835214999,-3.421123937254902,4.667589114633131,0.6535932077646704
L:B:GLY:56,83.01613725490196,1.6059320672713728,0.22487546901020333,-3.5903529411764707,0.5602137835466593,0.07844562038983653,-77.14092156862746,1.592437604196874,0.2229858662214161,-5.520588235294117,1.198256612283529,0.1677894869735498,0.16405016470588238,0.051300328506056786,0.00718348283111257,-3.071675325490195,2.620527703309484,0.36694727525879317
L:B:SER:57,82.4772156862745,2.5865604181261035,0.3621909039637144,-3.3497843137254906,0.6617992205959385,0.09267042682257522,-81.02211764705882,2.263959880187886,0.3170177931265536,-1.1597843137254902,0.7900631722998669,0.11063097252954936,0.08195167058823528,0.02085411885838678,0.0029201607307351943,-2.972518917647059,3.5886518436031536,0.5025117705107895
L:B:THR:58,66.65427450980393,2.3573440861127257,0.33009419749848595,-3.103686274509804,0.624197979220208,0.08740519987925868,-60.593549019607835,2.656367446778204,0.3719658431583853,-5.790039215686275,1.7144683731068644,0.24007359175574453,0.10755896470588237,0.07691834908326636,0.0107707232317612,-2.7254410352941187,3.993532334250667,0.5592063792573098
L:B:SER:59,64.37064705882352,3.9433693308329736,0.5521821537932273,-3.878901960784314,0.6094794067489543,0.08534418748957673,-59.31047058823529,3.433140055589316,0.48073576455205336,-2.477450980392157,0.6763461033514179,0.09470739784329403,0.03507543529411765,0.01841041245999094,0.002577973390646643,-1.261101035294118,5.307151822088997,0.7431498999384186
L:B:TYR:60,72.29827450980392,1.895706139617009,0.2654519552475319,-3.902490196078431,0.6763531497947033,0.09470838454271362,-65.25196078431371,2.2915186330294044,0.3208767904010164,-3.0236666666666667,1.5632473198462666,0.21889840883908912,0.07470437647058825,0.05809808704798068,0.0081353594213413,0.19486123921568646,3.4277296520094698,0.4799781565141121
L:B:ALA:61,81.00850980392156,1.6198698128825646,0.2268271437697634,-3.8205882352941174,0.8091369688571866,0.11330183827415102,-78.27172549019608,2.008419045393483,0.28123491896470415,0.8161372549019609,1.060550578794194,0.14850678535898884,0.03442221176470588,0.035110719883951015,0.004916484178938284,-0.23324445490196055,2.904897278698565,0.40676698055087634
L:B:ASP:62,96.33392156862746,3.7890611587089422,0.5305746877704226,-1.9046862745098039,0.6116798307135908,0.08565230847498656,-74.39954901960785,3.31099455062429,0.46363197275644635,-10.064588235294117,1.6650435332761508,0.23315272986862226,0.15097595294117647,0.05617086220107275,0.007865493964284391,10.116073992156862,5.335667411624102,0.747142881149451
L:B:PRO:63,69.87607843137255,1.6171931486755162,0.22645233581168736,-2.306137254901961,0.5912945923028403,0.0827978041395129,-53.94586274509804,2.424527453611931,0.3395017506471931,-10.49743137254902,1.9367802395394955,0.27120347965661534,0.15245887058823526,0.03437017696803205,0.004812787429285348,3.279105929411764,3.549024563688316,0.4969628414258946
L:B:VAL:64,77.28854901960786,1.6469000983276403,0.23061214080719655,-3.950137254901961,0.608705924671117,0.0852358783346819,-70.083,1.4348867961086893,0.2009243403425757,-3.094117647058823,0.694478917283546,0.09724649966494851,0.0003015529411764706,0.001130863132155178,0.0001583525121718431,0.16159567058823593,2.3714985135249655,0.3320762137791039
L:B:LYS:65,90.09311764705883,1.6490571239116834,0.230914184803804,-3.252294117647059,0.5436993219698697,0.07613313322539411,-78.42547058823529,2.2265292726744303,0.31177645970313744,-6.832431372549021,1.448986275187736,0.2028986623175316,0.12039458823529411,0.027978299208154842,0.003917745516615586,1.7033161568627453,3.1737635330344807,0.44441578667225556
L:B:ASP:99,95.2223725490196,2.0618649844614967,0.28871884736961556,-3.3817254901960783,0.547341635380352,0.07664315911824275,-78.35001960784314,2.3018288508138607,0.322320509663573,-7.600529411764706,1.1869626314044743,0.16620801332411647,0.03786508235294118,0.020452934266009085,0.0028639836512626563,5.927963121568627,3.355381461068031,0.46984738342503685
L:B:PRO:100,75.2807450980392,1.4101927394778242,0.1974664807731697,-3.9716862745098043,0.4040048286547041,0.056571991541633074,-41.760784313725495,1.9502307888939758,0.27308693329464684,-13.476450980392158,1.7437506715295692,0.24417393368533236,0.020503764705882353,0.019680832915448806,0.002755867836858587,16.092327294117645,2.9993861594743647,0.4199980703421213
L:B:PRO:101,62.75945098039217,2.2794004054534596,0.31917989912818495,-3.3448235294117645,0.5081016845074497,0.0711484669476865,-47.158607843137254,2.615452685133833,0.36623663057104877,-7.521901960784312,1.915438589563318,0.26821505091442155,0.07443035294117648,0.046386583261442384,0.006495420870710481,4.808548000000001,3.99568304346697,0.5595075387855223
L:B:GLY:102,78.69658823529413,3.6078004008551536,0.5051931048465742,-3.6830588235294113,0.7129307479985367,0.09983027277135428,-68.3856274509804,2.6111649264211425,0.3656362242579989,-6.9017647058823535,1.8880366042920043,0.2643780054905966,0.13395698823529412,0.104921691204967,0.014691975457685209,-0.13990575686274595,4.890640759374591,0.6848266853487862
L:B:ILE:103,74.19549019607842,2.7768956455679907,0.38884316679129605,-2.880137254901961,0.5346486484033447,0.07486578543116973,-62.04200000000001,2.7442339907665354,0.38426962031830847,-5.878254901960784,1.7407997130363229,0.24376071684464373,0.05055162352941176,0.02423334019965856,0.003393346365105723,3.4456496627450988,4.307991375963629,0.6032394525926291
L:B:LEU:104,84.14243137254903,2.293358794217722,0.32113446450735667,-3.361941176470588,0.5380970249913098,0.07534865473700535,-74.52960784313726,2.4592545664659413,0.3443645190977195,-3.744725490196078,1.3726057097536384,0.19220324385911508,0.08730028235294117,0.0484620222593301,0.0067860404601462025,2.5934571450980397,3.671970995535449,0.5141787854176794
L:B:TRP:106,81.04435294117647,1.6006349453806459,0.22413372358157796,-4.217117647058823,0.5804975772038689,0.08128591961850895,-77.13996078431373,1.586301963697567,0.2221267047020226,-1.4972941176470587,1.151484145363809,0.16124003158269554,0.07157279999999999,0.061775412957583695,0.008650288044711029,-1.7384468078431354,2.5971321730351584,0.36367124574895193

Receptor:
Total Energy Decomposition:
Residue,Internal,,,van der Waals,,,Electrostatic,,,Polar Solvation,,,Non-Polar Solv.,,,TOTAL,,
,Avg.,Std. Dev.,Std. Err. of Mean,Avg.,Std. Dev.,Std. Err. of Mean,Avg.,Std. Dev.,Std. Err. of Mean,Avg.,Std. Dev.,Std. Err. of Mean,Avg.,Std. Dev.,Std. Err. of Mean,Avg.,Std. Dev.,Std. Err. of Mean
R:A:HIS:25,90.36739215686275,2.770806982885866,0.38799058348208165,-11.845,1.0571368657563582,0.14802876992104202,-68.13086274509803,3.1992178334503842,0.44798010166478114,-2.8703529411764706,1.5700883804714145,0.2198563489337914,0.12136870588235295,0.06122107133870966,0.008572664691845314,7.642545176470591,4.636683079237185,0.6492654971805497
R:A:ALA:26,85.56845098039216,2.4074094474345404,0.3371047503343463,-6.792509803921568,0.8183297521398184,0.11458908540889652,-71.1966862745098,2.2298418698018505,0.31224031608153097,-1.6469607843137262,1.3726411204393354,0.19220820234690938,0.05092644705882352,0.04306187269759256,0.006029868271938837,5.983220564705882,3.6501337736522594,0.5111209627283262
R:A:ASN:27,25.992960784313723,5.463145678484556,0.7649934089725612,-6.486235294117647,1.2862637424824326,0.1801129501405483,-85.76535294117646,6.624649006828045,0.9276364067937245,-9.682117647058824,2.3016329552448136,0.3222930787971844,0.3786710117647059,0.08799720849370488,0.012322073850379535,-75.56207408627452,8.982854076105706,1.2578511660500649
R:A:ASN:28,31.05170588235294,6.554804100493603,0.9178561636626325,-3.4154117647058824,0.6173411100324532,0.08644504614301883,-86.12711764705882,5.957129173197369,0.834164933921052,-16.546705882352946,1.7863683862893527,0.2501416074058235,1.1326335529411764,0.06832020300367724,0.009566741960279984,-73.90489585882351,9.057026801871324,1.2682374251168314
R:A:SER:29,89.9445882352941,5.867203065417285,0.8215727601451912,-4.684490196078431,0.8171155478457951,0.11441906279981032,-82.34750980392157,5.616097823196085,0.7864109931774537,-5.9162549019607855,2.239640673587997,0.31361242306043485,0.36558423529411765,0.12744093066999332,0.0178452997107186,-2.63808243137255,8.465490885157271,1.1854058288006373
R:A:THR:30,27.631490196078435,3.5527660716275435,0.49748675733104786,-4.263176470588236,1.3806995769534038,0.19333661196337498,-37.34368627450981,3.718247423394026,0.5206587814467117,-7.33721568627451,1.2324377296240974,0.17257580075973206,0.8446081411764707,0.1585864716921453,0.02220654779067828,-20.467980094117646,5.467896708011975,0.7656586861751487
R:A:ASP:31,96.56199999999998,9.082520361532204,1.2718072375032423,-5.655470588235294,1.4106584104933881,0.19753168775805002,-85.65107843137255,17.007403214820762,2.381512800274746,-70.39729411764706,8.279623912303085,1.1593792467640083,0.3529825411764706,0.11896096105667736,0.016657866454449697,-64.78886059607844,21.030934863188442,2.944919923741311
R:A:THR:32,46.99296078431373,3.96208205792816,0.5548024597001514,-6.6610588235294115,0.8887185180825985,0.12444548411779494,-60.08586274509805,4.384535323243381,0.6139577490855018,-0.6811176470588236,2.9666752675380423,0.4154176292911988,0.33718037647058824,0.1230112261801075,0.017225017013186943,-20.097898054901965,6.672957271232625,0.9344009168476939
R:A:THR:44,29.59333333333333,3.011408143466433,0.42168148481758094,-8.605745098039217,0.981816360832075,0.13748178962460128,-43.311960784313726,4.614027193205367,0.6460930385809134,-3.987313725490196,2.1726234299212974,0.30422813190114173,0.09041957647058822,0.0861105162777362,0.012057884096908373,-26.221266698039212,6.004123325001634,0.8407454314047822
R:A:HIS:45,107.3754705882353,2.172055864960084,0.30414865690998377,-9.583333333333334,0.8646660165991479,0.12107746023796193,-86.18076470588237,3.2958734364872933,0.46151459325901123,-7.7584117647058815,1.653246054501367,0.23150075241161497,0.6328458352941176,0.09942123073776983,0.013921756933165249,4.4858066196078425,4.367077147012317,0.6115131154375208
R:A:SER:46,77.58860784313725,3.551901082123964,0.4973656345735723,-6.293333333333334,1.1336318983893103,0.15874021699334157,-75.7925294117647,4.781669428520207,0.669567646916244,-1.1866274509803918,2.2255654488443115,0.3116414973717548,0.14790988235294117,0.09150026039525941,0.012812599231485861,-5.535972470588236,6.459643873049495,0.9045310665344765
R:A:VAL:47,43.98950980392157,3.054342183101381,0.4276934528803496,-6.310509803921568,1.117989132721904,0.15654979167102295,-48.918019607843135,2.0590878857358565,0.2883299757659262,-1.6568431372549022,0.6984836902821409,0.09780728005204706,0.3603866823529412,0.07329052996060377,0.010262726945169161,-12.535476062745095,3.913055041896678,0.5479373042873308
R:A:ASN:48,22.58892156862745,3.682098942356045,0.5155969816401769,-8.144725490196079,0.802879403403197,0.1124256038461787,-85.45566666666666,3.850614657665716,0.5391939016395635,-4.714862745098039,1.9454162820776577,0.27241276749371607,0.38981689411764703,0.07646039153450605,0.010706596348275265,-75.33651643921569,5.728890983566112,0.8022051947855262
R:A:LEU:49,64.59254901960784,2.921335816622155,0.4090688362773705,-10.935549019607844,0.7938931452207223,0.11116727600989339,-67.26294117647059,1.256569316639629,0.17595489882911586,-0.4635686274509804,0.45269533774900383,0.06339002655822633,0.020859105882352943,0.01930321678503263,0.0027029910021756378,-14.048650698039214,3.3088882438102982,0.46333703080819777
R:A:GLU:51,94.81370588235295,2.4419665515696583,0.34194371280255503,-7.522333333333335,1.4360003777740868,0.2010802729653752,-73.24531372549019,6.656450913536539,0.9320895644535268,-75.65472549019607,6.042563996362352,0.84612820205709,0.14572221176470587,0.059263125227014504,0.008298497397264633,-61.46294445490196,9.426013380874227,1.3199058809019708
R:A:ASP:52,87.13419607843137,3.3399832042527553,0.46769119619031896,-5.1657843137254895,0.9953249605072921,0.13937337193343266,-48.153,6.979451495387771,0.9773186926431006,-98.5627843137255,6.074141128067038,0.8505498849207701,0.6733198588235296,0.07304790221552092,0.010228752265241947,-64.07405269019607,9.887336810176112,1.384504081936664
R:A:SER:53,75.09641176470588,4.513062162806069,0.6319551064557714,-3.94778431372549,1.1224881206188382,0.15717977598605895,-69.29674509803921,5.286705100284858,0.7402867862058189,-5.286313725490197,1.287421369998672,0.1802750504161196,0.5141470588235294,0.04130770578149624,0.005784235772271786,-2.9202843137254906,7.157941086244446,1.0023122345713917
R:A:ILE:302,78.36429411764706,3.413570411271824,0.4779954662331238,-9.605627450980391,0.8558693312577685,0.11984567790906246,-62.80582352941177,1.747076265840176,0.2446396100334023,0.4677843137254902,0.8097823797163278,0.11339221387135812,0.02921985882352941,0.018968141283588827,0.002656071047043892,6.449847309803921,4.011652781141827,0.5617437493468477
R:A:ASN:303,22.21041176470588,7.621911054621897,1.0672810252019966,-4.55121568627451,1.1413517152013906,0.15982120756677162,-80.30229411764705,6.997397127543471,0.9798315837733925,-12.840803921568629,3.2008016644094934,0.4482018823596319,0.8830245176470588,0.1628922799556603,0.02280948154638261,-74.60087744313725,10.891806260334876,1.5251579385438523
R:A:SER:304,80.73923529411765,6.1722531227505035,0.8642883121367221,-4.19743137254902,0.884690623999279,0.12388146613125027,-79.17870588235293,7.835266106056034,1.097156708136996,-1.4388627450980391,1.8935994567832235,0.2651569606459806,0.2901262588235294,0.06902080082320503,0.009664845277639805,-3.7856384470588225,10.191234657188602,1.427058292211722
R:A:SER:305,68.20950980392156,3.5933925931263424,0.5031756082248583,-3.7341764705882348,0.7121949971434585,0.09972724704443701,-55.30150980392157,2.982833114198444,0.4176801803791327,-8.06786274509804,1.6102519839296356,0.22548037833632595,0.6382096941176469,0.14057981450800977,0.019685111447191796,1.7441704784313725,4.992961001795092,0.6991543851142208
R:A:LEU:306,74.80905882352941,3.1704693189529762,0.44395450443517004,-8.792509803921568,1.0341118264055034,0.1448046195173457,-65.08911764705883,2.295828242594054,0.321480256445348,-1.2520980392156864,0.9394655396512602,0.1315514884804286,0.29853289411764705,0.05287493507389668,0.00740397185282516,-0.026133772549020415,4.156619004717377,0.582043080919807
R:A:ARG:329,-187.85984313725493,3.9328067828308515,0.5507031012328312,-10.923823529411765,1.1705111453579378,0.1639043444977535,6.45956862745098,7.188571559692487,1.0066013587647555,20.14458823529412,5.858448426648879,0.8203468655141654,0.5321199529411765,0.13051137032738527,0.018275247260864175,-171.64738985098037,10.141552040333698,1.4201013343212905
R:A:THR:332,30.83929411764706,3.8836070826382962,0.5438137652008527,-8.267117647058825,0.8002290026907327,0.11205447351294297,-44.07741176470587,4.185290100173067,0.586057837315194,-2.8442745098039213,1.4875038187913596,0.20829219723691503,0.10599797647058827,0.04457837007348809,0.006242220379233562,-24.243511827450984,5.954332749659672,0.8337733563024176
R:A:TRP:357,129.94519607843137,3.457424452378706,0.484136260269735,-16.567470588235295,1.341366414138242,0.18782886751018477,-95.36711764705882,2.1504962003518613,0.301129700013062,-5.36035294117647,1.3562263797314902,0.18990967889714144,0.22832654117647058,0.14289469196928392,0.020009259127790547,12.878581443137255,4.498605394417769,0.6299307539704172
R:A:THR:358,35.54627450980392,3.978098181333719,0.5570451655629652,-4.907686274509804,0.565512971720508,0.07918765515597223,-44.162843137254896,3.351874034629215,0.46935624548619015,-9.007666666666665,1.4065661101499005,0.19695865109116534,0.7474935529411764,0.14049509104376365,0.019673247789228424,-21.78442801568627,5.420174969349786,0.7589763061527632
R:A:GLY:359,70.5462156862745,1.70612193336779,0.23890485642182793,-3.4416470588235293,0.3955926714526392,0.055394053922256645,-63.65776470588235,1.521554437219054,0.2130602375202288,-5.493254901960784,0.856405617732517,0.11992077303605485,0.333299294117647,0.07372229414393763,0.010323186023861064,-1.7131516862745098,2.4741340055430165,0.3464480573178331
R:A:MET:360,93.20515686274507,2.619702178646619,0.3668316786843648,-11.938882352941178,1.1192832728950697,0.1567310075420654,-75.38976470588234,2.4288523117883924,0.3401073519242676,-2.536725490196078,1.4830401218698501,0.20766715464688235,0.02707496470588235,0.03513416304291042,0.00491976687779804,3.366859278431373,4.0268598826823885,0.5638731694891517
R:A:ILE:361,78.07005882352942,3.34769907760343,0.46877163456870213,-3.9567254901960793,0.8583194953028368,0.12018876950055352,-61.26827450980392,2.71794966031693,0.38058907787324914,-3.8758431372549014,1.1901822462613225,0.166658849580345,1.0485434823529411,0.12376379971076895,0.01733039838586213,10.017759168627451,4.556632866893621,0.6380562253738591
R:A:ASP:362,86.24876470588237,10.185908743211321,1.4263125150845588,-4.2287647058823525,1.136539408463085,0.15914734983838333,-59.53239215686275,11.662836385377929,1.6331237513721937,-86.36154901960785,8.046258139751586,1.1267015024042408,0.7064069647058824,0.1320804546210196,0.018494963009517907,-63.1675342117647,17.487879419818896,2.4487929263455706
R:A:GLY:363,82.3183137254902,3.3545401162860453,0.4697295715908353,-4.133431372549019,0.8156471328278381,0.11421344356933703,-74.99999999999999,4.535300673172445,0.6350691207722201,-4.548137254901961,1.643896829208774,0.23019159901378405,0.1054512,0.06367842162513322,0.008916762558401257,-1.2578037019607833,5.932421390933421,0.8307051523785813
R:A:TRP:364,116.08911764705881,3.5670068280912157,0.4994808620968052,-15.472450980392155,1.1993362104248722,0.16794066095115748,-81.21635294117648,2.603865082070997,0.3646140415919976,-4.766980392156863,1.0552493523778936,0.14776446518182199,0.24880884705882356,0.09146674427583674,0.012807906036033715,14.882142180392153,4.697230650491482,0.6577438529969155
R:A:GLY:376,72.67378431372549,1.7840753997269299,0.24982052506419303,-3.999490196078432,0.5242773690593603,0.07341351584004249,-70.01558823529412,1.5524141752851577,0.2173814651814574,-2.6704901960784313,0.5536262763141321,0.0775231848717267,0.14920616470588235,0.024415629909714926,0.0034188720301572403,-3.8625781490196074,2.4849305302270013,0.3479598731670032
R:A:TYR:377,77.50264705882353,2.873480589626792,0.40236776414954595,-10.621254901960784,0.9021721248565198,0.12632936588018157,-70.55405882352942,1.9524320119393854,0.2733951661737459,-8.77021568627451,1.0444430416278914,0.14625127900931736,0.7172634352941176,0.06683082988329951,0.009358188008464826,-11.725618917647061,3.7387328909810544,0.5235273206741234
R:A:ALA:378,86.64298039215689,2.679179853218153,0.3751602189990466,-4.934588235294117,0.9170053387162698,0.12840643127517518,-77.03998039215686,2.6584025093232815,0.37225080891354767,-0.08703921568627447,1.1960166888596317,0.16747583495752671,0.1706305411764706,0.05676426350342222,0.007948586766836015,4.752003090196077,4.064441595144695,0.5691356618376151
R:A:ALA:379,91.6332549019608,2.371150674938286,0.3320275066345655,-5.858882352941177,0.7878164822397291,0.11031637299492988,-81.61798039215688,3.115575712324029,0.4362678620248717,-1.2635882352941177,1.490199396797131,0.2086696536565576,0.09317265882352942,0.0679254177650671,0.009511460969570581,2.985976580392156,4.263230049711761,0.5969716132241121
R:A:ASP:380,108.5502156862745,3.0798530287936847,0.4312656857953141,-7.1673333333333344,1.296640919145549,0.18156604552152852,-120.45888235294119,11.994277603968534,1.6795348051140333,-47.8736862745098,9.97057843915689,1.3961602414590473,0.08196282352941177,0.048276443710626914,0.0067600542655690135,-66.86772345098039,15.951308178943538,2.2336299157167736
R:A:GLN:381,41.37096078431373,3.535539595840534,0.49507456823479384,-6.351470588235294,0.8372762645940676,0.1172421278140439,-78.46364705882354,5.151667892198695,0.7213777948972389,-9.049843137254902,3.773723855835236,0.5284270357947469,0.787778682352941,0.1805683844287393,0.025284631252067702,-51.70622131764706,7.349445593381515,1.0291282293059554
R:A:LYS:382,132.3736470588235,3.5776589882515135,0.5009724628692394,-6.164019607843137,0.7880261638484157,0.11034573429299298,-123.64850980392158,12.684127593134795,1.7761331251936787,-14.798568627450981,13.260681383514731,1.8568668041976673,1.1569551529411763,0.19444739681717677,0.027228081715418403,-11.080495827450983,18.713396335654117,2.6203996193339196
R:A:GLN:385,20.272137254901963,2.988498075265731,0.4184734335950643,-6.969803921568628,0.8369156028293002,0.11719162506541649,-61.734,2.9034207546326063,0.4065602258265613,-10.220058823529412,2.291641627628755,0.3208940130898078,0.8205512470588237,0.11520653068530302,0.01613214104685916,-57.83117424313725,4.82973026625204,0.6762975103060028
R:A:ILE:388,80.32433333333334,3.112454271916496,0.4358307729412569,-6.98507843137255,1.4331412891382458,0.2006799204778513,-68.46172549019607,1.8386417309634977,0.2574613397530972,-0.5148235294117647,0.7489085052596801,0.1048681664674316,0.5284797176470588,0.10881981676655295,0.015237822216578137,4.891185600000003,3.961637876688873,0.5547402618858441
R:A:ASN:389,24.32392156862745,7.53276690784775,1.054798347868446,-6.300431372549019,0.6932748444853277,0.097077895749042,-84.1337843137255,6.738570539384724,0.9435886121118312,-11.550999999999998,2.401717792110717,0.3363077591748361,0.7295186823529413,0.07022201764343981,0.009833049276637229,-76.93177543529411,10.411758722565999,1.457937837891408
R:A:ILE:391,89.0691568627451,2.866649833780144,0.401411267012454,-9.295764705882354,1.307986517113385,0.18315474700910347,-76.47396078431373,1.7785805417692413,0.2490510910479216,0.2974705882352941,0.5493941173636387,0.07693056408264504,0.08143030588235294,0.03515015678894779,0.004922006450202553,3.678332266666666,3.6599082190320504,0.5124896588481003
R:A:THR:392,32.905647058823526,3.662836631513616,0.5128997186156758,-5.617156862745097,0.9400872169081331,0.13163854070857783,-46.03098039215687,3.6166804381604405,0.5064365587849761,-3.447392156862745,1.2825595744055203,0.17959426286194902,0.5266236705882353,0.07461438860062065,0.010448104233937565,-21.66325868235294,5.388046021073873,0.7544773535136107
R:A:ASN:393,31.241568627450977,6.275800457514975,0.878787839199209,-6.182392156862747,0.836111707482598,0.11707905720105351,-85.43656862745098,7.99143290362457,1.1190244337791615,-9.967666666666666,2.5089364488912755,0.3513213741474412,0.6654796235294117,0.07802868894258232,0.010926201910911459,-69.6795792,10.499933552358382,1.4702847836984914
R:A:LYS:394,141.55617647058824,3.7596257307775716,0.5264529034207085,-8.369960784313724,1.6328974003380488,0.22865137089544815,-155.8882156862745,14.349799695689851,2.0093738723665693,13.045098039215686,13.638202312758148,1.9097303080499977,0.4344275294117647,0.23136602603348397,0.03239772383753936,-9.222474431372547,20.21811028320155,2.8311017166249033
R:A:VAL:395,48.48086274509804,3.0450636943633413,0.4263942045813741,-7.191745098039216,0.785283059822761,0.10996162289943884,-54.73370588235293,1.96295622691616,0.2748688510369465,-2.77813725490196,1.403799326751706,0.19657122392223422,0.2807397176470588,0.10305376565225971,0.014430413562694904,-15.94198577254902,3.9652934524404246,0.5552521448778994
R:A:ASN:396,27.54531372549019,7.476218050120588,1.046879923943458,-6.183000000000001,0.9940852332573864,0.13919977539566566,-86.5865294117647,9.577598287410956,1.3411320134682334,-11.94307843137255,4.494747321490341,0.6293905157021167,0.633047294117647,0.1289582227966528,0.01805776310537998,-76.53424682352941,12.99352971467792,1.8194580880689637
R:A:ILE:399,78.1149411764706,4.18913715862762,0.5865965332487941,-8.027529411764705,1.257024284990754,0.17601860714121018,-63.27266666666666,3.2772136459263304,0.4589016999495462,-3.308098039215686,1.3910138248689505,0.19478089555716172,0.40430061176470583,0.14855125208582304,0.020801335975320235,3.910947670588236,5.6414622575507645,0.789962724404403
R:A:GLU:493,102.10321568627451,2.6263734058973642,0.3677658373498891,-7.044019607843137,1.42953902470165,0.20017550256305455,-67.7327843137255,14.773881771577104,2.0687572408523867,-86.10550980392156,13.864109758190708,1.9413636777172834,0.5665934117647058,0.08128973543110278,0.011382839756007929,-58.21250462745098,20.47996946040529,2.867769335690739

Sidechain Energy Decomposition:
Residue,Internal,,,van der Waals,,,Electrostatic,,,Polar Solvation,,,Non-Polar Solv.,,,TOTAL,,
,Avg.,Std. Dev.,Std. Err. of Mean,Avg.,Std. Dev.,Std. Err. of Mean,Avg.,Std. Dev.,Std. Err. of Mean,Avg.,Std. Dev.,Std. Err. of Mean,Avg.,Std. Dev.,Std. Err. of Mean,Avg.,Std. Dev.,Std. Err. of Mean
R:A:HIS:25,16.367254901960784,1.9408906268054023,0.2717790489992245,-6.968274509803923,0.9317813653854973,0.13047548886177376,-1.2338235294117648,2.676697018648626,0.37481255261908214,-0.9907450980392155,1.3242260017279683,0.18542872969717147,0.12074682352941175,0.06075101366292078,0.008506843451670148,7.295158588235294,3.6820164389987027,0.5155854288593616
R:A:ALA:26,5.919137254901962,0.9897992670255061,0.13859962008013382,-2.3034901960784318,0.4176897419043451,0.05848826268914541,-0.6102941176470588,0.2888994868372211,0.04045401977040729,-0.2864509803921569,0.08749864172065987,0.012252260538094232,0.02865091764705882,0.03079216868376907,0.00431176605519128,2.747552878431373,1.1163486878867046,0.1563200834478553
R:A:ASN:27,-66.54774509803921,2.9813978748174765,0.4174792066670346,-3.4866666666666664,0.91296493214157,0.1278406611893824,-1.807392156862745,4.6385529271506325,0.6495273282598858,-5.80878431372549,2.074362470582657,0.2904688454612033,0.28100032941176467,0.09145610423492963,0.012806416132296168,-77.36958790588237,5.96236156163208,0.8348976148527544
R:A:ASN:28,-66.62023529411763,3.7423487674958706,0.5240336446611237,-1.3451176470588235,0.3276820940891042,0.045884671024556505,3.9075294117647057,3.4950890159661316,0.48941035409624284,-11.355529411764707,1.3290340049787477,0.18610198481677231,0.9176573647058823,0.07658179590109128,0.010723596359939599,-74.4956955764706,5.30098040363713,0.7422857285035833
R:A:SER:29,1.9985882352941173,2.7772296972404247,0.3888899433816906,-1.793313725490196,0.6292521079041429,0.08811291945308154,-2.047745098039216,3.3639007227146123,0.47104031866647,0.18462745098039215,1.890733501827457,0.26475564668135243,0.2646399529411765,0.16292496388283678,0.022814058211611914,-1.3932031843137258,4.79856320137651,0.6719332482837215
R:A:THR:30,-29.072058823529414,2.494799606175046,0.3493418202167839,-1.8845882352941177,0.890614398558891,0.12471096048505992,14.562607843137254,2.21602870440841,0.310306086041749,-0.7777843137254901,0.7046942408500826,0.09867693107916081,0.6512943529411765,0.18607786630600487,0.026056113026672524,-16.52052917647059,3.529762208148003,0.4942655721424379
R:A:ASP:31,9.464294117647059,4.596966469033289,0.6437040593531876,-2.336823529411765,1.0547304777159128,0.14769180819629413,-9.933156862745099,11.755488062315287,1.6460975811689116,-59.56211764705883,7.778743990169013,1.0892420288186242,0.29860277647058825,0.11950432400454376,0.016733952485879305,-62.06920114509805,14.864696297917517,2.0814738181098784
R:A:THR:32,-28.510333333333335,2.4933543330351906,0.3491394414974119,-3.3673921568627443,0.6596259212742602,0.09236610404689745,12.159313725490199,2.6332097500675533,0.3687231170087968,1.3758039215686273,1.7346304914722923,0.24289685303563693,0.3022020705882353,0.10843187103224156,0.015183498948034151,-18.040405772549022,4.075097076946028,0.5706277277328281
R:A:THR:44,-28.013294117647064,1.9777434486780452,0.27693947625007387,-4.45978431372549,0.8279373925777544,0.11593442416487093,9.750745098039214,2.2459617167405606,0.3144975461441165,1.5033921568627449,0.8818400566024892,0.12348230685585984,0.05102992941176471,0.06014603628749108,0.008422129674659972,-21.16791124705882,3.2283978904390582,0.4520661269299854
R:A:HIS:45,22.37680392156863,1.8247672751921193,0.2555185273437583,-4.638901960784315,0.7062696883919437,0.09889753786079072,-5.2806862745098035,2.355671092010338,0.32985993146625897,-4.6616470588235295,1.67132198260843,0.2340318886244792,0.6086350588235294,0.11120164857863372,0.015571345381574245,8.40420368627451,3.490481593030292,0.48876518583866785
R:A:SER:46,-1.1589999999999998,1.6308041322142455,0.2283582547290189,-2.1198039215686273,1.0237835444404124,0.14335837076355143,-3.987156862745098,4.20553264152396,0.5888923600655709,3.134607843137255,1.7104690112275807,0.23951356907690632,0.02413510588235294,0.03392126786074709,0.004749927581038356,-4.107217835294118,4.9316340652182085,0.6905668963239148
R:A:VAL:47,-17.36449019607843,2.3189311210170795,0.3247153064992963,-3.298450980392157,0.4756535365292308,0.06660481740993714,7.30564705882353,1.0966435748840582,0.15356081571874258,4.114745098039215,0.47447402636146174,0.06643965295025357,0.32715091764705884,0.06744205135276145,0.009443776133526614,-8.915398101960784,2.652543872050207,0.3714304356042446
R:A:ASN:48,-63.956411764705884,2.243313211253202,0.3141266811954778,-4.157254901960784,0.7311660803030832,0.10238373003652318,-8.41378431372549,3.2135065955672073,0.44998092856654126,-1.935176470588235,1.6575513443191465,0.2321036135703955,0.3019627764705882,0.07748919229852051,0.010850657270303491,-78.1606646745098,4.3182361763224755,0.6046740115833628
R:A:LEU:49,-21.04731372549019,2.322556312157994,0.32522293479483805,-6.42392156862745,0.5505391241154921,0.07709089709771481,7.0562941176470595,0.5448487213723496,0.07629408133458274,3.0600980392156867,0.27141967033937636,0.03800635587896766,0.020859105882352943,0.01930321678503263,0.0027029910021756378,-17.333984031372548,2.463384365285545,0.3449428066015328
R:A:GLU:51,12.411686274509806,1.61413475261997,0.22602407470312225,-3.6295490196078424,1.212422648654184,0.1697731288334943,4.92621568627451,6.919957280027168,0.968987836154668,-70.20362745098038,5.957740050410562,0.8342504738405941,0.14092221176470587,0.057507744808195774,0.008052694973228173,-56.35435229803922,9.351961403094279,1.309536529935156
R:A:ASP:52,6.096470588235294,2.1800551562813877,0.30526878174233973,-2.3569019607843136,0.5328850170240333,0.07461882764156808,22.953647058823528,5.924246969019973,0.829560504358197,-88.0312156862745,5.461833339096651,0.7648096447017243,0.5345306823529412,0.06506612115299903,0.009111079359549815,-60.803469317647064,8.364757384403308,1.171300317310618
R:A:SER:53,-1.0360588235294117,2.3773338453456776,0.3328933236723277,-0.6188627450980393,0.8499878896394001,0.11902211135270498,-4.122803921568628,3.1892741384491705,0.4465877058575963,2.0138627450980393,0.998101295885025,0.13976213664703482,0.44808141176470584,0.035248095519380775,0.0049357206155705826,-3.3157813333333332,4.18845004506745,0.5865003181054169
R:A:ILE:302,5.8571960784313735,2.276337839942316,0.3187510541790564,-5.918313725490196,0.5486134569127235,0.07682124975446453,1.745392156862745,0.7543255935701478,0.1056267105548885,2.677156862745098,0.4158018180151062,0.05822390046691921,0.007401458823529412,0.007905344835508726,0.0011069696930536552,4.368832831372549,2.4949251359741376,0.3493593979045459
R:A:ASN:303,-68.42417647058824,3.975799042668236,0.5567232217545958,-2.3390196078431376,0.9283244972338887,0.12999143049919296,3.1801568627450982,4.032156652402251,0.5646148656039922,-8.390823529411765,2.897893059542468,0.40578619369203134,0.6400166117647058,0.20132652176363205,0.028191351881224562,-75.33384613333332,6.431591422211751,0.9006029377128497
R:A:SER:304,-0.7291372549019607,3.280480381008351,0.4593591343570611,-1.4061568627450982,0.7224167601835377,0.10115858016530467,-5.016529411764705,4.6657135568134676,0.6533305771385386,2.913764705882353,1.081352613187966,0.1514196528058753,0.13292597647058824,0.07418165306840903,0.010387509139196846,-4.105132847058823,5.850397156732878,0.8192194622227144
R:A:SER:305,2.6558823529411764,1.8764923644934737,0.262761488583084,-1.0640980392156862,0.3604859060040044,0.050478123475020044,-0.8100784313725492,2.3371987325465384,0.32727328376004244,-1.964294117647059,1.2814079311615911,0.1794330005521111,0.4813081411764705,0.10133258083039966,0.014189399479996713,-0.701280094117647,3.281150130034979,0.45945291797938953
R:A:LEU:306,-21.649078431372544,2.031276087307712,0.28443554502193297,-5.4019803921568625,0.7048274852254686,0.09869558902367699,7.539882352941176,0.7615689338865723,0.10664098107358112,3.5014901960784313,0.35344547087814737,0.049492265366057164,0.27707322352941177,0.056920011834560476,0.007970395895457364,-15.732613050980392,2.3088991221987234,0.3233105456844626
R:A:ARG:329,-280.4640392156863,3.6325711952635142,0.5086617098541322,-6.694078431372549,1.0487323037023852,0.14685189583512642,89.3361176470588,6.676685133980486,0.9349229220438758,24.275803921568627,5.615307415744748,0.7863003139962161,0.4804013647058824,0.12023811211065825,0.01683670337296818,-173.0657947137255,9.508925906153914,1.3315159566885322
R:A:THR:332,-26.792568627450983,2.2683323947634766,0.31763006763428575,-4.014333333333334,0.5671080288092113,0.07941100782339214,10.806235294117648,3.1281794968071317,0.43803274486437876,0.11362745098039216,0.9734290503725418,0.13630733124509686,0.09268602352941174,0.042113046989593166,0.005897006097726304,-19.794353192156862,4.025144464308546,0.563632962870685
R:A:TRP:357,41.75317647058823,2.634716368303646,0.3689340857598202,-12.42735294117647,0.9077058524919911,0.12710424274002013,-15.321196078431374,1.4724715652849998,0.20618726071661345,-0.642235294117647,1.134968645817857,0.1589273990734985,0.21417642352941177,0.13604653740637052,0.019050325683111227,13.576568580392154,3.352684782969927,0.46946977296165593
R:A:THR:358,-27.985647058823524,2.1785185182265625,0.3050536093758866,-2.0871960784313726,0.4018971685671204,0.05627686009717865,12.498529411764705,1.7962016388942308,0.2515185381842062,-0.42254901960784325,0.7890558844426349,0.11048992401701282,0.5983622117647058,0.12090276212164143,0.016929772990291053,-17.398500533333333,2.9615926901899994,0.41470592610759915
R:A:GLY:359,0.14978431372549023,0.3066940938539919,0.042945763151276205,-0.10560784313725491,0.0869753353433779,0.012178982988298953,-3.830196078431372,0.2874887905475684,0.04025648277850599,2.9311764705882353,0.26365014741259013,0.03691840505728988,0.03764230588235294,0.03602147222010898,0.005044015014718682,-0.8172008313725491,0.5050591327212116,0.07072242448059719
R:A:MET:360,8.032490196078431,1.8619378622405904,0.2607234506193187,-8.26064705882353,0.7415303419156534,0.10383501694869698,-1.0665490196078429,0.5153772010496621,0.07216724303919413,2.208490196078431,0.4036387130692457,0.05652072510535611,0.0054131294117647066,0.006258637332214879,0.000876384520945469,0.9191974431372549,2.1083777866923756,0.2952319424312389
R:A:ILE:361,8.153705882352943,2.3067644541279337,0.3230116323659089,-1.6575882352941176,0.6140598800867714,0.08598558204861338,-2.7850588235294116,1.1148915785106237,0.15611604732389767,4.669411764705883,0.46718951843561457,0.06541961781320278,0.8937488470588236,0.09673374632523765,0.013545433843264796,9.274219435294118,2.6774686699956836,0.3749206054203919
R:A:ASP:362,7.236941176470589,3.884544788289365,0.5439450702556399,-2.0438039215686272,0.6762868929332054,0.09469910672635505,10.232372549019608,7.3605008113945996,1.0306762694667864,-75.70221568627451,7.523622946931689,1.0535179372324568,0.5345638588235294,0.14981735883344588,0.02097862638161521,-59.74214202352942,11.24061261039294,1.5740005970607331
R:A:GLY:363,-0.09417647058823529,0.2179906191435817,0.030524792249169246,-0.0825686274509804,0.2037346654787151,0.028528559449595363,-4.148235294117647,0.4320597992487548,0.06050047319971714,3.495529411764706,0.40125950494837964,0.056187569330615465,0.001049364705882353,0.0031794047687358413,0.00044520571767244784,-0.8284016156862745,0.6608499776842718,0.09253750622816405
R:A:TRP:364,41.25313725490196,3.0273810206028227,0.42391813499145226,-11.020470588235293,0.7910815468969242,0.1107735734961833,-14.172980392156862,0.9099651036229964,0.1274206011763766,-1.2409411764705882,0.8864928787027975,0.12413383226801855,0.2458228235294118,0.09082268069657704,0.012717719095745199,15.06456792156863,3.3783132967323075,0.4730584827021258
R:A:GLY:376,0.2340196078431372,0.23665963730483908,0.033138977681125836,-0.08241176470588234,0.100340435512542,0.01405047134709094,-4.302254901960785,0.4923395864221399,0.06894133174455096,3.1875098039215684,0.4322071204896124,0.06052110229966986,0.07491684705882352,0.019345178085997606,0.002708866759579754,-0.8882204078431375,0.7040252028184287,0.0985832470160426
R:A:TYR:377,4.972666666666666,2.151452666261426,0.30126363202948353,-7.690176470588235,0.8281157612050206,0.11595940076850855,-7.036941176470589,0.8239255489819954,0.11537265369613327,-3.3351960784313723,0.559196237595966,0.07830313545690262,0.5126552470588236,0.07011906830398534,0.009818633485667035,-12.576991811764705,2.5121693245611763,0.35177406728891125
R:A:ALA:378,6.316980392156863,1.0673048793563558,0.14945257661486228,-1.4598823529411766,0.2689771217808728,0.03766433066889328,-0.5274509803921569,0.2509975637508116,0.03514668896598122,-0.34658823529411764,0.14489349387558453,0.02028914737792154,0.13294870588235294,0.06245357791844012,0.008745250133548318,4.116007529411765,1.1399047102764945,0.15961858634898937
R:A:ALA:379,6.959941176470588,0.8486303939639449,0.11883202393685557,-2.0602549019607843,0.4382137916381148,0.06136220449772521,-1.748666666666667,0.2658063327611811,0.03722033139740038,-0.1646078431372549,0.12407304591569807,0.01737370151604448,0.02353425882352941,0.03113509239501228,0.004359784979510764,3.0099460235294115,0.9996106211812908,0.1399734844623029
R:A:ASP:380,13.841019607843139,1.806725252181536,0.2529921387940288,-3.2630784313725485,1.1513831723343861,0.16122589253048306,-33.2118431372549,11.292203333816515,1.581224743313796,-40.80064705882353,9.611544445120698,1.3458854263252562,0.06840494117647059,0.0437291029328505,0.006123299192928138,-63.36614407843136,14.982906738468204,2.098026590672609
R:A:GLN:381,-49.489666666666665,2.3610667634435725,0.33061547659105067,-2.8062156862745096,0.6601711101342602,0.09244244575716663,-1.2843921568627452,4.59497842738938,0.6434256778411693,-6.2298823529411775,3.8847709229006115,0.5439767354348837,0.7462201411764706,0.17274534996102364,0.024189187315887012,-59.06393672156863,6.499659605211247,0.9101343898138665
R:A:LYS:382,34.234156862745095,2.290592990887705,0.32074717457542057,-2.304843137254902,0.5839076401767871,0.08176342394513483,-32.77845098039216,13.933212653075831,1.9510400184629153,-13.022039215686275,13.912167979176182,1.9480931746892611,1.0770207529411766,0.2226441038695933,0.0311764104474855,-12.794155717647058,19.83230111448987,2.7770776271066664
R:A:GLN:385,-49.44498039215687,1.9623755560913783,0.27478754085781476,-2.93321568627451,0.5852209341049969,0.08194732187834954,0.6705098039215688,2.3795731564225187,0.33320688994261205,-7.98321568627451,2.2451678334900165,0.31438638025363846,0.792637411764706,0.10977010284752016,0.01537088888390888,-58.89826454901959,3.8611653483946666,0.5406712938496123
R:A:ILE:388,5.666941176470589,2.094324762835522,0.29326412548852665,-3.59256862745098,0.662189601866176,0.09272509113436433,1.5999607843137251,0.5745303610054319,0.0804503422185329,2.8067254901960785,0.4261526964865985,0.059673313364501705,0.5253069176470588,0.10674517110261866,0.014947313716115913,7.006365741176471,2.3125261228879794,0.32381842736745475
R:A:ASN:389,-66.09552941176472,4.254398302439678,0.5957349212428854,-2.425980392156863,0.4231690196876133,0.05925551504462216,2.8276666666666666,3.521453998199878,0.4931021900500096,-10.257529411764706,1.518633588007701,0.21265123682231815,0.6844058823529412,0.07070587570955043,0.00990080295798433,-75.26696666666666,5.74376727348418,0.804288292035176
R:A:ILE:391,6.050784313725489,2.3370525790835344,0.3272528181816968,-5.650509803921568,0.7331455830749541,0.1026609158672961,1.3906470588235293,0.6230282095879205,0.08724139936735938,2.9776470588235284,0.42169600720347056,0.05904925204011519,0.07975750588235295,0.033749311680658034,0.004725848899607932,4.848326133333333,2.5625081252272963,0.3588229092915736
R:A:THR:392,-27.73370588235294,2.211666404782563,0.3096952419130854,-1.9567647058823532,0.9429741141361176,0.1320427871778761,12.421529411764707,1.7432206991651096,0.24409972271062855,-0.32313725490196077,0.7929695496368622,0.11103794675971584,0.4816778823529412,0.08299669076751147,0.01162186131219777,-17.11040054901961,3.0749269957678615,0.43057590320138167
R:A:ASN:393,-65.98629411764706,3.2672278667247348,0.4575034111755967,-2.611823529411765,0.4044925994079231,0.056640293108763465,1.444156862745098,3.5253152626232276,0.49364287521712785,-8.60721568627451,2.089968986670409,0.2926541948270775,0.6132062117647058,0.061560130763170774,0.008620142507782804,-75.14797025882352,5.25718555045439,0.7361532224341112
R:A:LYS:394,35.72364705882353,2.682995054722953,0.3756944540674191,-4.347254901960784,1.3509911661826002,0.18917660237032702,-58.65262745098038,14.095748624765546,1.9737996068724402,14.657019607843138,13.610144903480387,1.9058014849078906,0.41300541176470584,0.22648697076637603,0.03171451944559904,-12.206210274509804,19.824255585746748,2.7759510277402195
R:A:VAL:395,-15.916117647058826,1.9792711041709845,0.27715339080627577,-3.4475098039215686,0.5243788621601311,0.07342772771681004,5.98656862745098,1.0867146252180568,0.15217048467148078,3.9558823529411757,0.40240067083028047,0.05634736451631526,0.24195374117647056,0.07899086017704504,0.01106093283261574,-9.179222729411766,2.354060710225115,0.32963443291210603
R:A:ASN:396,-66.70362745098039,3.676411922773769,0.514800639614323,-2.4555686274509805,0.5759479910786458,0.08064885013433695,1.6098235294117647,5.499911345830529,0.7701416321486176,-8.805,3.271868854939264,0.458153279512298,0.5811492705882353,0.10286103344667197,0.014403425655791374,-75.77322327843137,7.4035431870462745,1.0367034076062156
R:A:ILE:399,9.142078431372548,2.855421941576543,0.39983904762862243,-4.435450980392157,0.8351234337257353,0.11694067119512326,-1.5926666666666667,1.7084192747392701,0.23922654855869765,3.657372549019608,0.5515908884907831,0.07723817356849583,0.34313209411764706,0.1264055902358402,0.017700323051705248,7.1144654274509795,3.4770379511596063,0.4868826994418352
R:A:GLU:493,13.734333333333336,1.974915720879036,0.2765435151580734,-2.6992156862745103,0.8924040084310159,0.12496155599127155,13.049784313725487,15.163237732163502,2.1232779805730595,-79.94541176470588,14.40138157748255,2.0165967805436695,0.5573206588235294,0.08100200951011365,0.011342550068325958,-55.30318914509804,21.02443360014115,2.9440095648246962

Backbone Energy Decomposition:
Residue,Internal,,,van der Waals,,,Electrostatic,,,Polar Solvation,,,Non-Polar Solv.,,,TOTAL,,
,Avg.,Std. Dev.,Std. Err. of Mean,Avg.,Std. Dev.,Std. Err. of Mean,Avg.,Std. Dev.,Std. Err. of Mean,Avg.,Std. Dev.,Std. Err. of Mean,Avg.,Std. Dev.,Std. Err. of Mean,Avg.,Std. Dev.,Std. Err. of Mean
R:A:HIS:25,74.0000980392157,1.93527925993065,0.2709933004713355,-4.876568627450981,0.636974073868371,0.08919421096800663,-66.89711764705882,1.6087674449843647,0.22527250130442328,-1.879509803921569,0.936701353887391,0.13116442505305861,0.0006214588235294117,0.001996187599064136,0.00027952217389531995,0.3475234196078417,2.759816640264189,0.3864516276931038
R:A:ALA:26,79.64935294117646,2.123882911210166,0.29740309413750254,-4.489156862745098,0.6656186381649108,0.09320525225801708,-70.58643137254901,2.23205239462453,0.3125498514699757,-1.3604901960784317,1.3447449262111197,0.18830195382711465,0.02227581176470588,0.026951455504117948,0.0037739586377983445,3.2355503215686268,3.4271051897886826,0.47989071431301245
R:A:ASN:27,92.54060784313725,2.867862154359773,0.4015810258487652,-2.9995882352941172,0.6453049796215249,0.0903607711088122,-83.95796078431373,2.9202066201459935,0.4089107171437182,-3.8733529411764707,0.9242089531907901,0.12941513906334384,0.09767068235294117,0.03352238910361841,0.004694073383083443,1.8073765647058828,4.245461635347461,0.5944835375482034
R:A:ASN:28,97.67203921568627,3.2448795799934094,0.4543740250933944,-2.070372549019608,0.4255372134499607,0.05958712850067561,-90.03476470588235,2.901578729089952,0.4063022906583964,-5.1911764705882355,1.1048523050240493,0.1547102678517616,0.2149767529411765,0.05682855425329892,0.007957589272499972,0.5907022431372558,4.511475659946721,0.6317329516200515
R:A:SER:29,87.94613725490196,3.5657000743720415,0.49929787997603625,-2.891117647058824,0.5075976346558257,0.07107788585082786,-80.29966666666667,3.3528205548765384,0.4694887848313357,-6.100941176470587,1.3406965033842864,0.18773506124150074,0.10094470588235292,0.047465763407130934,0.006646536317219094,-1.2446435294117648,5.100293929291748,0.7141840011876197
R:A:THR:30,56.70358823529411,1.8957265581805316,0.2654548144183164,-2.3786078431372553,0.6354080078257383,0.0889749178590295,-51.906274509803914,2.287021190248216,0.32024702244546105,-6.5595098039215705,1.0957207382259373,0.15343159273942483,0.19331336470588234,0.051448813158310604,0.007204274841246055,-3.947490556862746,3.2297429249087672,0.45225446942801184
R:A:ASP:31,87.09776470588233,4.815455243228684,0.6742986072621382,-3.3185294117647053,0.7401394503724911,0.10364025317600367,-75.71796078431373,6.453394522358542,0.9036559824034116,-10.835098039215687,1.226000323943628,0.17167438366301505,0.05437976470588236,0.018592761020700288,0.0026035072964378904,-2.7194437647058827,8.178394643927119,1.145204313921249
R:A:THR:32,75.50329411764704,2.1581560601961747,0.3022022949317058,-3.293725490196078,0.5593700616057657,0.07832747568680747,-72.24529411764705,2.603922849781165,0.3646221306894024,-2.0569411764705885,1.7080162144126896,0.2391701088239004,0.03497915294117646,0.025416386185250363,0.0035590059383170725,-2.057687513725492,3.83000157114565,0.536307492187124
R:A:THR:44,57.60662745098038,1.9231861631339726,0.26929992821147447,-4.1458039215686275,0.4867385262394973,0.06815702644223129,-53.06270588235294,3.104446300882564,0.4347094327060281,-5.490568627450981,1.6295705587898264,0.22818551989917887,0.03938950588235294,0.03666913414208148,0.005134705823770821,-5.053061474509804,4.0286463083190265,0.5641233191132098
R:A:HIS:45,84.99876470588235,1.8294980623993435,0.25618097005456336,-4.94443137254902,0.5925326914089317,0.08297117269154416,-80.90001960784313,2.456465917438526,0.34397403012827615,-3.0967450980392157,1.0601927838589351,0.1484566840467879,0.0242112,0.019823448036753906,0.002775837948263064,-3.91822017254902,3.2949635297354947,0.4613871808287246
R:A:SER:46,78.74760784313725,2.2418245202393354,0.31391822275767894,-4.173588235294118,0.5499251348858667,0.0770049214087096,-71.80531372549018,1.8636066181108373,0.2609571231803398,-4.321196078431373,1.0442429853887651,0.14622326553258397,0.12377449411764707,0.06674388908812261,0.009346013862067248,-1.428715701960783,3.145810328016666,0.4405015550451358
R:A:VAL:47,61.35390196078431,2.1744524508428658,0.30448424605811597,-3.0120980392156866,0.8809987481886004,0.12336450011421046,-56.22372549019608,1.7795402697616007,0.24918547984730013,-5.771568627450979,0.8111456496204095,0.11358310984094215,0.03323562352941176,0.016220685047386413,0.002271350222114613,-3.62025457254902,3.0544043940695116,0.4277021641583178
R:A:ASN:48,86.54531372549019,2.0876880212630753,0.29233479578385285,-3.9875490196078434,0.34592701903586376,0.048439471528309824,-77.04194117647059,1.71688612812031,0.2404121451750832,-2.7796666666666674,0.9222408699587229,0.12913955228798654,0.08785538823529412,0.024160879227522337,0.0033831997994905575,2.8240122509803927,2.876963107838471,0.4028554142389538
R:A:LEU:49,85.63990196078431,1.6421827924203942,0.22995158585597814,-4.511607843137255,0.6103647279413807,0.085468157252949,-74.31913725490196,1.1183256921443376,0.15659691941665552,-3.5237254901960786,0.5374619030158204,0.0752597198716847,0.0,0.0,0.0,3.2854313725490187,2.1468178953372123,0.3006146342875627
R:A:GLU:51,82.40194117647059,1.4099152027312611,0.19742761785528987,-3.892823529411765,1.0560723145523765,0.14787970293610564,-78.17150980392158,1.6682409706569343,0.23360046065704604,-5.451176470588235,0.6713904128785205,0.09401346237611348,0.004799717647058823,0.005903117229978162,0.0008266017490821012,-5.10876890980392,2.5173353932150873,0.35249746159379053
R:A:ASP:52,81.03772549019608,1.7289257469220187,0.24209802901781538,-2.808901960784314,0.6591404460683732,0.09229812392068815,-71.10662745098038,1.8618829069644631,0.26071575534145136,-10.531607843137254,1.3793027377234581,0.19314101534794678,0.13878875294117646,0.029860068600490872,0.00418124593689775,-3.2706230117647057,2.965404861270678,0.41523973683171733
R:A:SER:53,76.13247058823531,2.3513041216874435,0.3292484333091899,-3.3288627450980397,0.4990778563022888,0.06988487825594879,-65.17401960784314,2.7199211024471097,0.38086513498841956,-7.300176470588235,1.0022560180517135,0.1403439141175032,0.06606494117647059,0.012875252360613402,0.0018028959457401564,0.39547670588235456,3.7656823393240404,0.5273009982531459
R:A:ILE:302,72.507,2.2835960633159615,0.31976740874261067,-3.687431372549019,0.5582227138261658,0.07816681486228472,-64.55121568627449,1.5842578928717668,0.22184047753525152,-2.2094117647058824,0.9496179660422496,0.1329731125284149,0.021818682352941175,0.014005482126495002,0.0019611597688941208,2.0807598588235288,2.989693476714613,0.4186408232791931
R:A:ASN:303,90.6346862745098,4.14448083501087,0.5803433971901497,-2.2122156862745097,0.6033677808514696,0.08448838868704896,-83.48247058823529,3.5076112890423445,0.491163823055781,-4.449960784313726,1.3645721438300842,0.19107831962246716,0.2430083294117647,0.06291128186117488,0.008809341505087576,0.7330475450980399,5.631174477039561,0.7885221469885341
R:A:SER:304,81.46833333333333,3.2183663781165204,0.45066143423819227,-2.7912352941176466,0.3586521384313553,0.050221344653948355,-74.16219607843136,3.6568463163169835,0.5120609067089863,-4.352627450980392,1.5281739963656011,0.21398716120402433,0.15720014117647058,0.057164009577551696,0.008004562413463204,0.31947465098039174,5.118361258109115,0.7167139332590741
R:A:SER:305,65.55364705882353,2.201749961971243,0.30830666217577596,-2.670098039215686,0.4988370496996169,0.0698511585869664,-54.49129411764705,1.3070266255013014,0.18302033529838083,-6.103549019607844,0.991404753293013,0.13882443312469087,0.1569008470588235,0.05698535816070359,0.007979546211363625,2.445606729411765,2.7912346036941056,0.39085102254026705
R:A:LEU:306,96.4580980392157,2.069643800506876,0.28980809948818176,-3.3904313725490196,0.6613411582861104,0.0926062852696056,-72.6289019607843,2.0020481106724524,0.28034280966405395,-4.753529411764705,1.0383088692477194,0.14539232306772243,0.0214595294117647,0.017189918989500955,0.0024070701207053076,15.706694823529414,3.131672880002035,0.43852191635574883
R:A:ARG:329,92.6042156862745,2.2513825583555684,0.31525661579933306,-4.229666666666667,0.6397010841980675,0.08957606879336788,-82.87656862745098,2.254906573908324,0.315750076678766,-4.131352941176471,0.9444069790610364,0.1322434283996227,0.05171915294117646,0.023406161403359976,0.0032775181656670063,1.4183466039215693,3.3845231493871712,0.47392803600186123
R:A:THR:332,57.63196078431373,2.337584348573848,0.32732728080435486,-4.252686274509804,0.6199024429950399,0.0868037044966263,-54.88358823529412,2.0491824211513503,0.2869429332878533,-2.9579019607843136,1.1944288692599678,0.16725349574128284,0.013312376470588236,0.025293303616559192,0.0035417709313541467,-4.448903309803922,3.3874811136910905,0.4743422338522656
R:A:TRP:357,88.192,1.7943183642143512,0.25125482698150725,-4.140098039215687,0.8452616083004973,0.11836029958966711,-80.0459019607843,1.7343313256846449,0.2428549614462104,-4.718019607843138,0.6020619305710861,0.08430553307301462,0.014150682352941178,0.011664237728364689,0.0016333199786397188,-0.6978689254901967,2.7026959408263878,0.3784531299122535
R:A:THR:358,63.53192156862745,2.3241625254764156,0.32544784964688667,-2.8205882352941183,0.34548863813051506,0.04837808592321203,-56.66141176470588,1.8943237209784365,0.2652583779187937,-8.585098039215685,1.0059328760770403,0.14085877722396956,0.14913148235294116,0.04744194664149432,0.006643201302960402,-4.3860449882352945,3.1817774738723537,0.4455379628472408
R:A:GLY:359,70.3963137254902,1.6320583477915014,0.22853388003840983,-3.335960784313725,0.40376230440957456,0.05653803135459819,-59.82756862745097,1.5346459929643854,0.2148934219981418,-8.42429411764706,0.8244025357468221,0.11543944520284644,0.29565600000000003,0.05383608954385633,0.00753856039902106,-0.8958538039215682,2.4216347037203745,0.33909668464107107
R:A:MET:360,85.17264705882353,1.8985002111938556,0.2658432035257726,-3.6783333333333332,0.7486130880204777,0.10482679977977823,-74.32325490196078,2.2788232846089613,0.3190990860457221,-4.745156862745098,1.3060369236672884,0.18288174932165138,0.0216624,0.03322536055796925,0.00465248106739741,2.447564360784315,3.326348830249342,0.46578200195280206
R:A:ILE:361,69.91633333333334,1.8115758784546385,0.25367136233055765,-2.299058823529412,0.4654341179032966,0.06517381257271307,-58.48329411764706,2.167603775873507,0.30352523974195855,-8.54521568627451,1.3047173882812142,0.1826969774095224,0.15479477647058823,0.05334846199421012,0.007470278884401762,0.743559482352941,3.146756382748544,0.4406340292050807
R:A:ASP:362,79.01201960784314,6.768071007050552,0.9477195038460283,-2.1849607843137258,0.9257862786606029,0.12963600880748474,-69.7647450980392,5.724594349334873,0.8016035456512905,-10.659235294117645,1.2529227882292384,0.17544428271822463,0.17184324705882353,0.08683118184744273,0.012158797461358851,-3.425078321568629,9.000677809036189,1.2603469878746236
R:A:GLY:363,82.4124705882353,3.359201091721831,0.47038223869832274,-4.050803921568628,0.7845467286251253,0.10985851590830906,-70.85190196078432,4.466177824822623,0.6253899859826656,-8.043607843137254,1.4992948810459674,0.2099432762013812,0.10440183529411766,0.06427622404533276,0.009000471640720173,-0.4294413019607837,5.839392646523012,0.8176785225745785
R:A:TRP:364,74.83586274509804,1.8870529468720134,0.26424026590112465,-4.452,0.6266560491382563,0.08774939851439782,-67.0433725490196,2.464386261429193,0.34508310012315435,-3.526,0.7849264234283863,0.10991168381541058,0.0029858823529411763,0.010133457839677043,0.0014189679195237264,-0.18252392156862782,3.262373131771524,0.4568236123087751
R:A:GLY:376,72.4397843137255,1.7016403310407664,0.23827730657352147,-3.9170392156862746,0.5122657077385476,0.07173154682768014,-65.71335294117648,1.631078818060809,0.22839671844104964,-5.8580000000000005,0.8001872819999764,0.11204863144770716,0.0742896,0.02075149332956688,0.0029057902823232595,-2.974318243137256,2.541484682823402,0.35587903852198527
R:A:TYR:377,72.52990196078431,2.160940111816823,0.3025921401354358,-2.9310196078431368,0.40150010329869884,0.05622125983843566,-63.517098039215675,1.6733584904159469,0.23431705675686257,-5.434921568627452,0.9099354823743351,0.12741645337192015,0.20460847058823536,0.027878240533302383,0.0039037344996525726,0.8514712156862754,2.9085654394622016,0.40728062579710966
R:A:ALA:378,80.32588235294119,2.120394022272412,0.29691455196801025,-3.4747254901960782,0.9058886673237191,0.12684978592000792,-76.51250980392156,2.6897188013426314,0.37663596691557777,0.25950980392156864,1.2611845563588229,0.17660116165529607,0.03768183529411765,0.024885436548853015,0.0034846581181701606,0.6358386980392163,3.7606512850463005,0.5265965097424676
R:A:ALA:379,84.67335294117647,1.9436232369462023,0.27216169095498205,-3.798686274509804,0.6701773394275572,0.09384359811672878,-79.86935294117647,3.1223875594664663,0.4372217114137716,-1.0989607843137257,1.4905810679163873,0.20872309830325192,0.06963854117647057,0.04733169060043559,0.006627762369116571,-0.024008517647058563,4.02494537030706,0.5636050841341719
R:A:ASP:380,94.70923529411765,2.2002964915026864,0.30810313560079167,-3.904313725490196,0.6662533961270491,0.09329413615127312,-87.24707843137254,2.7241915501101714,0.3814631172696665,-7.073078431372548,1.124929310949285,0.1575216110061636,0.013557035294117645,0.012870130116118216,0.0018021786880449435,-3.501678258823528,3.7379204693176074,0.5234135588866077
R:A:GLN:381,90.8606274509804,2.0870384868327063,0.2922438427711792,-3.5451960784313723,0.5462080340449137,0.07648442318091857,-77.17927450980392,1.5993999864953203,0.22396079474840647,-2.8199803921568627,0.875688222120539,0.12262087772532868,0.0415584,0.019373365169859002,0.002712813740795548,7.357734870588235,2.824775808522869,0.3955477306518692
R:A:LYS:382,98.13949019607843,2.49379258672211,0.3492008092883664,-3.8591568627450976,0.5169302821179561,0.07238471788807543,-90.8701176470588,2.325455634435497,0.3256289211190746,-1.776607843137255,1.2894793306804926,0.18056322255176618,0.07993538823529411,0.056842899179797,0.007959597963988183,1.7135432313725505,3.6823837862623545,0.515636867765083
R:A:GLN:385,69.71721568627451,2.1967907904506627,0.30761223926442116,-4.036568627450981,0.5673895592597202,0.07945042997168164,-62.40454901960784,1.5427736203589653,0.21603151747524488,-2.2368823529411763,0.6806440043583529,0.09530922436160755,0.02791341176470588,0.024558967499322983,0.0034389433073593145,1.0671290980392145,2.8269861223916366,0.3958572365008578
R:A:ILE:388,74.65741176470588,1.6307438357696797,0.2283498115379726,-3.3924705882352946,1.0354335144568376,0.1449896928629038,-70.06168627450981,1.7891700397078198,0.25053391735424635,-3.3214901960784315,0.7252088373337852,0.10154954916796079,0.0031729411764705884,0.004168178677306379,0.0005836617588502335,-2.1150623529411754,2.7310296013060413,0.38242063595998055
R:A:ASN:389,90.41939215686273,3.7643024303832804,0.5271077723523941,-3.8743725490196073,0.5433365678040732,0.07608233748201781,-86.9615882352941,3.646873289714648,0.5106644036561132,-1.2934313725490192,1.3581155810772447,0.19017421999905934,0.045112235294117634,0.03587968714902201,0.0050241611335931245,-1.6648877647058808,5.441565720273111,0.7619716104027969
R:A:ILE:391,83.01833333333332,1.6872078067050704,0.236256348934569,-3.645156862745098,0.8509957344781238,0.1191632378582505,-77.86458823529412,1.850846051123547,0.259170286399019,-2.6802549019607835,0.5971149868944926,0.0836128224023004,0.0016726588235294116,0.004174349488886061,0.0005845258453059653,-1.1699940078431372,2.7116524041318035,0.3797072856312436
R:A:THR:392,60.639333333333326,2.206938325201189,0.3090331783457356,-3.6603725490196086,0.5784207356948208,0.08099510363822868,-58.452549019607844,2.935982344297808,0.4111197603778088,-3.1242745098039215,1.1864737849153795,0.16613956112383382,0.04494550588235294,0.031042567347898096,0.00434682888143599,-4.552917239215685,3.903053077788079,0.5465367491730874
R:A:ASN:393,97.22786274509804,3.6380864988779416,0.5094340068349972,-3.5706274509803926,0.7128571333582747,0.0998199646598891,-86.8806862745098,5.167244870202604,0.7235590081040605,-1.360490196078431,1.0379173976833065,0.14533750608421137,0.05227355294117648,0.06150260191926955,0.008612086858345601,5.468332376470589,6.444013757666055,0.9023424126062275
R:A:LYS:394,105.83249019607842,1.8781487377937958,0.2629934272374997,-4.022588235294117,0.8351054688931916,0.11693815561540088,-97.23545098039217,2.616105212504113,0.3663280026791374,-1.611823529411765,1.0627299789098912,0.14881196241670275,0.021421835294117647,0.01989579791617082,0.0027859689577859974,2.9840492862745083,3.4926553164020464,0.48906956799323326
R:A:VAL:395,64.39701960784313,2.2289711993336,0.3121183978298867,-3.744235294117647,0.481564508668597,0.06743251906633703,-60.72017647058823,2.2800612023595317,0.319272429202901,-6.734019607843138,1.4045993845179063,0.19668325441784246,0.038786117647058825,0.04049956696768113,0.005671073703660254,-6.762625647058822,3.517589475178384,0.49256104858788297
R:A:ASN:396,94.24896078431372,4.2765986620337895,0.5988435933826749,-3.727392156862745,0.7950085479484068,0.1113234636324181,-88.19641176470589,4.854832184157571,0.679812481877405,-3.138176470588235,1.7645055598719195,0.24708019936453418,0.05189844705882353,0.053175617839825766,0.007446075861699255,-0.7611211607843135,6.753298287570598,0.945650909358557
R:A:ILE:399,68.97296078431371,2.049231400256073,0.286949791734341,-3.59221568627451,0.6609419396566373,0.09255038348000318,-61.68015686274509,2.4362380061178137,0.3411415559918883,-6.965450980392158,1.5653769616008804,0.21919661833259912,0.0611686588235294,0.03991503736427956,0.005589223187443453,-3.2036940862745085,3.6088013860510584,0.5053332708099973
R:A:GLU:493,88.3688431372549,1.6985221762571174,0.23784067756927543,-4.3447450980392155,0.9005969445837676,0.12610879652371268,-80.7826274509804,2.654893572408331,0.3717594594657361,-6.159960784313725,1.4032985785009955,0.19650110514197605,0.009273317647058823,0.010788025075121641,0.0015106256658687608,-2.9092168784313737,3.565652198764462,0.4992911760500558

Ligand:
Total Energy Decomposition:
Residue,Internal,,,van der Waals,,,Electrostatic,,,Polar Solvation,,,Non-Polar Solv.,,,TOTAL,,
,Avg.,Std. Dev.,Std. Err. of Mean,Avg.,Std. Dev.,Std. Err. of Mean,Avg.,Std. Dev.,Std. Err. of Mean,Avg.,Std. Dev.,Std. Err. of Mean,Avg.,Std. Dev.,Std. Err. of Mean,Avg.,Std. Dev.,Std. Err. of Mean
L:B:SER:27,70.86094117647059,4.9408818154441665,0.6918618403702622,-3.7076862745098036,0.6821915517954049,0.0955259243471268,-62.21823529411765,5.351091959621226,0.7493027498860018,-7.190666666666665,2.139477136662286,0.2995867224701471,0.6005309647058824,0.0880867646186948,0.012334614216202147,-1.6551160941176477,7.6221391540861045,1.0673129655156874
L:B:PHE:28,93.18992156862743,2.369896174139589,0.3318518413861843,-10.057470588235295,1.2201237056045118,0.17085149250084525,-68.56923529411766,1.8289756544680071,0.2561078183123645,-3.96735294117647,0.8372528098426357,0.11723884349191332,0.4565296941176471,0.12510030966770566,0.01751754721334249,11.05239243921569,3.3416917920245974,0.46793044633319136
L:B:ARG:31,-198.14525490196078,4.630773779593436,0.64843802972038,-7.783352941176471,1.002415041112319,0.14036618179996987,92.44833333333332,4.6647067523015115,0.6531895963078785,-56.880568627450984,3.3732989046617603,0.4723563273671363,1.1731966588235294,0.10692916171790093,0.014973077555538694,-169.18764647843136,7.4564716953263845,1.0441148812084107
L:B:TYR:32,99.50117647058825,3.598524592575121,0.5038942318867949,-11.96586274509804,0.8717831629034116,0.12207406006045933,-90.79615686274511,2.14509114366028,0.30037284068923564,-7.146156862745098,1.0524043689505647,0.14736608781855412,0.5451543529411765,0.09868867370315196,0.013819178430566246,-9.861845647058821,4.407731338364796,0.6172058408858349
L:B:ARG:33,-189.94113725490192,3.909550894520668,0.5474466255091182,-9.122960784313726,1.4845928729662317,0.20788458329045392,55.7948431372549,10.211925393866911,1.4299555748611725,-28.463509803921568,7.408714019745564,1.0374274690108811,0.8691002823529413,0.1826139020207718,0.025571061006632905,-170.86366442352934,13.29264517350851,1.8613426300515012
L:B:TRP:36,117.76049019607842,2.859658483466295,0.4004322821519594,-19.452901960784313,0.8415719245042594,0.11784364051604383,-87.3997450980392,1.3371244217868128,0.18723486976955422,-3.551039215686274,0.4741210634171988,0.06639022825212844,0.00046997647058823525,0.001351106147059822,0.0001891927029135688,7.357273898039214,3.3013003913271737,0.4622745189369316
L:B:TYR:37,97.44050980392154,3.5993726543393425,0.5040129842866415,-12.839901960784312,0.8047801125798267,0.11269175636673509,-90.6539411764706,1.7247330843426372,0.24151093882691962,-2.347607843137255,0.6965254687130515,0.09753307418571606,0.3908795294117648,0.08428162179854315,0.011801787645408094,-8.010061647058825,4.131598947983073,0.5785395722051774
L:B:GLN:44,42.20017647058824,3.2461994532725122,0.45455884432001126,-4.577843137254902,0.6725442291031584,0.09417502896411237,-69.24558823529412,4.014637478696151,0.5621616906010644,-18.336196078431374,3.7899951369393388,0.5307054708819166,1.147765694117647,0.11945674580687192,0.016727290205615922,-48.81168528627452,6.440945098975856,0.9019127144413709
L:B:ARG:45,-193.52019607843138,3.63661779960127,0.5092283478003422,-9.218039215686275,1.1658749800258883,0.1632551514996805,53.23290196078431,6.962155247929384,0.9748967335586607,-24.82690196078431,6.073309199888241,0.8504333916747591,0.8495594823529412,0.12188183813465663,0.017066871054468524,-173.48267581176472,9.997789706010625,1.3999705809626928
L:B:GLU:46,92.28333333333335,2.8250387446009895,0.3955845490672257,-6.267509803921569,1.1419598971796812,0.15990637007793812,-87.32949019607844,9.600762025255607,1.3443755855457846,-60.08056862745098,9.03998535755994,1.265851145609601,0.5646210352941177,0.12559647235893276,0.017587023886838797,-60.82961425882353,13.535015977811797,1.8952813310730758
L:B:LEU:47,80.40529411764706,3.326776307443786,0.4658418607329777,-8.143176470588235,0.8215713950068039,0.11504300620351365,-75.77421568627452,2.1644449482191934,0.30308291539663734,-6.378,0.9055012045119262,0.1267955302741424,0.5539838117647059,0.08982547568666882,0.012578082464238456,-9.33611422745098,4.153943083166789,0.5816683769544361
L:B:VAL:48,42.941862745098035,3.3931431204803384,0.47513507338652716,-9.253254901960783,0.8035871011549635,0.11252470135290969,-48.43072549019608,2.3827645838183997,0.3336537791648194,-0.7764705882352941,0.4587327964585841,0.064235439877143,0.011755764705882353,0.018646611559111785,0.0026110478800830707,-15.506832470588234,4.248237634805085,0.5948722552235818
L:B:ALA:49,90.1541960784314,2.741268648762923,0.38385438938330946,-7.078058823529411,0.5727337749181108,0.08019876984680115,-80.1265294117647,1.7135777084394042,0.23994887375620533,-0.9306274509803921,0.5013596400371777,0.07020439188795119,0.0030419294117647057,0.003141384681533008,0.0004398818405821343,2.0220223215686284,3.3211891998859113,0.46505950918891625
L:B:SER:50,77.25960784313725,6.403029500743336,0.8966034687334703,-6.8810392156862745,0.657055641562561,0.09200619289783007,-72.06696078431372,5.264808757529954,0.7372206849385445,-2.7739999999999996,1.4516229186807488,0.20326786625472637,0.08982423529411765,0.047440452482131135,0.0066429920788005385,-4.372567921568629,8.441456026742877,1.1820402754446264
L:B:ILE:51,73.9369411764706,3.077005307633781,0.4308669250728063,-10.244235294117647,1.24018113142973,0.17366009389283743,-62.182,1.4251381907538283,0.19955926255002965,0.4206862745098039,0.6144787521716553,0.0860442358724352,0.04714051764705883,0.02899367268118695,0.004059926241829307,1.9785326745098042,3.6627113638166815,0.5128821776295569
L:B:ALA:52,87.42629411764706,2.1890761977988156,0.30653198021974415,-5.718431372549018,0.9602229980971017,0.1344581140461037,-77.12478431372548,2.5017659669680192,0.3503173058444393,-0.5100588235294118,0.9839382933737478,0.13777891961237682,0.10571096470588236,0.07762732393451452,0.010869999568189152,4.1787305725490205,3.598204597561374,0.5038494236223212
L:B:TYR:54,85.89345098039216,3.515543760767541,0.49227459127317175,-8.35578431372549,1.281228214563337,0.17940783519478062,-76.53350980392159,2.2211077555284406,0.3110172954546629,-11.280764705882355,1.8437696528774878,0.2581793924459583,1.0075240941176469,0.12274008889486984,0.017187050199131373,-9.26908374901961,4.727416312916308,0.6619706911885831
L:B:ASP:55,86.07482352941176,5.031708982302496,0.7045801876543031,-3.3679019607843137,1.1958887130154394,0.1674579147549408,-117.47698039215686,12.115461226263973,1.6965039063951008,-30.96392156862745,7.9385939606633045,1.1116255018301862,0.7981174588235295,0.09906609365934062,0.013872027795362816,-64.93586293333334,15.38062853022593,2.153718781070837
L:B:GLY:56,83.18566666666665,1.653821891762594,0.23158138575646872,-3.511705882352942,0.575365367094399,0.08056726645817516,-80.0056862745098,1.3812329600076927,0.19341130053018285,-3.7990000000000004,0.9561472320787027,0.13388739264783148,0.27179816470588236,0.0685648275106031,0.00960099624279133,-3.8589273254901966,2.427528642492157,0.3399220011489318
L:B:SER:57,83.27405882352942,3.8286088929744855,0.5361124782364698,-3.4225098039215682,0.9167192007595009,0.12836636394696038,-83.65890196078432,3.3576293589312303,0.47016215208591355,-1.9375882352941176,2.4069900508642803,0.3370460230678818,0.49357327058823525,0.06428151630880935,0.009001212705834743,-5.251367905882353,5.707015706887443,0.799142043358952
L:B:THR:58,38.42252941176471,3.8457774774416804,0.5385165609265063,-6.143098039215686,0.5807808555324616,0.08132558651868547,-45.387921568627455,3.4239338563517916,0.4794466388078634,-7.797666666666666,1.340418089103087,0.18769607544419348,0.4378482352941177,0.044150526184765865,0.006182310251588479,-20.46830862745098,5.352504440295209,0.749500536741687
L:B:SER:59,65.44752941176472,6.816720631704337,0.9545318138958416,-4.7572745098039215,0.5748510490256901,0.08049524752332828,-56.46682352941176,6.220452047459291,0.8710375115708501,-6.307607843137255,1.1419735081304725,0.1599082759922699,0.4737861176470588,0.05028036436795575,0.007040659284212002,-1.6103903529411767,9.31658677748041,1.3045830915624512
L:B:TYR:60,76.82980392156863,3.201212668628647,0.4482594344618851,-12.043117647058823,0.5792649381000984,0.08111331561972857,-72.2845294117647,2.630663819549715,0.36836661542885196,-6.735764705882353,1.7962173608396552,0.25152073969691224,0.41726131764705887,0.07334805787919466,0.010270782465037001,-13.816346525490196,4.553622656167831,0.6376347115610539
L:B:ALA:61,87.95705882352942,2.071741073341735,0.2901017764263244,-5.003921568627451,0.6061570314610698,0.08487896189484757,-78.9355294117647,1.7821996471967676,0.2495578671731379,-0.5763137254901961,0.7312512373764246,0.1023956544119046,0.1814330823529412,0.052254991087080524,0.0073171623310300015,3.6227272000000004,2.89365373887188,0.4051925700615481
L:B:ASP:62,108.01633333333335,6.953865004206799,0.9737358672410132,-3.13356862745098,0.8718961364412928,0.12208987951997105,-108.20929411764706,8.969316261990791,1.2559554929014258,-49.71743137254901,8.71491828509473,1.2203326508549688,0.818732188235294,0.06743647191805897,0.009442994856397213,-52.22522859607843,14.335948659600765,2.0074343393686993
L:B:PRO:63,87.92860784313726,2.2811936768523258,0.3194310073506939,-4.4531568627450975,0.7257010504400317,0.10161847278893826,-68.22313725490196,1.9740813303428388,0.27642667711305957,-0.6100000000000001,1.2665125809272717,0.17734723432433716,0.6216046588235294,0.10572650081946486,0.014804671345146769,15.263918384313728,3.353015943199724,0.4695161446690966
L:B:VAL:64,60.86972549019608,2.2240682479868266,0.3114318473175022,-9.141372549019609,0.9920841196304445,0.13891956343989728,-63.831901960784315,1.552049944300762,0.2173304626421139,0.4961960784313726,0.44382004919004353,0.062147237577314954,0.005419623529411765,0.01358650493392051,0.001902491227051718,-11.601933317647056,2.921768356819116,0.4091294040197052
L:B:LYS:65,124.68076470588237,3.1227199154145846,0.4372682505552674,-6.486098039215685,0.976464355441168,0.13673235896875152,-94.29011764705879,10.016092300221246,1.4025334567786107,-37.52711764705882,8.720707669717463,1.2211433268535679,1.0264767529411765,0.07574883565392174,0.010606958595449743,-12.596091874509806,13.67784513075423,1.9152814129014637
L:B:ASP:99,107.96172549019609,2.678040226370047,0.37500063932118394,-6.1337843137254895,0.876561269599441,0.12274312882504042,-116.2989019607843,11.31735439405272,1.5847465961878906,-41.56874509803922,9.88228422797462,1.3837965789136977,0.3976358117647059,0.097610802790204,0.013668246313310834,-55.64207007058823,15.286982665827145,2.140605737183916
L:B:PRO:100,93.62574509803922,1.6610796258037375,0.23259767179976726,-7.73056862745098,0.8122056692807813,0.11373154228285183,-51.00831372549019,1.8469502948840815,0.2586247714115839,-9.503176470588235,1.544004568035028,0.21620388462677198,0.07470494117647059,0.03512785593629713,0.004918883706220197,25.458391215686277,3.0356668191058516,0.4250783788538583
L:B:PRO:101,81.20588235294117,3.0322201576070276,0.42459574970853936,-3.466196078431372,0.5733801059218694,0.08028927429002644,-55.472215686274524,1.728854038608455,0.24208798784548113,-5.186627450980391,1.3663780368692262,0.1913311952281267,0.8400151058823528,0.07032910629380454,0.009848044687070345,17.920858243137257,3.7926237935905025,0.5310735564375538
L:B:GLY:102,78.99298039215687,3.598086373148252,0.5038328688932071,-1.9506470588235298,0.4595215253883881,0.06434588401835313,-70.46098039215686,2.296150158120139,0.32152533363533964,-6.918019607843139,1.9059447916020917,0.2668856532937324,0.5850348705882352,0.08707239260479999,0.012192573723316918,0.24836820392157027,4.697861032401302,0.6578321241202807
L:B:ILE:103,81.98439215686274,4.508726080149563,0.6313479334371108,-4.4263529411764715,1.0691074309731168,0.14970498432780055,-61.33937254901961,3.5019187791433755,0.4903667122318151,-3.9875490196078434,1.54481973456548,0.2163180307725478,0.8891258823529411,0.16320869077250627,0.022853787922902654,13.120243529411763,6.012332474967302,0.8418949423251545
L:B:LEU:104,63.35250980392157,3.8718739819700776,0.5421708024818925,-7.256921568627451,0.8618936935298688,0.12068925735992163,-66.21590196078431,2.943057495490168,0.4121104797084236,-2.515392156862745,1.2904894508222775,0.18070466766346788,0.5740263529411764,0.10218884071133794,0.014309299845799718,-12.061679529411766,5.106041703199629,0.7149888505206897
L:B:TRP:106,121.51401960784312,3.432224194481498,0.48060751834515203,-13.436411764705884,1.0777198001821853,0.15091095723577602,-91.43705882352943,1.8443516466606333,0.25826088787631496,-4.802941176470589,1.3599758419389072,0.19043470862262762,0.6261957176470588,0.13302813815209186,0.01862766524697009,12.463803560784314,4.267377023609039,0.5975523057198463

Sidechain Energy Decomposition:
Residue,Internal,,,van der Waals,,,Electrostatic,,,Polar Solvation,,,Non-Polar Solv.,,,TOTAL,,
,Avg.,Std. Dev.,Std. Err. of Mean,Avg.,Std. Dev.,Std. Err. of Mean,Avg.,Std. Dev.,Std. Err. of Mean,Avg.,Std. Dev.,Std. Err. of Mean,Avg.,Std. Dev.,Std. Err. of Mean,Avg.,Std. Dev.,Std. Err. of Mean
L:B:SER:27,1.8571764705882352,2.4542007021645946,0.3436568365448639,-1.114490196078431,0.18661571845498803,0.026131427391909805,4.54078431372549,2.4465632583297006,0.34258738049537546,-6.3911960784313715,1.441832970386801,0.20189699929275845,0.520337505882353,0.0713058972029372,0.009984822772702153,-0.5873879843137255,3.7586653396330516,0.5263184217614537
L:B:PHE:28,15.511352941176469,1.957305989920233,0.2740776596034031,-6.045960784313725,0.9513306050110851,0.13321292995233397,1.3314901960784318,0.4595472781817724,0.06434949013072154,-1.8084901960784314,0.4360296973403379,0.0610563701230436,0.4266131294117647,0.12807501504824872,0.017934089283365033,9.415005286274509,2.2701950280834837,0.317890888468471
L:B:ARG:31,-280.82856862745103,3.9200227503086436,0.5489129786193897,-4.152823529411766,0.648039024057401,0.09074361390605269,167.39305882352943,4.7232209864387915,0.661383227977337,-54.660529411764706,3.190012049598862,0.4466910340862658,1.0953254117647058,0.09239087832155345,0.012937310685952648,-171.15353733333333,6.948385595039858,0.9729685964881425
L:B:TYR:32,4.690823529411765,2.162854411224262,0.3028601956689461,-7.405294117647059,0.6834158810241289,0.09569736473065435,-4.250647058823529,0.8189159698214489,0.11467117230334575,-6.240686274509804,0.6642631917025259,0.09301545178939269,0.5256213176470588,0.09215918034518725,0.01290486647977113,-12.680182603921567,2.50306986290626,0.3504998877958357
L:B:ARG:33,-280.87745098039215,3.3500658367175693,0.4691030471338243,-4.98964705882353,1.1530353262878899,0.161457240358167,137.76617647058822,9.356041361027126,1.3101078383188598,-25.255509803921573,6.808994525330617,0.9534499426076215,0.8383197176470588,0.1751155575556567,0.02452108276486467,-172.51811165490201,12.10293408342542,1.6947497555324411
L:B:TRP:36,40.48562745098039,2.325353331455069,0.3256145958364716,-14.587098039215686,0.6222544166301779,0.08713304668057056,-11.306352941176469,0.4729622885737488,0.06622796731861287,-3.343235294117646,0.4161012126231815,0.058265824097614535,0.0002031529411764706,0.0008962241513986181,0.00012549648300283888,11.249144329411765,2.488232911907983,0.34842229909677697
L:B:TYR:37,4.560098039215686,2.4456075972649574,0.3424535611797713,-8.303941176470587,0.6093787389794497,0.08533009118230264,-6.9424705882352935,0.6466878918977107,0.09055441756064228,-2.9473529411764705,0.5692470714669531,0.07971053370664435,0.3908795294117648,0.08428162179854315,0.011801787645408094,-13.2427871372549,2.664899588538762,0.3731605819765266
L:B:GLN:44,-49.63041176470589,2.242668256537556,0.31403636947113595,-1.6780980392156863,0.42583073388110904,0.05962822958207484,1.4973529411764708,3.449698593389928,0.4830544236223355,-9.906,3.104598543716572,0.4347307509668678,1.0664264470588234,0.118325202939964,0.016568842511540408,-58.65073041568628,5.173378594239282,0.7244179012650089
L:B:ARG:45,-280.65017647058824,3.412731967011479,0.4778780605531909,-5.998117647058822,1.0200610448295617,0.14283711655676382,132.87223529411764,6.843562713331656,0.9582904571275006,-19.241196078431372,5.90532598764681,0.8269110370194864,0.6803295529411764,0.11999482749306134,0.016802636712491048,-172.33692534901962,9.716423642685925,1.3605714514831988
L:B:GLU:46,12.519803921568625,2.10433120128237,0.294665307135444,-3.0930784313725495,0.72297524821725,0.1012367841323822,-7.313470588235295,9.233660422506048,1.2929710792312876,-58.198980392156855,9.01598505377042,1.2624904308688922,0.5164682823529412,0.13809755754229874,0.019337525947939298,-55.56925720784313,13.096505077217763,1.8338775229999746
L:B:LEU:47,-17.88607843137255,2.3008767965852073,0.3221871954060432,-4.1273333333333335,0.6711166482479447,0.09397512766012282,7.059450980392158,0.7739440450394199,0.10837384324207767,-0.11405882352941177,0.33092848654423673,0.04633925689454259,0.4662166588235294,0.08495700709572121,0.01189636050347647,-14.601802949019607,2.541682971917006,0.3559068045488507
L:B:VAL:48,-17.789686274509805,2.312184846486417,0.3237706391126291,-5.383490196078433,0.5676168057229959,0.07948225084135072,10.969,1.2311258357817905,0.17239209887775792,0.5275882352941177,0.3481790826386357,0.04875482350940241,0.00853849411764706,0.016454767799404472,0.002304128363681148,-11.668049741176471,2.7028795494731948,0.3784788402653914
L:B:ALA:49,5.857078431372548,0.9879649482378203,0.13834276407351834,-2.3530392156862745,0.31112798960092025,0.04356663274218423,-0.5294901960784313,0.25670891217516706,0.03594643771113819,-0.2284313725490196,0.06712331493542337,0.00939914410780132,7.496470588235294e-05,0.0005300805187906685,7.422611933938082e-05,2.7461926117647057,1.06924302702571,0.14972397157299247
L:B:SER:50,-0.6567058823529413,3.223039281115335,0.4513157715385757,-2.453509803921569,0.44265763216694665,0.06198446663663719,3.680627450980392,2.4584783988633734,0.3442558338941451,-2.4452745098039217,1.172732021918308,0.1642153294194106,0.08654117647058823,0.044916438649976395,0.006289559448702789,-1.7883215686274507,4.243272546785031,0.594177003836589
L:B:ILE:51,7.903392156862744,1.885807873673528,0.264065920780825,-6.51770588235294,0.8043994787031795,0.11263845696305755,3.5352549019607844,0.6486813424514368,0.09083355647153,-0.9259411764705884,0.38001931900141894,0.053213348394357395,0.04373661176470589,0.028437034473043035,0.003981981302142011,4.038736611764706,2.1838820228060722,0.3058046502402147
L:B:ALA:52,6.088215686274509,0.8621388431406973,0.12072358517168667,-1.6576274509803925,0.4021618033940926,0.05631391638495359,-1.0288823529411764,0.32268692087574236,0.045185206867862426,0.07437254901960784,0.12407587191529913,0.017374097235140364,0.10065331764705884,0.07382217430718413,0.010337172044199417,3.5767317490196078,1.0148836806631676,0.1421121405637676
L:B:TYR:54,5.899666666666667,2.5967432972155695,0.3636167922424189,-4.906098039215687,0.8619865395178054,0.12070225839870058,-3.4743725490196082,2.1219373219918936,0.29713065715409787,-7.588843137254902,1.746603991981538,0.24457347846555652,0.8801397176470588,0.11016467116242384,0.015426139499223692,-9.189507341176471,3.879623216754968,0.5432559123954663
L:B:ASP:55,5.983705882352942,2.6207287139126367,0.3669754223732205,-1.2717450980392158,0.8503443326350791,0.11907202335549905,-41.382607843137265,9.342939989646435,1.3082732793770764,-25.477117647058815,7.394737250624055,1.0354703298668906,0.5077610823529412,0.08719641875773564,0.012209940858502358,-61.640003623529424,12.229945803122614,1.712534953685454
L:B:GLY:56,0.1695490196078432,0.168853029692374,0.023644153460602148,-0.024313725490196073,0.13294012955802711,0.01861534157882087,-0.752686274509804,0.48344140063799523,0.06769533651079906,-0.20213725490196077,0.4164812930199887,0.058319045998612394,0.10763209411764707,0.0290099567814523,0.0040622064719580955,-0.7019561411764706,0.6739423243587604,0.09437080145831173
L:B:SER:57,0.7968627450980391,2.041896936382478,0.2859227613654192,-0.49990196078431376,0.752493691066041,0.1053701928956503,-1.2925098039215688,2.7496968772158414,0.38503457742793545,-1.9100392156862747,2.332406709235261,0.3266022662795445,0.40051538823529415,0.06096604916198061,0.008536954444339398,-2.5050728470588233,4.21191888417963,0.5897866129058212
L:B:THR:58,-28.231745098039216,2.165375997265785,0.3032132883403569,-3.545078431372549,0.44025495479445637,0.0616480245093329,16.849803921568625,1.9360845875582762,0.27110606889514377,-3.160607843137255,0.8575089338911819,0.12007526820039131,0.2311260705882353,0.04317902929530062,0.006046273476987145,-17.856501380392157,3.0607657808480937,0.42859293647960256
L:B:SER:59,1.0769803921568628,3.37487343838339,0.47257680618833914,-1.3867843137254898,0.3502055594527132,0.049038587021752136,4.08156862745098,3.2911091893570874,0.46084746522182973,-4.800019607843137,1.0361087551780985,0.14508424547629445,0.42122272941176475,0.048323369961222024,0.006766625254981657,-0.6070321725490195,4.8393874463499085,0.6776497860018945
L:B:TYR:60,4.531568627450981,2.519860144383227,0.3528509974715778,-8.756215686274508,0.5434646051113565,0.07610026629115794,-5.644647058823531,1.1702525255139344,0.16386813047606427,-4.537901960784314,0.7319170973868118,0.10248889346303418,0.25296127058823525,0.05127675528107271,0.007180181919366418,-14.154234807843137,2.9245293366302434,0.4095160185238977
L:B:ALA:61,6.948411764705882,0.8942477433733106,0.12521973052326374,-1.6779607843137256,0.27548360050718895,0.038575419926654524,-1.8745490196078436,0.31790985981819925,0.044516284521956086,0.04056862745098039,0.07910361903968069,0.011076722231580375,0.10943068235294116,0.04099721986505678,0.005740759047755649,3.545901270588235,0.992257564460019,0.13894385057395037
L:B:ASP:62,11.682392156862745,3.547646317663671,0.4967698483799744,-1.5504117647058824,0.46276954737670317,0.0648006980686254,-29.329549019607843,7.4063327283407405,1.037094021518037,-44.10864705882352,7.65030103681312,1.0712564178668247,0.6236004705882352,0.059600725403913195,0.00834577087767219,-62.68261521568628,11.2331817724292,1.5729600716199068
L:B:PRO:63,18.05252941176471,1.5575629323884905,0.21810243538438687,-2.1981568627450976,0.4311298595391371,0.060370255594244686,-6.981274509803922,1.4870857021129218,0.2082336491911534,2.5660784313725493,1.4495845495856872,0.20298243748995506,0.46914649411764703,0.09188152051634674,0.01286598632692513,11.908322964705883,2.6330660283736687,0.36870299194623785
L:B:VAL:64,-16.418843137254907,1.5949624419027408,0.22333941421690895,-5.22256862745098,0.7437479610755235,0.1041455457430495,9.163019607843136,0.7815099133815079,0.10943327671785805,0.7167058823529413,0.46594480419212014,0.06524532295665565,0.005118211764705882,0.013635039206996517,0.0019092873846498289,-11.756568062745096,1.981190157517883,0.2774221120244607
L:B:LYS:65,34.587666666666664,2.397648305880746,0.3357379171228306,-3.2828627450980394,0.7063526592293027,0.09890915610190161,-15.146509803921571,8.879863943871472,1.2434296629481638,-31.3293137254902,8.048787821266778,1.1270557286687066,0.9060815999999999,0.08110716988270011,0.011357275465862137,-14.264938007843137,12.242924442482707,1.714352326706826
L:B:ASP:99,12.739392156862746,1.7142027481891602,0.24003639682753625,-2.9356666666666666,0.6715348432893368,0.09403368667889288,-33.34707843137255,10.51063967539585,1.4717839407851434,-38.19009803921569,9.34582618438946,1.3086774274788047,0.3434395764705882,0.09108266275479092,0.01275412386557735,-61.39001140392156,14.185054092738964,1.986304873692238
L:B:PRO:100,18.345058823529417,1.3335677550556275,0.18673683681063383,-4.158235294117648,0.6632874628410885,0.09287882242018448,-3.5953529411764706,0.6928350063476594,0.09701630609060471,-1.0772549019607844,0.64138266217502,0.08981153680845456,0.03982517647058823,0.027716148037763313,0.003881037010325197,9.554040862745097,1.7636647827486387,0.24696246701845054
L:B:PRO:101,18.44643137254902,1.635971789570549,0.22908187149673018,-1.6477254901960783,0.29201477792522845,0.04089024777705595,-2.2958235294117646,0.7467775925800801,0.10456977900882694,-2.748019607843138,0.7030862075889464,0.09845176138415845,0.6174341647058824,0.05035534895067888,0.007051159225991637,12.372296909803925,1.9535145190263719,0.2735467474852185
L:B:GLY:102,0.29639215686274517,0.27461995689097124,0.03845448563110576,0.022156862745098038,0.1859543874653368,0.026038822530533887,-0.6297254901960784,0.4912663938663083,0.06879105472832515,-0.5039803921568627,0.4311647467398265,0.060375140779475985,0.09868122352941178,0.030037544877967587,0.004206097586571557,-0.7164756392156864,0.7335823863863752,0.10272208056505813
L:B:ILE:103,7.7889019607843135,2.5101875662665716,0.351496565621782,-1.8801960784313725,0.8188624826396783,0.11466368259980735,3.4991764705882353,1.57798921075218,0.22096268646273554,-0.7208431372549022,0.5027211979269022,0.07039504812757442,0.832004894117647,0.15686509884797217,0.021965507379590053,9.519044109803922,3.1207310993813686,0.4369897606070566
L:B:LEU:104,-20.789882352941174,2.603713664922522,0.3645928389502586,-3.978666666666667,0.5566777033072882,0.0779504701163649,9.821196078431372,1.120626803240706,0.15691913942059357,-0.1535294117647059,0.4130574832018732,0.05783961672863172,0.4863690352941176,0.07477425243215066,0.010470489647882353,-14.614513317647058,2.919114081302936,0.40875773110542213
L:B:TRP:106,40.469607843137254,2.825376394001625,0.39563182944033504,-9.230509803921569,0.8869090713733148,0.12419211089878293,-13.893411764705881,1.0644687191173063,0.14905543474507696,-3.6990196078431374,0.7466876263741341,0.10455718122018476,0.5546222117647058,0.11548462105386655,0.01617108148732511,14.201288878431374,3.236252807140588,0.4531660352718705

Backbone Energy Decomposition:
Residue,Internal,,,van der Waals,,,Electrostatic,,,Polar Solvation,,,Non-Polar Solv.,,,TOTAL,,
,Avg.,Std. Dev.,Std. Err. of Mean,Avg.,Std. Dev.,Std. Err. of Mean,Avg.,Std. Dev.,Std. Err. of Mean,Avg.,Std. Dev.,Std. Err. of Mean,Avg.,Std. Dev.,Std. Err. of Mean,Avg.,Std. Dev.,Std. Err. of Mean
L:B:SER:27,69.00380392156863,2.7674932808576904,0.3875265723866359,-2.5931960784313723,0.6156108721156364,0.08620276437346397,-66.75896078431374,3.441082450310465,0.4818479222668048,-0.7995686274509803,1.363365116675905,0.19090930201397938,0.08019359999999999,0.035979719200290666,0.005038168422508721,-1.0677279686274515,4.66252112240326,0.6528835469061207
L:B:PHE:28,77.67847058823529,1.5808003725209583,0.22135632784651565,-4.011549019607843,0.6599685171851074,0.09241407706998032,-69.90070588235294,1.6803349957102411,0.23529396289883417,-2.1588431372549017,0.7496866109313713,0.10497712305496545,0.029917129411764706,0.01830927122589134,0.0025638107850682744,1.6372896784313733,2.514036436344755,0.35203551523343113
L:B:ARG:31,82.68333333333334,1.648036022672484,0.23077120203090126,-3.6305686274509807,0.542818651510362,0.07600981469489007,-74.9445294117647,1.389886105546008,0.19462298326633273,-2.219901960784314,0.9269045946823298,0.1297926043727721,0.07787039999999999,0.03090765293877116,0.004327937085421104,1.966203733333333,2.408851514206908,0.3373066800724648
L:B:TYR:32,94.81035294117648,2.2969241054115748,0.3216337079331681,-4.560666666666667,0.42309933319686754,0.059245756984110456,-86.54554901960785,1.9346796088173233,0.27090933252019983,-0.9055294117647058,0.9442435784316766,0.13222054773492167,0.01953331764705882,0.014829973770959124,0.002076611691813182,2.8181411607843136,3.1764247896144893,0.444788437131003
L:B:ARG:33,90.93637254901961,2.102814248374786,0.29445289124095414,-4.133294117647059,0.5941819320685968,0.08320211257649399,-81.97125490196078,1.899194275425582,0.2659403919578449,-3.208039215686275,1.0049218867464924,0.14071721040149646,0.030780423529411762,0.013881993971350903,0.0019438679684679566,1.6545647372549015,3.0646173554936413,0.4291322648064333
L:B:TRP:36,77.2748431372549,1.811550472012574,0.2536678047170748,-4.8658431372549025,0.553283580537249,0.07747519786460172,-76.09343137254902,1.213861319967731,0.16997458311227653,-0.20774509803921568,0.3641282818090703,0.050988158104857975,0.00026682352941176466,0.0010633353472084136,0.00014889673093389504,-3.891909647058824,2.2790102398958605,0.319125265022207
L:B:TYR:37,92.88041176470588,2.095470850513504,0.2934246098635294,-4.535960784313725,0.7576643408291635,0.10609422868412877,-83.71147058823529,1.5168215782073178,0.21239750469876412,0.5997058823529413,0.39416694453172546,0.05519441222099484,0.0,0.0,0.0,5.232686274509804,2.7241821926942946,0.38146180696935744
L:B:GLN:44,91.83056862745097,2.1338913294904653,0.298804553016555,-2.8998627450980385,0.4176703371953251,0.058485545486387694,-70.74301960784312,1.895729654034076,0.2654552479245226,-8.430137254901961,1.4232632349860839,0.19929671622802905,0.08133910588235296,0.03131024241528773,0.004384310888021646,9.838888125490195,3.216891388464142,0.450454894374755
L:B:ARG:45,87.13001960784311,1.8170641316252603,0.2544398714916502,-3.219941176470588,0.36396565296713423,0.050965385512012816,-79.63925490196077,1.9090713053080226,0.267323452781218,-5.5856666666666674,1.1170645998604727,0.15642033117573378,0.1692300705882353,0.040957625160987526,0.005735214680201534,-1.1456130666666664,2.885871991452427,0.40410290746850847
L:B:GLU:46,79.76349019607842,1.5426544270433453,0.2160148270726437,-3.174392156862745,0.9650756361383791,0.13513761928652343,-80.01609803921568,1.3122057654119912,0.1837455599453142,-1.8816862745098042,0.7247342309411675,0.10148309098002731,0.04815247058823529,0.018927862051227852,0.0026504308263563914,-5.260533803921571,2.357675890572009,0.33014065941609855
L:B:LEU:47,98.29137254901961,2.228553236490863,0.3120598713254319,-4.015882352941176,0.40125341105672824,0.056186716015104096,-82.83366666666666,1.8344235154366415,0.2568706714338577,-6.2638235294117655,0.923784176175501,0.12935565838387764,0.08776729411764707,0.03180572905123468,0.004453692894843501,5.265767294117645,3.057278572570418,0.42810462964959384
L:B:VAL:48,60.731490196078425,2.246094033375857,0.31451607417903565,-3.8696862745098035,0.5138782754393044,0.07195735147123179,-59.39966666666667,1.5039002583044214,0.21058815800682607,-1.3039999999999998,0.6117220950469481,0.08565822666541306,0.0032172705882352937,0.004158919072768889,0.0005823651548682512,-3.838645474509804,2.8186781465502024,0.3946938871899232
L:B:ALA:49,84.29709803921568,2.232552572816217,0.3126198904260042,-4.7250588235294115,0.4469292794766504,0.06258261690201418,-79.59717647058822,1.6491403667518074,0.23092584113292036,-0.7022156862745098,0.5038949592425184,0.07055940758694042,0.0029669647058823533,0.003167356568820196,0.0004435186322334212,-0.7243859764705882,2.8561549122184826,0.399941684047831
L:B:SER:50,77.91635294117648,3.4049240976454445,0.4767847401559958,-4.427725490196078,0.5133584184766411,0.07188455693609572,-75.74758823529412,3.447015390879424,0.4826787001186482,-0.3287254901960784,0.5982978495709561,0.0837784563070996,0.0032836235294117647,0.005399321258381564,0.0007560562025380756,-2.58440265098039,4.908864385066916,0.6873785033603604
L:B:ILE:51,66.03354901960783,2.334143688250789,0.3268454919917263,-3.726450980392157,0.8292502712106643,0.11611826394511189,-65.7173137254902,1.3523442897601579,0.1893660775700153,1.3467058823529412,0.6952449221174534,0.09735376179626747,0.003403905882352941,0.0044757269696034845,0.0006267271337082797,-2.060105898039217,2.906562124161958,0.4070001055454137
L:B:ALA:52,81.33807843137255,1.749658216967376,0.24500115550753748,-4.060627450980393,0.7353380697974929,0.10296792541650279,-76.09599999999999,2.4100468468313174,0.3374740601192397,-0.5844901960784314,0.9439287396780318,0.13217646149128076,0.0050576470588235296,0.007724893797717918,0.0010817014936175897,0.6020184313725487,3.209581420776061,0.44943129415790417
L:B:TYR:54,79.99382352941177,2.08876457252759,0.2924855431133664,-3.4497254901960788,0.6475104383572687,0.09066959710319297,-73.05923529411764,2.1432243309723717,0.30011143462648676,-3.692,1.9465793124370359,0.2725756243186518,0.1273848,0.050276554522408416,0.007040125799127687,-0.07975245490196119,3.628679717423742,0.5081167939624852
L:B:ASP:55,80.09109803921568,2.8150058423294784,0.39417966174364605,-2.0961176470588234,0.6575149486724975,0.09207050875767973,-76.0944705882353,3.1581033856150094,0.4422229274178127,-5.486941176470588,1.4996439239034633,0.20999215197756357,0.2903559529411765,0.0408356554370308,0.005718135502670434,-3.2960754196078437,4.536606688215921,0.635251999457702
L:B:GLY:56,83.01613725490196,1.6059320672713728,0.22487546901020333,-3.487372549019608,0.5557982410341362,0.07782732076579002,-79.253,1.5387760351248343,0.21547174357648907,-3.596901960784314,1.1195888996027972,0.1567738038412632,0.16416663529411765,0.05125471852878168,0.00717709615683144,-3.1569706196078435,2.5518361087630446,0.3573285280804425
L:B:SER:57,82.4772156862745,2.5865604181261035,0.3621909039637144,-2.922764705882353,0.5952272127790837,0.08334848115260535,-82.36643137254902,2.2079012592913827,0.3091680160886086,-0.0274705882352941,0.6508540498706198,0.0911377963642802,0.09305774117647059,0.016537005630903674,0.0023156439634413467,-2.7463932392156867,3.5133036687736143,0.4919609156526232
L:B:THR:58,66.65427450980393,2.3573440861127257,0.33009419749848595,-2.598039215686274,0.47788418322829745,0.06691717042465771,-62.23766666666668,2.181381759134555,0.3054545432978102,-4.6370000000000005,0.9173664993434452,0.12845700387851205,0.2067225882352941,0.032664604916995264,0.004573959571791187,-2.6117087843137257,3.374388697605451,0.4725089289026127
L:B:SER:59,64.37064705882352,3.9433693308329736,0.5521821537932273,-3.3704313725490196,0.5127971832729056,0.07180596828827109,-60.548333333333325,3.41496002713474,0.4781900513748528,-1.5076274509803924,0.6278694431789273,0.0879193076653208,0.05256338823529411,0.012494964504898969,0.0017496449946846928,-1.0031817098039215,5.279152467893934,0.7392292061339193
L:B:TYR:60,72.29827450980392,1.895706139617009,0.2654519552475319,-3.28686274509804,0.3353322040058855,0.0469559006802659,-66.63986274509803,2.3313488060929233,0.32645413020943986,-2.197941176470588,1.6566938776922338,0.23198354422635703,0.16430004705882353,0.048927317977372944,0.006851194892862094,0.3379078901960792,3.4479508693314282,0.4828096933031861
L:B:ALA:61,81.00850980392156,1.6198698128825646,0.2268271437697634,-3.326,0.6257165617803915,0.08761784397075639,-77.06103921568628,1.7595512904033705,0.24638646287776247,-0.6169019607843137,0.7299948496971678,0.10221972494739644,0.07200211764705881,0.01840587676164824,0.0025773382658409987,0.07657074509804049,2.5777415360773452,0.36095601347408757
L:B:ASP:62,96.33392156862746,3.7890611587089422,0.5305746877704226,-1.5832549019607842,0.5336028795501445,0.07471934850140644,-78.87976470588237,3.260269864857127,0.45652909603161257,-5.60878431372549,1.7033787221655934,0.2385207300205561,0.1951317176470588,0.026503501391863533,0.003711232515603514,10.457249364705884,5.307850562695692,0.7432477431939642
L:B:PRO:63,69.87607843137255,1.6171931486755162,0.22645233581168736,-2.255058823529412,0.591211365666065,0.08278615007931919,-61.24188235294118,2.4286607836100638,0.3400805326149032,-3.1759999999999993,1.801299530894293,0.2522323858480275,0.15245887058823526,0.03437017696803205,0.004812787429285348,3.3555961254901963,3.4798130797394893,0.48727129516993795
L:B:VAL:64,77.28854901960786,1.6469000983276403,0.23061214080719655,-3.9187058823529415,0.6132916746546394,0.08587801177190772,-72.99492156862746,1.3921014843998014,0.1949331983550871,-0.22064705882352942,0.6216128870244558,0.08704321456754988,0.0003015529411764706,0.001130863132155178,0.0001583525121718431,0.15457606274509875,2.3265332611219467,0.3257798190377799
L:B:LYS:65,90.09311764705883,1.6490571239116834,0.230914184803804,-3.20321568627451,0.5458859075554766,0.07643931645014891,-79.14356862745099,2.184291317342026,0.3058619629389344,-6.197862745098039,1.3688556981426356,0.19167813720173899,0.12039458823529411,0.027978299208154842,0.003917745516615586,1.6688651764705893,3.1085459765896095,0.43528350213038297
L:B:ASP:99,95.2223725490196,2.0618649844614967,0.28871884736961556,-3.1981960784313728,0.5520431930958345,0.07730150888153259,-82.9517843137255,2.189762636556717,0.3066281008719036,-3.3785686274509805,1.1286284623712919,0.1580395958125676,0.05419524705882352,0.015399561778261461,0.0021563699660858485,5.748018776470587,3.2596224717333797,0.45643844286184054
L:B:PRO:100,75.2807450980392,1.4101927394778242,0.1974664807731697,-3.572392156862745,0.3933736475733369,0.05508332842783969,-47.41296078431374,2.03335909621208,0.2847272246102969,-8.425882352941176,1.8921879818633744,0.2649593146240436,0.03487948235294118,0.02937993163865501,0.004114013314371302,15.904389286274506,3.139932187535395,0.43967845074043155
L:B:PRO:101,62.75945098039217,2.2794004054534596,0.31917989912818495,-1.8183137254901962,0.37198589949009364,0.05208844465952231,-53.17643137254903,1.7442193180916208,0.24423955733006125,-2.4384705882352944,1.4071808746002876,0.1970447353327899,0.22258080000000002,0.05681072186724656,0.00795509223899599,5.5488160941176465,3.218652857852918,0.4507015494251278
L:B:GLY:102,78.69658823529413,3.6078004008551536,0.5051931048465742,-1.9729019607843137,0.3940289257273898,0.05517508572270158,-69.83135294117648,2.361440303459962,0.3306677826556044,-6.414,1.5877466459623544,0.22232900068233563,0.4863542117647059,0.06812565466442383,0.009539499743796257,0.9646875450980381,4.612316484166468,0.6458534914012396
L:B:ILE:103,74.19549019607842,2.7768956455679907,0.38884316679129605,-2.5461176470588236,0.4779192501757816,0.06692208077947469,-64.83856862745098,2.6294618569309915,0.36819830699717754,-3.2667058823529413,1.7105773167653266,0.2395287348856559,0.05712127058823529,0.024897593523867383,0.0034863604351696247,3.6012193098039207,4.2166717372725815,0.5904521454586584
L:B:LEU:104,84.14243137254903,2.293358794217722,0.32113446450735667,-3.2781960784313724,0.5410791692863456,0.07576623846340896,-76.03703921568628,2.5010746079516624,0.35022049621828755,-2.3618823529411763,1.377115109703926,0.19283468615324553,0.08765632941176468,0.04816076622807217,0.006743856178069823,2.5529700549019596,3.702215675209976,0.518413887677284
L:B:TRP:106,81.04435294117647,1.6006349453806459,0.22413372358157796,-4.206,0.5801257132184842,0.08123384824523881,-77.54366666666667,1.597241821988297,0.22365859127068238,-1.1038039215686277,1.1633093601598854,0.16289589285952547,0.07157279999999999,0.061775412957583695,0.008650288044711029,-1.7375448470588226,2.608996814582405,0.36533262787522597

DELTAS:
Total Energy Decomposition:
Residue,Internal,,,van der Waals,,,Electrostatic,,,Polar Solvation,,,Non-Polar Solv.,,,TOTAL,,
,Avg.,Std. Dev.,Std. Err. of Mean,Avg.,Std. Dev.,Std. Err. of Mean,Avg.,Std. Dev.,Std. Err. of Mean,Avg.,Std. Dev.,Std. Err. of Mean,Avg.,Std. Dev.,Std. Err. of Mean,Avg.,Std. Dev.,Std. Err. of Mean
R:A:HIS:25,0.0,3.918512813915268,0.5487015452334104,-0.19182352941176484,1.5298827804113975,0.21422643883074768,-0.7312549019607857,4.665839716646715,0.6533482430487287,1.0395882352941177,2.3511056757407944,0.32922064531850503,-0.0071459294117647044,0.09124440584808152,0.012776772428803741,0.10936387450980109,6.708305873777261,0.9393507112618414
R:A:ALA:26,0.0,3.404591090747046,0.4767381098632287,-0.08123529411764696,1.1691569983922854,0.1637147259950685,0.0849019607843123,3.2351373023195893,0.4530098333534223,0.1852156862745098,2.154008973745773,0.3016215866753818,-0.0009753882352941181,0.0605500684781774,0.0084787054976524,0.18790696470588092,5.297896083985936,0.741853837365549
R:A:ASN:27,0.0,7.726054711732822,1.0818640540950237,-0.6627450980392157,2.0046864023340887,0.2807122443910186,0.4018431372549025,9.90813058522968,1.387415792844591,0.7632745098039214,3.492144006978352,0.4889979703529557,-0.11358098823529408,0.16742625721622115,0.02344436535232253,0.388791560784316,13.194879385255339,1.8476526814324798
R:A:ASN:28,0.0,9.26989285761683,1.2980446349594341,-1.665980392156863,1.3656259680109921,0.1912258845237264,-2.264607843137256,9.107659019350928,1.2753273536915177,3.612039215686274,3.9732130029850627,0.5563611037681104,-0.3977911058823529,0.23158104652595546,0.03242783272886594,-0.7163401254901978,13.659624886400264,1.9127300683719655
R:A:SER:29,0.0,8.297478148310121,1.1618793398736271,-1.070764705882353,1.2651047265908852,0.1771500952854917,-2.0027254901960774,8.136486383269427,1.1393359836457269,2.403607843137255,2.91073234950545,0.40758405389485375,-0.23516428235294112,0.15153052110120785,0.02121851708204074,-0.9050466352941174,12.04767066969122,1.687011329769701
R:A:THR:30,0.0,5.024369962434655,0.7035525193185806,-0.5358627450980392,1.8101821126742337,0.2534761960841476,-1.6744901960784313,5.255013927692139,0.735849134423711,1.4816078431372552,2.0281162552453607,0.2839930800313546,-0.11308658823529412,0.212673392043506,0.029780231528120243,-0.8418316862745097,7.764966818806986,1.0873128389513753
R:A:ASP:31,0.0,12.84462347580863,1.7986070440013455,-0.40174509803921565,2.109433607343651,0.2953797868942675,-2.102764705882353,24.571055961583777,3.440636030654346,3.320196078431374,12.73595685150868,1.783390673020768,-0.12951797647058824,0.1551141969397803,0.02172033207247728,0.6861682980392171,30.584301705024263,4.282658856144938
R:A:THR:32,0.0,5.603230181557107,0.7846091629459067,-0.06641176470588218,1.2538121284777388,0.1755688152620146,-0.08878431372549031,6.259643947285637,0.8765254752490554,0.2794313725490196,4.2557242379759845,0.5959205893553049,-3.755294117647179e-05,0.17396205237505125,0.02435955973174218,0.12419774117647078,9.502253798609194,1.3305816747571957
R:A:THR:44,0.0,4.2587742383310125,0.5963476748306473,-0.28629411764705875,1.4046093281975842,0.19668464681150394,-1.5909411764705883,6.886124799446807,0.9642503412796737,1.7903529411764705,3.4629734840190216,0.4849132801188925,-0.01613915294117647,0.1182316354157433,0.016555740437472603,-0.10302150588235265,8.918237729625725,1.2488030677422077
R:A:HIS:45,0.0,3.0717508624585745,0.4301311555796604,-1.5761568627450984,1.2045651243468622,0.16867285535376342,0.19168627450980358,5.183842345972432,0.7258831195806232,0.8343725490196079,2.5961867824376803,0.3635388645864243,-0.32356432941176466,0.15861211621806645,0.022210138742569455,-0.8736623686274533,6.672645321041725,0.9343572350837412
R:A:SER:46,0.0,5.023146682547383,0.7033812258722467,-0.5710784313725491,1.6214732207511864,0.2270516657802639,-0.6325686274509803,6.941447635669304,0.9719970878551042,1.4080196078431377,3.075697383309147,0.4306837790344862,-0.07327411764705882,0.11511625569766763,0.016119500020131988,0.13109843137254926,9.247596413380048,1.2949225082784934
R:A:VAL:47,0.0,4.31949213947022,0.6048498816015687,-1.3429215686274507,1.6062322082933282,0.22491749715974774,0.7712549019607843,2.940685168116046,0.4117782874309459,-0.33031372549019605,0.9263295425367766,0.12971208096610254,-0.24606508235294117,0.10331314168795551,0.014466733472400801,-1.1480454745098032,5.545663489115023,0.776548213652905
R:A:ASN:48,0.0,5.207274262279548,0.7291642441541698,-1.1514901960784314,1.064266614689856,0.14902713446461172,0.7839999999999996,5.5102815676014565,0.771593753649896,0.32925490196078433,2.751736500566607,0.385320181823635,-0.21836202352941175,0.12579794315765558,0.017615235441535274,-0.25659731764705906,8.136304475315807,1.139310511437269
R:A:LEU:49,0.0,4.131392732113333,0.5785106962076366,-0.27917647058823514,1.1094884423075326,0.15535945692224973,-0.1842549019607847,1.8010686961604543,0.2522000625199779,0.262,0.5704727832797098,0.07988216769066046,-0.00869110588235294,0.02505433451888282,0.00350830856453671,-0.21012247843137286,4.67646082791282,0.654835496106346
R:A:GLU:51,0.0,3.453462216091269,0.48358143621358385,-0.01829411764705875,2.161121909323688,0.3026175968782547,-41.16109803921569,13.316727198566689,1.8647147880587045,37.86178431372549,10.790002374184615,1.5109025431185656,-0.10729200000000001,0.06981850694684599,0.009776546477423969,-3.4248998431372573,17.617068380544946,2.466882999223667
R:A:ASP:52,0.0,4.723449545552594,0.661415232654845,0.028803921568627492,1.4896266515265162,0.20858945327699127,-31.870156862745105,16.293488426750393,2.2815447343319444,30.809156862745095,13.992263399120706,1.9593087768262787,-0.11554884705882355,0.12222202983335141,0.01711450742051192,-1.1477449254901926,22.041009539898972,3.0863586690591895
R:A:SER:53,0.0,6.382433718473195,0.8937194823606849,-0.6688823529411765,1.5784435617602668,0.22102630832951373,-0.06776470588235467,7.572273495510528,1.0603303766576553,1.3494313725490195,1.8198459225585921,0.2548294001358376,-0.13792969411764705,0.11446515336063172,0.01602832745661044,0.4748546196078424,10.192703841099489,1.427264019108741
R:A:ILE:302,0.0,4.827517571736117,0.6759876710997343,-0.07421568627450988,1.2114059783757236,0.16963076651919917,0.8558431372549021,2.5024867647380975,0.3504182377206445,-0.6790588235294117,1.144669117224589,0.16028573676515154,0.0,0.026825002656260324,0.003756251697355979,0.10256862745098025,5.687341850658354,0.7963871524535897
R:A:ASN:303,0.0,10.779009984647706,1.5093633007041245,-0.44188235294117634,1.5856759623558758,0.2220390469808881,-0.5107647058823533,10.288196394280655,1.4406356511479983,1.339,4.1629150280722325,0.5829247005310451,-0.08885576470588234,0.2386428337807196,0.03341668073391484,0.2974971764705884,15.554266986492234,2.178033028283944
R:A:SER:304,0.0,8.72888407659345,1.2222882528243033,-0.6637058823529413,1.2786445070741799,0.17904604378077857,2.053156862745097,11.307359945000327,1.5833470933920009,-1.398764705882353,3.0224094269852166,0.4232219726385908,-0.09774141176470588,0.1046287202870685,0.014650951323531941,-0.10705513725490257,14.657102163705943,2.0524048249401283
R:A:SER:305,0.0,5.081824540130299,0.7115977694069257,-0.7091176470588235,1.0855711427089212,0.15201036509308308,0.11233333333333373,4.275917083508113,0.5987481532991543,0.7784901960784313,2.656508212218439,0.37198555426263336,-0.14141844705882353,0.2160318278945968,0.030250506611697054,0.040287435294118025,7.238133592289997,1.0135414314817797
R:A:LEU:306,0.0,4.483720709951089,0.6278464812488438,-1.068235294117647,1.438047535494094,0.20136693238379422,0.39566666666666644,3.271691119707949,0.458128391601834,-0.09125490196078431,1.3803762783177662,0.1932913410993073,-0.2247389647058823,0.07536447985432672,0.010553138018314387,-0.9885624941176465,5.898034704588208,0.8258900531740894
R:A:ARG:329,0.0,5.561828690472289,0.7788117946043932,-0.33215686274509815,1.8430020820270436,0.25807191102846255,-1.6484901960784315,15.923742511497482,2.2297699502040085,0.5234117647058822,11.81932463844196,1.6550364897871834,-0.19753454117647054,0.19385118021992756,0.027144594692728903,-1.6547698352941191,20.679221064100616,2.89567014092726
R:A:THR:332,0.0,5.492249807195288,0.7690688021522237,-0.29672549019607836,1.1204106743512878,0.15688887532265003,-0.46521568627450977,5.996078925095198,0.8396189901070882,0.5470000000000002,2.0836690975565832,0.29177203390130996,-0.028477835294117647,0.05814180808672563,0.008141481591322058,-0.24341901176470604,8.468656793008417,1.1858491445718202
R:A:TRP:357,0.0,4.889536551434337,0.6846720653100499,-0.05350980392156851,1.911141039347932,0.26761327351675,0.037392156862745586,2.997934457062521,0.41979479134459724,0.08217647058823524,1.8805749697471985,0.2633331676658579,0.0,0.2020836113740871,0.028297365631559032,0.06605882352941199,6.3344327900579005,0.8869980079532057
R:A:THR:358,0.0,5.625880400493889,0.7877808279935116,-0.2621764705882353,0.9033315355557812,0.12649171585132002,-0.3548823529411767,4.947435558541495,0.6927795479637648,0.824921568627451,2.845806715701115,0.39849264669894313,-0.05081096470588235,0.22588785975346262,0.03163062712364859,0.15705178039215675,8.068041766006496,1.129751820204507
R:A:GLY:359,0.0,2.4128207772309347,0.3378624880685461,-0.41884313725490196,0.7679755714067901,0.10753808976609588,0.3948627450980393,2.427416086416504,0.3399062401458245,-0.0730392156862744,1.5641880827840755,0.21903014199964968,-0.09196065882352941,0.13162186909631077,0.018430748191810575,-0.18898026666666667,3.842895797787994,0.5381130450637458
R:A:MET:360,0.0,3.7048183504203935,0.5187783351035181,-0.24141176470588224,1.484862018296471,0.20792227117501824,-0.626333333333333,3.565054193923737,0.4992074386231939,1.0246666666666666,2.2726954411541778,0.31824101633094465,-0.005998870588235293,0.04186543857660005,0.0058623339847911,0.15092269803921662,5.814378979030741,0.814175908532786
R:A:ILE:361,0.0,4.734361438290671,0.662943203262863,-2.281803921568627,2.4426723667791337,0.3420425467006383,-0.49258823529411766,3.8129082312999962,0.5339139458515849,1.2048235294117646,2.0284810685825603,0.28404416411640143,-0.43865943529411766,0.4325271616597646,0.060565917027333174,-2.0082280627450992,6.871747295359939,0.9622370880165865
R:A:ASP:362,0.0,14.405050289744139,2.0171105030150627,-0.8246862745098039,1.7298282347231821,0.2422244025872201,9.540745098039217,17.784418478646028,2.4903167001667748,-8.25021568627451,12.462124676279553,1.7450464988868266,-0.14209694117647056,0.25664264577730844,0.03593715855942202,0.3237461960784306,26.118072997257602,3.657261745124957
R:A:GLY:363,0.0,4.7440361279763446,0.6642979307914629,-0.0889803921568628,1.1641478484260501,0.16301330470150563,-0.1925686274509812,6.448108229200744,0.9029157533006918,0.3710588235294118,2.3898313080407925,0.33464331848361295,-0.0003530823529411765,0.09014945366657223,0.012623448455530694,0.08915672156862672,8.435558033521819,1.1812143912003084
R:A:TRP:364,0.0,5.044509433364032,0.7063726093231075,-0.15690196078431376,1.7200314536254782,0.24085257884135042,-0.1298627450980382,3.7275055431226383,0.521955177513864,0.27519607843137256,1.516122438067787,0.21229960549743115,-0.0017861647058823541,0.12864722730485215,0.01801421502604088,-0.013354792156861597,6.679450468045669,0.9353101462655918
R:A:GLY:376,0.0,2.5230636265900253,0.35329957470494955,-0.025666666666666713,0.746862555145426,0.10458167614764112,-0.4317254901960776,2.147115526693271,0.3006563110135898,0.48105882352941165,0.8698511621040487,0.12180352583629192,-0.0013523294117647057,0.03560664397542687,0.004985927441786616,0.022314337254902013,3.505947475701289,0.4909308425872789
R:A:TYR:377,0.0,4.063715221066047,0.5690339491220266,-0.23413725490196055,1.3040242227024958,0.1825999148140411,0.1987254901960774,2.7753360233116684,0.38862477599288253,-0.012058823529411839,1.6082556790212776,0.22520083973584384,-0.038898635294117655,0.11639728536467094,0.016298880053107364,-0.08636922352941287,5.340110979254514,0.7477651050749409
R:A:ALA:378,0.0,3.7889324844578702,0.5305566697713122,-0.04098039215686275,1.2980366838432746,0.18176149167234998,-0.4543725490196076,3.86231618669788,0.540832443445205,0.4940196078431372,1.7883091855648736,0.2504133736630843,-0.002210117647058824,0.08020901784001296,0.011231509024081748,-0.0035434509803916993,5.8449018948250915,0.8184499716421152
R:A:ALA:379,0.0,3.353313442927842,0.4695578029635253,-0.050274509803921535,1.1281357521498638,0.15797060258154133,0.483333333333334,4.4136392716381,0.6180331170158723,-0.4106470588235294,2.1535525484668523,0.30155767435258984,-0.0004431529411764705,0.0963334479965691,0.013489380865534367,0.021968611764706644,6.053485083334756,0.8476574601154296
R:A:ASP:380,0.0,4.355569923435883,0.609901781837867,-0.025039215686274496,1.8330428214829664,0.25667733560931083,3.6188039215686287,16.58234723030133,2.321993057302798,-3.5877254901960782,13.71539884641857,1.9205399849140663,-0.00023364705882352905,0.06815272823581442,0.009543290802078433,0.005805568627452104,22.032296415043024,3.0851385875386463
R:A:GLN:381,0.0,5.000008046744774,0.7001411687836496,-0.22280392156862747,1.2971746738830623,0.18164078613439805,-0.9232745098039213,7.770923334914852,1.0881469180389791,1.2322549019607842,5.950796616796054,0.8332781986600775,-0.03880376470588236,0.27712346466450966,0.03880504683865527,0.047372705882352484,11.07062644425957,1.5501977727610499
R:A:LYS:382,0.0,5.059573862731296,0.70848205136513,-0.021823529411764696,1.110409743535702,0.15548846489836937,-3.454901960784313,18.957340181750926,2.6545585902649753,3.504803921568628,19.730640020072627,2.762842226523371,-0.0002248941176470604,0.27484953784708155,0.0384866333951571,0.027853537254902475,27.849358019669808,3.8996901387909366
R:A:GLN:385,0.0,4.226374509166687,0.5918108052829767,-0.091156862745098,1.188677119048193,0.16644808961429763,-0.4675882352941178,4.218782568450476,0.5907477209445735,0.7446470588235294,3.375396735364195,0.4726500824223645,-0.003923294117647058,0.16642284445426864,0.02330385946166037,0.18197866666666765,6.963786385954682,0.9751251385677733
R:A:ILE:388,0.0,4.4016750436103855,0.6163577899930744,-0.2829607843137256,2.0818229078770436,0.29151351563735023,-0.27570588235294186,2.55389990386355,0.3576175171981178,0.27964705882352947,1.193667678188346,0.16714690767150964,-0.032566870588235285,0.17041894785488237,0.02386342586221997,-0.31158647843137377,5.628944809819857,0.7882099311283579
R:A:ASN:389,0.0,10.65294112327353,1.49171012912429,-0.08592156862745097,0.9733001487446349,0.13628928140686117,-0.3162549019607839,9.558477233868002,1.3384545304220503,0.49101960784313736,3.3974401810671013,0.4757367822224777,-0.0065658352941176485,0.10236535728615795,0.014334017110221848,0.08227730196078457,14.742795977566573,2.0644043590274723
R:A:ILE:391,0.0,4.054055073506458,0.5676812578983802,-0.17250980392156845,1.856450129943522,0.2599550143951125,-0.5162745098039201,2.542117440315004,0.35596764229333633,0.598529411764706,0.8965788211129467,0.1255461466965771,-0.004909835294117647,0.0503800120626312,0.007054612752439336,-0.09516473725490007,5.210616319825149,0.7296322258162479
R:A:THR:392,0.0,5.180033241043539,0.725349738203633,-1.0831960784313726,1.5074714343351285,0.2110882226740618,-1.0559803921568625,5.124744685944547,0.7176077919456527,1.6835098039215688,1.9438648456758811,0.2721955229442117,-0.18631538823529412,0.18474649720840844,0.025869684063487063,-0.6419820549019607,7.6929165084676825,1.077223777489759
R:A:ASN:393,0.0,8.875322121764952,1.242793680644068,-0.34319607843137256,1.2033388070306548,0.16850113658230503,-0.7301960784313725,11.134251013916803,1.5591069945356373,0.979450980392157,3.516983856973395,0.49247624507678595,-0.03883595294117648,0.1132947428452898,0.015864437203133415,-0.13277712941176403,14.71641681386714,2.0607105372713095
R:A:LYS:394,0.0,5.316913697912501,0.7445168359682592,-0.10050980392156876,2.3038498667190517,0.3226035084957273,2.9543921568627423,20.308292131414856,2.843729701224296,-2.562529411764706,19.33364186046229,2.7072513648935583,0.0,0.3272009718889196,0.04581730044106628,0.2913529411764682,28.633909841985297,4.009549367958563
R:A:VAL:395,0.0,4.306370374858559,0.6030124670362674,-1.381450980392157,1.1069373197754118,0.15500222831488533,-1.095196078431373,3.008444315256769,0.42126646585613364,1.7097058823529414,2.0521372720444675,0.2873566951735438,-0.20026630588235292,0.11200703549447825,0.015684122107393627,-0.967207482352941,5.748450764570064,0.8049441119643046
R:A:ASN:396,0.0,10.572968961739072,1.4805117866169526,-1.2328235294117647,1.6423499627761073,0.22997499438795263,-1.4881764705882348,13.183004469729358,1.8459898606614253,2.3672549019607843,6.426315962124769,0.8998642255434611,-0.19509585882352942,0.18634186831980248,0.026093080702878933,-0.5488409568627466,18.155132967069704,2.5422271116668056
R:A:ILE:399,0.0,5.924334584372272,0.8295727729614849,-0.572549019607843,1.9281723968574684,0.26999814058920646,-0.0533529411764701,4.665683263990064,0.6533263352948085,0.09827450980392159,2.013891686251355,0.28200124196473575,-0.08222512941176471,0.229809221043231,0.0321797275352827,-0.6098525803921561,8.043181048658438,1.1262706234667932
R:A:GLU:493,0.0,3.7142528904760703,0.5200994349577109,-0.018725490196078512,2.0240010688725896,0.2834168386793691,9.280333333333333,21.213715701586633,2.970514360516404,-9.115588235294117,19.784721455795868,2.7704151422592607,-0.0005827764705882356,0.11502804155510657,0.016107147569436202,0.14543683137254848,29.31488398855987,4.104904821477197
L:B:SER:27,0.0,6.98746207348374,0.9784403979400342,-0.2953137254901961,0.990190504352395,0.13865440426383088,0.2273333333333335,8.007750563790541,1.121309363233996,0.36849019607843136,3.325262279925606,0.4656298544749399,-0.05923581176470589,0.15707135992517038,0.021994389707441133,0.24127399215686324,11.180841345693796,1.5656309459051954
L:B:PHE:28,0.0,3.3515393108843172,0.46930937478682694,-0.4862941176470589,1.7753146966673257,0.24859378126254833,0.7674901960784307,2.573461889235576,0.3603567430501673,-0.35105882352941176,1.181095619645208,0.16538646735219062,-0.06425872941176472,0.18272390067076744,0.025586463898518794,-0.1341214745098027,4.736627387348017,0.6632604995965053
L:B:ARG:31,0.0,6.548903083382754,0.9170298559890495,-1.5679411764705884,1.9901986118017294,0.2786835479366154,-70.388,12.04823582128225,1.6870904668214384,67.22349019607843,9.488210515590303,1.3286152218046234,-0.7276194352941175,0.16584581928539952,0.023223059776465334,-5.460070415686272,16.794720960442284,2.3517313277715095
L:B:TYR:32,0.0,5.089082283352852,0.7126140567358786,-1.6989411764705882,1.2976178482007878,0.18170284295148445,0.14423529411764696,3.0846956961538448,0.43194379486111456,1.1314509803921566,1.5375922821553805,0.21530598500573553,-0.3560573647058823,0.14392051709235817,0.02015290337674419,-0.7793122666666665,6.283535728072142,0.8798709937297859
L:B:ARG:33,0.0,5.5289398978189945,0.7742064424703797,-2.1198235294117644,2.1426856089049156,0.30003599844829826,-40.40707843137255,14.613626908137036,2.0463170714880112,43.86001960784314,10.963751216399517,1.535232247456211,-0.49345595294117645,0.27236978876406026,0.038139399069722954,0.8396616941176503,19.20927888962683,2.689837065768413
L:B:TRP:36,0.0,4.0441678110733115,0.5662967642313109,-0.05549019607843127,1.1900563561104804,0.16664122143324506,0.6686862745098049,1.8993896878910193,0.26596775517619714,-0.7370392156862745,0.7441312556558708,0.10419921771976712,0.0,0.0019107526373776575,0.00026755888636239276,-0.12384313725490145,4.683262065903085,0.6557878599167962
L:B:TYR:37,0.0,5.090281623801545,0.7127819979903061,-0.20137254901960794,1.1518516947929476,0.1612914987972474,-0.2998431372549014,2.4576889090258414,0.34414528320454124,0.555372549019608,0.9709281120107763,0.13595712982716068,-0.0070552941176470615,0.1236539118279283,0.017315011004480355,0.04710156862745224,5.851149955227678,0.8193248750966698
L:B:GLN:44,0.0,4.5908192929861125,0.6428432825340001,-0.22674509803921558,1.0431387317548146,0.14606863909545034,-0.4099411764705872,6.317367503764839,0.8846083899007646,0.9269607843137257,6.2006166063018915,0.8682599942497885,-0.04354390588235293,0.20109438060521656,0.02815884561714332,0.2467306039215708,10.028009653985297,1.4042022200916224
L:B:ARG:45,0.0,5.142954213363518,0.7201576358040874,-0.12627450980392158,1.6663968109099934,0.2333422266405053,-26.36649019607843,10.518858082047208,1.4729347479007773,26.723960784313725,9.474097706878325,1.3266390333077156,-0.0076791529411764725,0.1776859739492053,0.024881013053219193,0.22351692549019794,15.154647187817664,2.122075063757216
L:B:GLU:46,0.0,3.995208106844182,0.5594410343561157,-0.3283529411764707,1.7425598523173063,0.24400718564267138,37.11194117647059,14.9675212228453,2.0958721875616835,-36.25300000000001,13.726238659788871,1.9220578623917677,-0.04321312941176471,0.18349663098550947,0.02569466778552459,0.4873751058823547,20.77181246235609,2.9086355300202045
L:B:LEU:47,0.0,4.704772172968488,0.6587998773696956,-1.0286666666666668,1.624280426846462,0.22744475325896152,0.3766078431372553,3.0214930434235865,0.42309365327352266,0.22823529411764706,1.4181230288761393,0.1985769434036736,-0.1701059294117647,0.21383147638380506,0.029942395771854792,-0.5939294588235282,5.9966144732968765,0.839693981855173
L:B:VAL:48,0.0,4.79862902005626,0.6719424647423625,-0.23143137254901971,1.122113435483019,0.15712730957271204,0.7099411764705885,3.3472108107284093,0.46870326353062397,-0.5530000000000002,0.808540847571392,0.1132183645977347,-0.0020466352941176467,0.0249005003672075,0.0034867674746532806,-0.07653683137254905,6.012001129639343,0.8418485446987869
L:B:ALA:49,0.0,3.876739301188694,0.5428520834423193,-0.17964705882352944,0.8525059646938101,0.1193747123875828,-0.23770588235294182,2.451487903064109,0.343276968689626,0.3882941176470588,0.8001157423001432,0.11203861388601778,-0.0014567999999999998,0.003916352762986532,0.0005483990776038109,-0.030515623529413897,4.733483654454155,0.6628202889404275
L:B:SER:50,0.0,9.055251160226252,1.267988785553635,-0.2930784313725491,0.948724212656198,0.13284796202176283,0.21254901960784348,7.478492521727851,1.0471984136727919,0.12419607843137258,2.032665592893637,0.2846301147217946,-0.009515999999999997,0.06789009885182411,0.009506515332490214,0.034150666666667814,11.956665090319046,1.6742679997366723
L:B:ILE:51,0.0,4.351542637549691,0.6093378490159548,-0.14862745098039212,1.7629110351786423,0.24685692124738548,-0.2139019607843137,2.0530040758572174,0.2874780719851191,0.4235882352941176,0.9996583057132414,0.13998016163234356,0.0,0.04100324512874088,0.005741602753429436,0.06105882352941139,5.221072914080636,0.7310964418845198
L:B:ALA:52,0.0,3.0958212479952127,0.4335016837278434,-0.4008431372549019,1.340560905920973,0.1877160737987685,-0.48811764705882393,3.598285667896493,0.5038607757398884,0.8961176470588234,1.3858048956349733,0.19405149957061676,-0.04116748235294118,0.09506285665051666,0.01331146248985281,-0.03401061960784347,5.124291623755622,0.7175443505496548
L:B:TYR:54,0.0,4.971729665593572,0.6961814033901916,-1.8594313725490195,2.106588950174684,0.29498145521630836,-3.8262745098039215,5.478785734535704,0.7671834548727116,3.9902156862745106,3.9227983554258556,0.5493016410760655,-0.46272310588235294,0.2787321002928088,0.039030300881931795,-2.158213301960785,8.639383341347843,1.2097556431172745
L:B:ASP:55,0.0,7.115911084686714,0.9964268571600958,-0.6630196078431373,1.6403383569901984,0.22969331323606024,29.8591568627451,17.384558969289643,2.434325169430679,-28.70219607843137,13.393114976148059,1.8754112164197398,-0.24153854117647056,0.14498757539282783,0.020302321425408634,0.2524026352941162,23.128907047429394,3.2386947903850456
L:B:GLY:56,0.0,2.338857349080189,0.3275055365299535,-0.10519607843137257,0.8147741789641172,0.11409120557837267,-0.17964705882352952,1.9603132818542617,0.2744987647036109,0.385529411764706,1.3914477627945392,0.19484165902065234,-0.00011661176470588099,0.09696764768373285,0.013578186584657589,0.10056966274509838,3.4528927620692964,0.4835016967010101
L:B:SER:57,0.0,5.414470621466759,0.7581775376794663,-1.1472745098039216,1.4484918280516232,0.20282942586980124,-1.0097450980392162,5.267057027274904,0.7375355056732822,1.7311960784313722,3.7771464758719953,0.5289062984620139,-0.22531439999999997,0.16921372473444043,0.023694660868983475,-0.6511379294117654,8.570413012221502,1.2000978652908274
L:B:THR:58,0.0,5.438750666467014,0.7615774240247823,-0.6403529411764705,0.9726202041469229,0.13619407011901932,-0.12272549019607788,5.218283091046389,0.7307057885212379,0.8543333333333334,2.8342140476636297,0.3968693484815793,-0.11060837647058826,0.10846587626745051,0.01518826063339573,-0.019353474509803816,8.111782258301758,1.1358767142271704
L:B:SER:59,0.0,9.640298768264765,1.3499118369280905,-1.1313725490196078,1.0707180457105534,0.14993051550178801,-1.7331176470588243,9.064920498916273,1.2693427637929706,2.6873529411764707,2.0479656565132123,0.2867725521588799,-0.26282767058823525,0.15247481500089027,0.021350744676160188,-0.4399649254901968,13.433986490463544,1.8811343731697439
L:B:TYR:60,0.0,4.527198372015201,0.6339345716776915,-0.8286666666666668,0.9631110122885844,0.13486251692157605,0.1862745098039224,3.7071051450840944,0.5190985504059022,0.37688235294117656,2.478753499480738,0.34709491585376107,-0.09699727058823529,0.10945852031782394,0.015327258602822412,-0.36250707450980363,6.428214103243276,0.9001300184639531
L:B:ALA:61,0.0,2.929884323645275,0.4102658666906354,-0.6727450980392158,1.0246241493558947,0.14347607899572,-1.1456078431372552,2.7178502849628257,0.3805751625403296,1.3162156862745098,1.2862626473030232,0.18011279678475675,-0.06674597647058825,0.08300743721829427,0.011623366116298285,-0.5688832313725489,4.32228513651502,0.6052409794152269
L:B:ASP:62,0.0,9.834250199860895,1.3770704696213685,-0.7959411764705882,1.3906992123085873,0.19473684098691554,40.04986274509804,13.861827358173404,1.9410440777884819,-38.67196078431373,12.93956559917777,1.8119016004502593,-0.1649158588235294,0.1571133385636124,0.02200026789257763,0.4170449254901967,21.406863887476927,2.9975605163132357
L:B:PRO:63,0.0,3.2260950362043066,0.45174366283785117,-0.13805882352941182,1.021084500090218,0.14298042895860288,-0.6992549019607843,2.8798680532004717,0.40326218795251373,0.7249803921568628,1.846627933587524,0.25857963180124083,-0.0060406588235294096,0.14722926866107222,0.020616221269210862,-0.11837399215686127,4.814109878829879,0.6741102185647975
L:B:VAL:64,0.0,3.145307479946338,0.4404311422313186,-0.06984313725490199,1.3958933926723296,0.19546417171853533,-0.642450980392157,2.2203536821110226,0.31091170405583235,0.7330196078431371,0.6516095707398246,0.0912435904469017,0.0,0.019214219542799355,0.002690528895592371,0.020725490196077917,4.1468557003697395,0.580675944856577
L:B:LYS:65,0.0,4.41619285587187,0.6183906903304158,-0.549921568627451,1.4679118655102579,0.20554877503824165,-41.2213137254902,15.75989573457841,2.206826812348813,42.804764705882356,14.167905933067821,1.9839036510457146,-0.15174211764705883,0.17014155072067652,0.02382458249398048,0.8817872941176474,21.697703676322117,3.038286232709519
L:B:ASP:99,0.0,3.787320808713234,0.5303309900265997,-0.5228431372549021,1.2095656856987935,0.16937307400077037,31.653901960784317,15.738329477905024,2.203806932378135,-29.215647058823535,13.3974703727637,1.8760210939336324,-0.06049439999999999,0.13590936534709125,0.01903111775284184,1.8549173647058819,21.047863230168915,2.9472903692550982
L:B:PRO:100,0.0,2.349121334993271,0.3289427820356368,-0.5754117647058823,1.1479379252380868,0.16074346144113275,-0.30203921568627473,2.638260183646921,0.3694303191644863,1.0174313725490196,2.152751021996425,0.3014454381972538,-0.01710494117647059,0.04497370097561016,0.006297577778117798,0.1228754509803925,4.2933563700004305,0.6011901418546394
L:B:PRO:101,0.0,4.288206870988942,0.6004690677637884,-3.680137254901961,1.1467722252987502,0.16058023080023218,-0.962294117647059,2.96985984145601,0.4158635588345433,2.384549019607843,2.1370193169314358,0.2992425588682231,-0.6922935529411763,0.12236484515141635,0.017134505565069968,-2.9501759058823525,5.753755026004633,0.8056868571290351
L:B:GLY:102,0.0,5.0884625474960785,0.712527276358119,-1.7942352941176474,0.8599414132025014,0.12041588343383641,-0.7956666666666669,3.4409592330737526,0.481830668402547,1.9119019607843137,2.891406938466794,0.40487795507554525,-0.41240442352941176,0.14245917217773155,0.019948274158759462,-1.0904044235294117,6.8449017140232185,0.95847795472759
L:B:ILE:103,0.0,6.376301571572794,0.8928608100429882,-0.6976666666666665,1.565645645352985,0.21923424158329655,0.4857647058823524,5.030546678432754,0.7044174325582642,-0.2355294117647059,2.226799269477075,0.3118142668176869,-0.06870790588235294,0.22165701742058147,0.031038190697908984,-0.5161392784313731,8.568700877161058,1.1998581184281967
L:B:LEU:104,0.0,5.475656697101604,0.7667453019925968,-0.33917647058823536,1.2016530460413113,0.16826508282832411,-0.5411176470588227,4.13672420720483,0.5792572520465482,0.7463529411764706,1.8254032274306795,0.2556075784691632,-0.05229063529411765,0.16010574880699152,0.02241928913928215,-0.18623181176470457,7.203957542043389,1.0087558272306731
L:B:TRP:106,0.0,4.853898004940806,0.6796816706221901,-0.07200000000000015,1.5215690476550865,0.21306228339048833,-0.23466666666666533,2.579042674571824,0.36113820930612567,0.3140588235294118,1.8996731819934807,0.2660074522907588,-0.00010305882352941034,0.18809708057195698,0.026338859578872324,0.007289098039218204,6.014241268565626,0.8421622268911798

Sidechain Energy Decomposition:
Residue,Internal,,,van der Waals,,,Electrostatic,,,Polar Solvation,,,Non-Polar Solv.,,,TOTAL,,
,Avg.,Std. Dev.,Std. Err. of Mean,Avg.,Std. Dev.,Std. Err. of Mean,Avg.,Std. Dev.,Std. Err. of Mean,Avg.,Std. Dev.,Std. Err. of Mean,Avg.,Std. Dev.,Std. Err. of Mean,Avg.,Std. Dev.,Std. Err. of Mean
R:A:HIS:25,0.0,2.744833847511017,0.38435361706356524,-0.16635294117647048,1.3637255925346377,0.19095977873055497,-0.5894705882352941,3.8994059728600288,0.5460260523335764,0.7715490196078431,2.0158512420095813,0.28227563465491445,-0.0071459294117647044,0.09056481609434401,0.012681610829056928,0.008579560784313671,5.3545387755789315,0.7497854006598903
R:A:ALA:26,0.0,1.3997875474544195,0.19600946245708362,-0.01105882352941184,0.5923462714866182,0.082945068681096,-0.01225490196078431,0.41311792020420574,0.057848079601702185,-0.00554901960784314,0.12937683426385446,0.0181163804354268,0.0,0.04354670256746632,0.006097758033031448,-0.028862745098039263,1.5810061289871844,0.2213851395146973
R:A:ASN:27,0.0,4.216333309397198,0.5904047560772805,-0.4738627450980391,1.4685211718397129,0.20563409499006244,0.16490196078431374,7.184571234360968,1.0060412011756197,0.506921568627451,3.302081098595149,0.4623838398208118,-0.10660108235294119,0.1669204419925143,0.023373537053927043,0.0913597019607857,9.082053008287014,1.271741794959098
R:A:ASN:28,0.0,5.292480382122896,0.7410954874195642,-1.0674313725490197,0.9644748436078184,0.13505349150500576,-2.3409999999999997,5.804129874176586,0.8127407467921471,3.0627647058823535,3.1909589924990955,0.4468236326146567,-0.34814583529411763,0.23537253300318395,0.03295874702915839,-0.6938125019607854,8.536164445259962,1.1953021066685527
R:A:SER:29,0.0,3.9275959036627333,0.5499734322008919,-0.5207058823529412,0.9220648392919644,0.1291149030643025,-1.0505882352941178,5.2193850269172515,0.7308600904066225,1.4703529411764709,2.58891305415984,0.3625203389020152,-0.19196075294117648,0.17973261188347053,0.02516759968707598,-0.29290192941176474,7.088932770404053,0.9926491375410299
R:A:THR:30,0.0,3.5281794384558065,0.4940439400546793,-0.2451960784313726,1.1922399496975213,0.16694698569439953,-0.6310588235294117,3.4579517704489824,0.4842100995689106,0.5160980392156863,1.4375579620562904,0.20129837839033168,-0.08133472941176471,0.24486567723705085,0.034288053109707305,-0.4414915921568622,5.287102116330696,0.7403423795720215
R:A:ASP:31,0.0,6.501092326281236,0.9103350108918938,-0.21880392156862746,1.6829852756065624,0.23566507631442604,-1.5800000000000005,17.732177911362157,2.483001557572182,2.772941176470588,12.311814970059373,1.7239989300812046,-0.12490263529411764,0.14917277723107283,0.020888366903581826,0.849234619607842,22.60818026129892,3.1657784556012043
R:A:THR:32,0.0,3.526135513580089,0.49375773332500766,-0.020901960784313688,0.9312323139007272,0.13039860627585081,0.07417647058823547,3.77365923138503,0.5284179865616905,0.02090196078431372,2.457416125181684,0.34410708582611943,0.0,0.15334582260728633,0.021472710136587518,0.07417647058823612,5.796873142549796,0.811724601114934
R:A:THR:44,0.0,2.796951608015029,0.3916515632693562,-0.07917647058823532,1.172719267921068,0.1642135435025779,0.4302352941176471,3.04562916217061,0.4264733859122419,-0.31854901960784315,1.2667065440211076,0.17737439459007062,-0.000861882352941177,0.08409992261624671,0.011776344670782707,0.031647921568627585,4.481705483188871,0.6275642930588504
R:A:HIS:45,0.0,2.580610628751293,0.36135776680714354,-1.3237254901960782,1.0075120631922445,0.14107990765060696,-0.24739215686274513,3.6410473678106032,0.5098486114147796,0.9366470588235294,2.3195392614130177,0.3248004631877688,-0.31268414117647064,0.16442002197635497,0.023023408218893752,-0.947154729411765,5.132168551227221,0.7186473410158363
R:A:SER:46,0.0,2.306305321351472,0.32294734091762856,-0.12923529411764703,1.466574560125579,0.2053615148285987,0.3537058823529411,5.930017963423094,0.8303686052109697,-0.18249019607843142,2.265239066511655,0.3171969150398471,-0.01025435294117647,0.04217287598476744,0.005905383832765299,0.0317260392156863,6.911445927021468,0.9677960083444667
R:A:VAL:47,0.0,3.279463841551399,0.45921679036144125,-0.9773529411764705,0.7773371169988297,0.1088489683509212,1.0959607843137253,1.571625808654794,0.22007163194037238,-0.748156862745098,0.67371746040548,0.09433931420677229,-0.23385741176470587,0.0950548686467218,0.013310343945590303,-0.8634064313725489,3.780486001620109,0.5293739256015321
R:A:ASN:48,0.0,3.1725239680050183,0.4442422128498942,-0.6898039215686275,0.9562243615407414,0.13389819293278993,1.694705882352941,4.482895016799041,0.6277308610812108,-1.1665882352941177,2.3206482976396803,0.3249557593218349,-0.1770601411764706,0.12310956879860872,0.017238787734196785,-0.3387464156862745,6.03955176946764,0.8457064059241662
R:A:LEU:49,0.0,3.284590636029075,0.45993468518164066,-0.15731372549019607,0.7697956039225811,0.10779294529451043,0.7765098039215685,0.7763247832999444,0.10870721327922725,-0.7153529411764705,0.38922815014369533,0.05450284267892805,-0.00869110588235294,0.02505433451888282,0.00350830856453671,-0.10484796862745052,3.4836657933585693,0.48781078298496405
R:A:GLU:51,0.0,2.2827312586529023,0.31964631186798503,0.17217647058823535,1.7975047767752375,0.25170101398635786,-41.231274509803924,13.84906664615443,1.9392572206986631,37.49582352941177,10.736432045053636,1.5034011966208722,-0.10387199999999998,0.06782395759268138,0.009497253703699205,-3.6671465098039238,17.762716727422806,2.487277847164134
R:A:ASP:52,0.0,3.0830635687345356,0.4317152513091291,0.25968627450980386,0.9616291847514729,0.13465501956275788,-30.741431372549027,15.404055386758504,2.1569991971342315,29.393980392156855,13.305707242076295,1.863171685498669,-0.1143910588235294,0.11888627228138844,0.016647407933995946,-1.2021557647058831,20.609971207493864,2.885973221424437
R:A:SER:53,0.0,3.3620577663764393,0.4707822531608623,-0.4201764705882353,1.1965222150030357,0.1675466227765831,1.6372156862745095,4.749720570505746,0.6650939119577352,-0.7331960784313726,1.800292173305674,0.2520913275711438,-0.13774192941176472,0.11086697089818483,0.015524481132524116,0.3461012078431372,6.208726659133509,0.8693956287958414
R:A:ILE:302,0.0,3.219227845789499,0.4507820638407428,-0.04058823529411767,0.776622545538783,0.10874890833250939,1.5658823529411765,1.0679951376268608,0.14954923210576465,-1.5337647058823531,0.5843969055151659,0.08183193479604853,0.0,0.011179845881612546,0.0015654915530524615,-0.008470588235294244,3.52828979074422,0.4940593924658485
R:A:ASN:303,0.0,5.6226289274113865,0.7873255306933935,-0.23598039215686276,1.2780089675679744,0.1789570504494633,-0.158,5.87707964608907,0.8229557580664909,0.5288039215686277,3.5236773749853247,0.49341352507320474,-0.061627623529411764,0.27426926513712063,0.038405378963250775,0.0731959058823524,8.959846762964434,1.2546294978121928
R:A:SER:304,0.0,4.639299845920868,0.6496319178077206,-0.3786862745098039,1.020768621304132,0.14293619708129057,2.366823529411765,6.64164431756633,0.9300162263085934,-1.963980392156863,1.7953365067936187,0.2513973954591522,-0.0731976,0.08985472130866422,0.012582177670440972,-0.049040737254901934,8.361089517714124,1.1707867132430445
R:A:SER:305,0.0,2.6537609515562277,0.37160086082354055,-0.37011764705882355,0.5998009659626299,0.08398893470182328,0.42150980392156856,3.358750573592713,0.47031915354195303,0.16368627450980397,1.9409190199647035,0.27178302483677375,-0.11237915294117648,0.156650901869922,0.021935513803347788,0.10269927843137257,4.74079317725432,0.6638438268605094
R:A:LEU:306,0.0,2.872658191594721,0.4022526053910006,-0.9267254901960785,1.007175331511083,0.14103275578392777,1.6337254901960783,1.1266950929032062,0.1577688699364448,-1.475313725490196,0.6015819693282356,0.08423832505606774,-0.22468249411764704,0.07826380547560842,0.010959124810773676,-0.9929962196078431,3.3021258539887968,0.4623901068294496
R:A:ARG:329,0.0,5.137231450627506,0.7193562887356019,-0.2922156862745098,1.6941029107020658,0.23722185661499845,-1.629686274509803,15.311340578469308,2.1440165271800478,0.42690196078431364,11.653400751331196,1.631802498328612,-0.19753482352941176,0.18647603506118735,0.02611186780446895,-1.6925348235294206,19.988366725223578,2.7989311837578748
R:A:THR:332,0.0,3.20790643664475,0.4491967494658904,-0.21237254901960784,0.7930376189871426,0.11104747837526889,-0.641,4.443626218270921,0.6222321294309473,0.5239019607843137,1.2660116982658958,0.1772770967228212,-0.02584376470588235,0.05462443039242756,0.0076489501979890625,-0.3553143529411768,5.6807707036670765,0.7954670078274789
R:A:TRP:357,0.0,3.7260516210614028,0.5217515877032562,-0.02678431372548998,1.2913240331359137,0.18082153256269456,0.05200000000000009,2.0530012563076077,0.28747767716920264,-0.06186274509803921,1.5641833908218785,0.21902948499352773,0.0,0.19239885831398776,0.026941228948680392,-0.03664705882352958,4.716935403476804,0.6605030703135193
R:A:THR:358,0.0,3.0808904343569434,0.43141095163024323,-0.09633333333333334,0.6073691054836754,0.0850486862062698,0.05417647058823536,2.5103881400313677,0.35152465156660423,0.08680392156862748,1.3774283107477931,0.19287854307164792,-0.023421317647058827,0.18633221725740087,0.026091729283831865,0.021225741176471354,4.253805373880648,0.5956518946376393
R:A:GLY:359,0.0,0.4337309470280422,0.06073448069499752,-0.014882352941176472,0.13127197496417797,0.018381753213336193,-0.197,0.5165490709645509,0.07233133764948317,0.2406666666666666,0.47101784148512754,0.06595569026534862,-0.007969976470588235,0.04619745312740844,0.006468937354712752,0.02081433725490186,0.8343679165739456,0.116834877633044
R:A:MET:360,0.0,2.6331777770766105,0.3687186398945524,-0.058745098039215626,1.0364252080307579,0.1451285577390057,-0.09180392156862746,0.7618233066010677,0.10667660037818393,0.1407254901960784,0.582276690723392,0.08153504534137028,0.0,0.008851049797192848,0.0012393948753749299,-0.00982352941176466,2.9878590417980897,0.4183839510112878
R:A:ILE:361,0.0,3.262257576227893,0.45680743129614054,-1.8917254901960783,2.0116698035942204,0.2816901161613525,-0.18466666666666662,1.7162539175248674,0.2403236179845122,0.3004117647058823,0.9685298113049436,0.1356213005557719,-0.4101427764705882,0.38586577172912745,0.05403201552603954,-2.1861231686274505,4.326847558089731,0.6058798462218277
R:A:ASP:362,0.0,5.493575923244543,0.7692544955415119,-0.4591372549019607,1.12363198621523,0.15733994920740216,8.781156862745098,12.034723153643876,1.685198314883828,-7.683627450980392,11.744497795064941,1.644558635934031,-0.10506917647058824,0.2522245054405098,0.035318495167216024,0.5333229803921556,17.72775598628264,2.482382364209991
R:A:GLY:363,0.0,0.3082852900629613,0.04316857518739628,-0.002196078431372548,0.2882634853493843,0.040364961748724275,-0.3027647058823528,0.6359898441733014,0.08905639124399513,0.3280392156862744,0.6060095646641535,0.08485831241296984,0.0,0.004496357344219921,0.000629615963978423,0.023078431372549064,0.9746212334237145,0.13647427026340414
R:A:TRP:364,0.0,4.281363297807414,0.5995107758408202,-0.13135294117647073,1.133096608359337,0.15866526139652654,0.003431372549019378,1.215891923149931,0.17025892443173637,0.1047058823529412,1.196915562078252,0.1676017023841367,-0.0017863058823529426,0.12769427659356022,0.017880775235832643,-0.025001992156862905,4.747766366565324,0.6648202686719451
R:A:GLY:376,0.0,0.3346872687428011,0.046865591679827456,-0.0014117647058823537,0.14172769836707666,0.019845847337854654,-0.5999803921568628,0.6810251623974928,0.09536259716271502,0.603392156862745,0.6031684519839097,0.08446047706270736,0.0,0.02735821321574061,0.0038309161100593464,0.00199999999999998,0.9800297104988708,0.13723160853673047
R:A:TYR:377,0.0,3.042613539430665,0.42605111426587317,-0.18694117647058814,1.192411321205426,0.1669709825053484,-0.6563137254901963,1.4318994823810833,0.2005060327508247,0.7108235294117647,1.2434628589483505,0.17411962766139055,-0.03714381176470588,0.11436128760355238,0.016013783341505373,-0.16957518431372545,3.780073600155853,0.5293161778458298
R:A:ALA:378,0.0,1.5093970355727384,0.2113578607803423,-0.01231372549019607,0.3779700510319888,0.052926393481914434,-0.00845098039215686,0.3529707852504116,0.04942579608298789,0.004156862745098039,0.20524623484139864,0.02874022149701463,-0.0020974588235294113,0.08755342699187661,0.012259932010512519,-0.01870530196078442,1.6110619991818376,0.22559380315886768
R:A:ALA:379,0.0,1.2001446125858337,0.16805385989574545,-0.018196078431372546,0.6213666517889431,0.08700873473792244,0.01784313725490197,0.3812609302862105,0.0533872087497772,-0.025666666666666664,0.18321851914946624,0.02565572433901021,0.0,0.04403166993076577,0.006165667047054628,-0.026019607843137175,1.4167961454468754,0.1983911425596911
R:A:ASP:380,0.0,2.5550953551170785,0.357784913856292,-0.00811764705882357,1.6288021204426988,0.22807791700785027,3.1821960784313728,15.562787976951059,2.1792262056075127,-3.1564705882352944,13.199911359581447,1.8483572987756989,-0.00013990588235294107,0.061782571667458985,0.0086512904645976,0.017467937254901877,20.63064117335671,2.888867595577965
R:A:GLN:381,0.0,3.3390526385302484,0.4675608909255084,-0.19288235294117648,1.0411295820467503,0.145787301863247,-0.6737647058823532,6.885071667079637,0.9641028732517143,0.9524705882352943,6.029743566958355,0.8443329828607796,-0.03785435294117647,0.267130265883632,0.037405719115795676,0.047969176470588605,9.801357112795053,1.3724645161493187
R:A:LYS:382,0.0,3.2393876735901435,0.4536050043774105,-0.00990196078431373,0.8253244927070847,0.1155685449998251,-3.3022352941176467,20.67065102687053,2.894470095681993,3.344588235294118,20.644400830681036,2.8907943329893957,-0.00011251764705882416,0.31479106459051825,0.044079565837607755,0.03233846274509816,29.406478639322042,4.117730638003774
R:A:GLN:385,0.0,2.7752181258938715,0.3886082670522726,-0.06674509803921572,0.8406595047472867,0.11771587619464756,-0.26178431372549016,3.539086441613841,0.4955712259845419,0.505529411764706,3.3408525846422275,0.46781293379480116,-0.0039234352941176455,0.15871762288961083,0.022224912631659023,0.17307656470588334,5.667465409383028,0.7936038939676705
R:A:ILE:388,0.0,2.961822483615811,0.41473810362335967,-0.21000000000000005,0.9940140155599243,0.13918980292332703,-0.12605882352941178,0.8748591195424098,0.12250478014255162,0.16498039215686275,0.6650045664755204,0.0931192650223352,-0.03243614117647058,0.1677322708638199,0.02348721583393986,-0.20351457254901967,3.316051862494109,0.4643401380654489
R:A:ASN:389,0.0,6.016627779047265,0.8424964052009561,-0.03933333333333333,0.6032250573536384,0.08446840339989538,-0.10288235294117648,4.999230689758889,0.7000323170330982,0.2330784313725489,2.1459021291085056,0.3004864013663943,-0.006396847058823524,0.10209565749021372,0.014296251584929138,0.08446589803921145,8.134575419887655,1.1390683952492469
R:A:ILE:391,0.0,3.305091453318955,0.4628053737973723,-0.08647058823529409,1.041257363276841,0.14580519481440787,0.09490196078431372,0.9074563488071413,0.12706930523594148,-0.05170588235294119,0.6295092154722401,0.08814892171378749,-0.004909835294117647,0.04825644313179372,0.006757253624348098,-0.04818434509803913,3.637297619530032,0.5093235416310393
R:A:THR:392,0.0,3.127768625088444,0.4379752113159019,-0.5970392156862745,1.4533895016288059,0.20351523734662114,-0.29476470588235293,2.4904142654143846,0.34872774968390086,0.7287254901960785,1.2860584897514964,0.18008420900941607,-0.16177411764705882,0.17605355658310068,0.024652428900561418,-0.3248525490196079,4.447738989954269,0.6228080326587819
R:A:ASN:393,0.0,4.620557960485435,0.6470075289164834,-0.15345098039215688,0.6426376036157007,0.0899872637590552,-0.37431372549019615,4.925633395102098,0.6897266344384737,0.5518627450980393,3.043503554743363,0.42617574133755826,-0.03132945882352941,0.12320774859146975,0.017252535655056515,-0.007231419607842995,7.436564888157686,1.041327370646919
R:A:LYS:394,0.0,3.7943279941691443,0.5313121922504999,-0.030627450980392136,1.9105192548479968,0.26752620627156837,3.4287058823529413,19.88133801352406,2.7839441664166737,-3.2020784313725494,19.251357427975947,2.695729239689941,0.0,0.3203009457586077,0.04485110352411142,0.19599999999999995,28.000570806217794,3.920864164136289
R:A:VAL:395,0.0,2.7991120391317774,0.3919540841359259,-0.9285686274509802,0.7415418546405695,0.10383662905263828,0.5845882352941177,1.6376712139492704,0.2293198385079137,-0.29149019607843135,0.7509987265462741,0.1051608559913145,-0.17620192941176469,0.08726727481927164,0.012219862691682511,-0.8116725176470587,3.411523735711481,0.4777088743305622
R:A:ASN:396,0.0,5.199231602056812,0.7280380464609196,-0.8285686274509805,0.9615724106697159,0.13464706960116057,-1.1027450980392157,7.582525376176046,1.061765927089631,1.7942745098039217,4.805634360926649,0.6729234086726259,-0.18424009411764705,0.15385308164922754,0.021543740609974858,-0.32127930980392233,10.41965038831884,1.459042892129759
R:A:ILE:399,0.0,4.038176436075263,0.5654578039227398,-0.5195098039215688,1.3524256244202935,0.18937746670048822,0.9811372549019609,2.3975111770138198,0.3357187152407004,-0.9599607843137256,0.803682069059428,0.11253799951943405,-0.08222555294117648,0.20572150654115334,0.028806772846581494,-0.5805588862745098,4.95703641793658,0.6941239371838138
R:A:GLU:493,0.0,2.7929525970109705,0.391091589722877,-0.015000000000000019,1.2637999132316604,0.1769673848694621,8.640823529411763,21.517188011841775,3.0130089837268286,-8.479509803921568,20.41326882972187,2.858429379216929,-0.0005827764705882356,0.1145811392002104,0.01604456872272957,0.14573094901960912,29.81781057553919,4.17532862982473
L:B:SER:27,0.0,3.4707639177867424,0.48600415904398037,-0.16958823529411768,0.2947009927451076,0.04126639308842571,-2.0828627450980393,3.7874658150627742,0.5303512949769316,2.506666666666667,2.1888465972686326,0.3064998297147744,-0.05562056470588235,0.13986532430652301,0.019585062807254288,0.1985951215686274,5.593617781339935,0.7832631576875253
L:B:PHE:28,0.0,2.7680486766592898,0.38760434335460914,-0.360607843137255,1.3781980166740073,0.19298632345955152,-0.5206666666666666,0.6780227620226612,0.09494217701779953,0.6666078431372549,0.6296450609110814,0.08816794388003904,-0.06282183529411764,0.18569491552002942,0.026002489190796098,-0.2774885019607846,3.2329821557998066,0.4527080524784409
L:B:ARG:31,0.0,5.543749338297564,0.7762801789261536,-1.3267450980392157,1.5560638370994926,0.21789252005666246,-71.99127450980392,12.304843903090804,1.7230227854571534,68.21511764705883,9.463645561562357,1.325175440215584,-0.7071818823529412,0.14358690110326772,0.020106187794220524,-5.810083843137252,16.557321020729223,2.3184886870185446
L:B:TYR:32,0.0,3.058738041791827,0.4283089962179929,-1.536352941176471,1.0818452485769452,0.15148863555826278,-0.8600588235294117,1.2903913544932268,0.1806909314298793,1.7011176470588236,1.1306631534079603,0.15832450954614732,-0.353821411764706,0.13614641318838333,0.019064311089954156,-1.0491155294117642,3.672643790271849,0.5142729955246813
L:B:ARG:33,0.0,4.737708541128757,0.6634118914071996,-1.9696862745098038,1.6624160599796545,0.23278481001578233,-41.28296078431373,13.417382020173637,1.8788092822644646,44.72596078431372,10.214085888454074,1.430258104615378,-0.484662494117647,0.2656246851100024,0.03719489563857478,0.988651231372552,17.59641317605659,2.4639906920760097
L:B:TRP:36,0.0,3.2885462186532175,0.4604885775385721,-0.02245098039215689,0.88011346346572,0.1232405354575961,-0.9095686274509803,0.6871055992896312,0.09621402863094007,0.8650196078431373,0.5992891508707656,0.08391726625383902,0.0,0.0012674523498342437,0.0001774788282927393,-0.06700000000000012,3.524258665046314,0.4934949219627494
L:B:TYR:37,0.0,3.4586114322947807,0.48430247070339705,-0.17933333333333334,0.877992730556267,0.12294357345193113,-0.5764705882352942,0.9536985540249343,0.13354450913674265,0.7904901960784315,0.7960104404462922,0.11146375664353071,-0.0070552941176470615,0.1236539118279283,0.017315011004480355,0.027630980392157126,3.780387297310807,0.5293601042336797
L:B:GLN:44,0.0,3.171611864299036,0.44411449278448867,-0.19294117647058823,0.7212572143435371,0.10099621127067764,-1.5828235294117647,5.472464835836721,0.7662983520165773,1.9592156862745096,5.162216454022954,0.7228548890010037,-0.0435430588235294,0.19768249974337784,0.027681086735152415,0.13990792156862714,8.198460968704097,1.148014161415733
L:B:ARG:45,0.0,4.826331832491843,0.6758216343948736,-0.046764705882352826,1.4411714773823063,0.20180437174476668,-28.311313725490194,10.453758790045137,1.463819023693295,28.441294117647058,9.313127652804495,1.3040987172232659,-7.496470588235346e-05,0.16970906741292496,0.023764022717728574,0.08314072156862468,14.880009236219724,2.0836180583631316
L:B:GLU:46,0.0,2.975973724578395,0.41671967371177837,-0.20301960784313727,1.0355472759403215,0.145005622656869,34.17490196078432,14.344082208910889,2.0085732640798417,-33.46525490196078,13.757330334212533,1.9264115676392213,-0.03844094117647058,0.19564840300429476,0.027396256219879976,0.46818650980392246,20.124211497803454,2.817953256714166
L:B:LEU:47,0.0,3.253931171080361,0.4556415013661768,-0.6920000000000001,1.225058339280429,0.17154247942668133,-2.931470588235295,1.137541377035364,0.15928765350204174,3.068058823529412,0.7282796654099277,0.10197955110761044,-0.13960023529411764,0.19279735417063779,0.026997029529843862,-0.6950120000000004,3.7350232229614377,0.523007863249501
L:B:VAL:48,0.0,3.269923168614644,0.45788082893128496,-0.04582352941176465,0.7958163859255794,0.11143658357547373,-3.5568627450980395,1.8212226341449516,0.2550221783174206,3.6389607843137255,0.7391754943044571,0.10350527232760907,0.0,0.023270555787617893,0.0032585295813664073,0.03627450980392137,3.8973702752008648,0.5457409976446534
L:B:ALA:49,0.0,1.3971934289471584,0.19564621320895098,-0.020960784313725486,0.44122560859249343,0.06178394322752064,0.11249019607843136,0.3633152022395883,0.0508743041920704,-0.1432352941176471,0.10385433267060155,0.014542515367866281,0.0,0.0007496470588235296,0.00010497158465207623,-0.05170588235294116,1.5131469644864295,0.21188295585777853
L:B:SER:50,0.0,4.558065863414537,0.638256885022731,-0.15654901960784315,0.6100966745738158,0.0854306222737432,-1.898862745098039,3.504559442251662,0.4907364790277312,2.0989411764705883,1.6620735188795672,0.23273684466774103,-0.009066070588235295,0.06408457153289934,0.00897363492109873,0.03446334117647053,6.016370539311511,0.8424603844330765
L:B:ILE:51,0.0,2.6669350709790716,0.37344560652878206,-0.05517647058823526,1.1420691909463634,0.15992167426641749,-2.81713725490196,0.9567326442411741,0.13396936674703713,2.888607843137255,0.6255746872678354,0.08759797756532005,0.0,0.0402160398254487,0.005631371962605308,0.01629411764705901,3.1185193732752774,0.43668005700528817
L:B:ALA:52,0.0,1.2192484446182246,0.17072893144810278,-0.2243921568627451,0.5710505781308209,0.07996307515292694,-0.011196078431372549,0.45988061068729646,0.06439616601760599,-0.07349019607843137,0.18117574696400776,0.02536967901825982,-0.04114870588235295,0.0896294572319123,0.012550634390408707,-0.3502271372549018,1.4370155877600213,0.20122243079781624
L:B:TYR:54,0.0,3.6723495889236872,0.5142317990958287,-1.6881372549019609,1.6509610729622777,0.23118079099745914,-4.884156862745098,5.218972013246292,0.7308022569248349,4.785039215686274,3.4091946343079895,0.47738273489966315,-0.4603809882352941,0.2578532007697038,0.03610667016406921,-2.247635890196078,7.42553628841004,1.0397830577887845
L:B:ASP:55,0.0,3.70627009051585,0.5189816193778033,-0.45952941176470596,1.2844235591412985,0.17985527293219328,25.11937254901961,14.29986749104473,2.0023819651949517,-24.042627450980397,12.139865605565168,1.699921203024954,-0.2397828705882353,0.13323053106360247,0.018656005923283762,0.37743281568627607,19.164197854858394,2.6835244582530513
L:B:GLY:56,0.0,0.23879424463874224,0.03343788249481431,-0.002313725490196078,0.18763956384728592,0.026274794423105662,-2.2916862745098037,0.799768531488965,0.11198999464763258,2.309254901960784,0.7131927294084297,0.09986695750642015,0.0,0.041026274324187186,0.005744827485802901,0.015254901960784256,1.1145348920600788,0.1560661012306036
L:B:SER:57,0.0,2.887678340400173,0.4043558469141418,-0.7201960784313727,1.1619464148456686,0.16270504234161376,-2.353960784313726,4.224478771540425,0.5915453489187169,2.86335294117647,3.4579431745009432,0.48420889589542637,-0.21420762352941178,0.15813128488539038,0.02214280888867716,-0.4250115450980393,6.286286905727567,0.8802562356576376
L:B:THR:58,0.0,3.062304102970439,0.42880834466267653,-0.13470588235294112,0.6344045890613248,0.08883441112785469,-1.7669803921568625,2.961309658106645,0.414666293688653,2.007313725490196,1.5241157432831312,0.21341889210729154,-0.01144517647058824,0.06289779366496313,0.0088074527798351,0.09418227450980332,4.569071615137889,0.6397979985175277
L:B:SER:59,0.0,4.77279178785451,0.6683245285745109,-0.6229999999999999,0.6404961810497031,0.08968740462198975,-2.9710980392156863,4.901213133572108,0.6863071138517537,3.6571568627450977,1.78970197442122,0.25060840311276406,-0.24534056470588234,0.1443124775800913,0.020207788823214053,-0.1822817411764707,7.101797394834842,0.9944505452789233
L:B:TYR:60,0.0,3.5636203914701854,0.49900666612118,-0.21294117647058822,0.7556250415274193,0.1058086696643683,-1.2016274509803921,1.6819593138391389,0.2355214129314363,1.2026666666666668,1.0707423271279706,0.14993391558031013,-0.007401741176470591,0.0713156998051005,0.009986195411560244,-0.2193037019607844,4.153422888586927,0.5815955351434361
L:B:ALA:61,0.0,1.264657286800071,0.1770874411827038,-0.17811764705882352,0.3982790333284959,0.05577021982558207,0.06507843137254903,0.4663235713564289,0.06529836096832219,-0.11678431372549021,0.1195605628184673,0.016741827494987954,-0.029166070588235296,0.05636309857000325,0.007892412440168315,-0.25898959999999993,1.4117058623205094,0.19767836035129968
L:B:ASP:62,0.0,5.0171295369429325,0.7025386569569859,-0.47441176470588237,0.7582847745457892,0.10618110678181382,35.56962745098039,11.643541667172025,1.6304219504091275,-34.216215686274516,11.636244995774696,1.6294002120453899,-0.12075896470588232,0.12448344949430135,0.01743116951179768,0.7582410352941183,17.226036714109078,2.412127613750224
L:B:PRO:63,0.0,2.2027266232334113,0.30844342210720155,-0.08688235294117647,0.604019585883371,0.08457965964753304,-7.995156862745098,2.3781632171871006,0.3330094589595075,8.046333333333335,2.342914985273669,0.3280737192449496,-0.006041082352941177,0.12909784384451037,0.018077313962642585,-0.041746964705882565,4.047026242306677,0.5666970246640753
L:B:VAL:64,0.0,2.255617516814566,0.3158496285980151,-0.038490196078431425,1.0495700644842334,0.14696920580892658,-3.554352941176471,1.1523501843311135,0.1613613012944864,3.606549019607843,0.8092100756657788,0.11331207527495889,0.0,0.019282857370023367,0.0027001401138396445,0.013705882352940756,2.8587604700109917,0.4003065351162944
L:B:LYS:65,0.0,3.390786751977426,0.4748051157980012,-0.5007450980392157,1.1124687631312236,0.15577678531159259,-41.93954901960785,14.079862497635624,1.9715751041292033,43.43943137254903,13.221858365329496,1.851430494281003,-0.15174155294117644,0.1743125279559343,0.024408636129327047,0.8473957019607846,19.642440606729355,2.750491838330617
L:B:ASP:99,0.0,2.4242487751463417,0.3394627278566719,-0.33919607843137245,0.9350354441488764,0.1309311510301956,27.052078431372554,14.432820701637404,2.0209991384850023,-24.993784313725495,12.561270472309248,1.758929687246375,-0.044164235294117636,0.12525164839357036,0.017538738873719543,1.6749338039215689,19.30955179866068,2.7038780815171783
L:B:PRO:100,0.0,1.88594960554311,0.2640857672122498,-0.17603921568627454,0.9370133961556598,0.13120811971042182,-5.954117647058824,1.2026066978299736,0.16839862078900028,6.067882352941178,1.155395778110408,0.161787769725805,-0.002729647058823529,0.03946863047605833,0.0055267137199485426,-0.06500415686274509,2.6865517053940913,0.37619248477748307
L:B:PRO:101,0.0,2.3136134924704534,0.3239706895644864,-2.1538627450980394,0.6315448924444136,0.08843397350595238,-6.979921568627451,1.4205542214361215,0.1989173784558916,7.4678039215686285,1.369553037206816,0.19177578420207764,-0.5441433882352942,0.08176890510218396,0.01144993693073645,-2.210123780392157,3.106765571348756,0.4350341955303564
L:B:GLY:102,0.0,0.38837126753352624,0.054382855113591075,-0.0840392156862745,0.26844994564714414,0.03759051124480976,-2.2411372549019606,0.8108740164238473,0.11354507358541145,2.3997254901960785,0.724745211032838,0.101484628500396,-0.06000790588235294,0.04264397523291662,0.0059713509222436845,0.014541113725490194,1.186376169186482,0.16612589218772753
L:B:ILE:103,0.0,3.5499413003144977,0.49709121022988867,-0.3636470588235294,1.155075948477523,0.1617429846192839,-2.310803921568628,2.246918942023976,0.314631584494146,2.376078431372549,0.776843461173493,0.10877984270886287,-0.062138682352941184,0.21355365620209543,0.02990349316511589,-0.360511231372549,4.431029151529166,0.620468187263382
L:B:LEU:104,0.0,3.6822071774695866,0.5156121375875653,-0.2555098039215686,0.7741264874239443,0.10839939028583087,-2.0485098039215686,1.6157790873779734,0.22625432762443295,2.1291960784313733,0.6397738270580806,0.08958625483118104,-0.05193444705882354,0.1224058958928465,0.017140253818635893,-0.22675797647058787,4.146439114310705,0.580617611140402
L:B:TRP:106,0.0,3.9956856152058875,0.5595078989010009,-0.060803921568627364,1.2516332367444296,0.17526370939207397,-0.6383725490196079,1.5073933674795754,0.21107729112775644,0.7074509803921569,1.0586543390605303,0.14824125868562965,-0.00010305882352941251,0.16332208317883085,0.022869666035728285,0.008171450980392323,4.577307851966434,0.6409513023573626

Backbone Energy Decomposition:
Residue,Internal,,,van der Waals,,,Electrostatic,,,Polar Solvation,,,Non-Polar Solv.,,,TOTAL,,
,Avg.,Std. Dev.,Std. Err. of Mean,Avg.,Std. Dev.,Std. Err. of Mean,Avg.,Std. Dev.,Std. Err. of Mean,Avg.,Std. Dev.,Std. Err. of Mean,Avg.,Std. Dev.,Std. Err. of Mean,Avg.,Std. Dev.,Std. Err. of Mean
R:A:HIS:25,0.0,2.7368981763732916,0.38324240083880995,-0.025607843137254893,0.8987253928734089,0.1258467268650883,-0.14170588235294154,2.2749761933935697,0.31856038552468696,0.2679607843137255,1.3504262897943107,0.18909750385468108,0.0,0.0028230355756374875,0.0003953040493067722,0.10064705882352856,3.911201193218766,0.5476777135490826
R:A:ALA:26,0.0,3.0036240179258686,0.42059148922097833,-0.07003921568627448,0.9442419802886783,0.13222032395014047,0.09721568627451033,3.2261110539011266,0.45174590576403606,0.190764705882353,2.10775579426881,0.29514484607092534,-0.0009752470588235294,0.03746035304332276,0.00524549863072229,0.21696592941176607,4.976462644974595,0.6968441530667278
R:A:ASN:27,0.0,4.055769553712114,0.5679213331470243,-0.18886274509803921,0.9216805514011992,0.12906109199630536,0.23692156862745123,4.121427983645383,0.5771153523254348,0.25621568627450975,1.4537907425968444,0.20357142232026518,-0.006979905882352941,0.047234838947088305,0.006614200424987832,0.2972946039215692,6.033296693292587,0.8448305200649657
R:A:ASN:28,0.0,4.588952710294192,0.6425819086771315,-0.5984509803921568,0.7216754108966237,0.10105477050112727,0.07650980392156892,4.117721026039661,0.5765962744346719,0.549313725490196,1.688715078598486,0.2364674092159255,-0.049645835294117646,0.09404729333097667,0.013169255180810689,-0.02227328627451067,6.433935990850944,0.9009312429899596
R:A:SER:29,0.0,5.042661404531695,0.7061138335262443,-0.5501372549019606,0.7612788644244984,0.10660036322450844,-0.9521960784313717,4.535597237566685,0.6351106480937085,0.9332745098039215,1.753020173462341,0.2454719235798643,-0.04320338823529411,0.06467203041232426,0.009055895618003141,-0.6122622117647039,7.0467640837251775,0.9867443403284253
R:A:THR:30,0.0,2.6809622091297762,0.37540979874761615,-0.29058823529411765,0.847280519281825,0.11864300367352497,-1.0433921568627453,3.1688706576485264,0.4437306470765973,0.9655490196078432,1.5894887491455014,0.22257294392150387,-0.03175157647058823,0.07836516885395707,0.010973318522768817,-0.4001829490196078,4.525461244270239,0.6336913251392231
R:A:ASP:31,0.0,6.810082113974636,0.953602235479405,-0.18309803921568632,1.0826961138971813,0.15160778053447446,-0.5227254901960773,9.284097387048206,1.3000336669260086,0.5471176470588236,1.8548414312554815,0.25972975152170596,-0.004615623529411765,0.028566003023091875,0.004000040511351947,-0.16332150588235078,11.712607152890905,1.6400930528237145
R:A:THR:32,0.0,3.052093570047116,0.42737858407269236,-0.04541176470588235,0.7912814897377153,0.11080157109397366,-0.16280392156862797,3.7141657841984617,0.520087237639138,0.25854901960784316,2.480077429928159,0.3472803031975773,-3.741176470588239e-05,0.03596815665938867,0.005036549342934138,0.05029592156862887,5.4670382105457795,0.7655384724847384
R:A:THR:44,0.0,2.71979595487234,0.3808476108227681,-0.20733333333333337,0.7150044848129108,0.10012065400742265,-2.0212549019607837,4.862906781230474,0.6809431516241786,2.1088235294117648,2.757842891756052,0.3861752476204213,-0.015277270588235291,0.049202246887878796,0.00688969264065258,-0.13504197647058902,6.258154847004671,0.8763169595023997
R:A:HIS:45,0.0,2.5873009721804503,0.3622946022730592,-0.25250980392156863,0.8117801225210319,0.11367195381760187,0.4391372549019608,3.6207189359608787,0.5070020615889105,-0.1023137254901961,1.6146028256218181,0.22608961803335814,-0.010880611764705884,0.025089037327788322,0.0035131679297537304,0.07343311372549183,4.803154239194473,0.6725761221658728
R:A:SER:46,0.0,3.1704186409830255,0.4439474080999679,-0.4418039215686276,0.7770546515945856,0.10880941528292222,-0.9863137254901965,2.9201911665262688,0.40890855320412556,1.590392156862745,1.5688266508322068,0.21967967144527037,-0.06301990588235294,0.08570861507658549,0.012001606672136548,0.09925460392156854,4.653111621998255,0.6515659533043424
R:A:VAL:47,0.0,3.0751401467173967,0.43060575030433423,-0.3654705882352941,1.24366946793853,0.1741485587068035,-0.32460784313725516,2.5271605917848805,0.3538732645816807,0.4179607843137255,1.116632671416978,0.15635984909601872,-0.012207670588235292,0.021307104178146973,0.0029835913628969203,-0.28432531764705926,4.317066578091006,0.6045102350723786
R:A:ASN:48,0.0,2.9524367136740914,0.41342383295109375,-0.46156862745098054,0.477157595571054,0.06681542780208385,-0.9106470588235297,2.7128024334027523,0.3798683219396595,1.4958235294117648,1.3454236017717753,0.1883969874142249,-0.041303999999999993,0.03568350970874139,0.0049966907973370694,0.08230384313725485,4.256206872675174,0.5959881717310185
R:A:LEU:49,0.0,2.3223971769366427,0.32520065140672544,-0.12180392156862739,0.8604677308757769,0.12048958264941237,-0.960941176470589,1.6310173038928333,0.22838810473461946,0.9774313725490197,0.7281593332573342,0.10196270123593594,0.0,0.0,0.0,-0.10531372549019515,3.053582621041947,0.4275870929179088
R:A:GLU:51,0.0,1.9939212014985614,0.27920481475796355,-0.1904313725490196,1.5034681025068908,0.21052764409117813,0.07005882352941163,2.400196778585525,0.33609477468014975,0.36607843137254903,0.9783651020820059,0.13699851673534635,-0.0034198588235294118,0.007072435808645055,0.0009903391008412202,0.24228602352940995,3.5992125473905636,0.5039905648294726
R:A:ASP:52,0.0,2.4450702396331523,0.3423783160607896,-0.23084313725490196,0.9435642708668233,0.1321254256495223,-1.1288235294117657,2.610009873578422,0.36547448450883274,1.4151176470588231,1.8460102123119513,0.25849313352127434,-0.001156941176470589,0.042120817021739074,0.005898094119852921,0.05429403921568683,4.134049034222938,0.5788826529017609
R:A:SER:53,0.0,3.325246178154141,0.4656275997759499,-0.24888235294117642,0.7101365751753451,0.09943901031578953,-1.7049607843137264,3.805955317864886,0.5329403432306693,2.0826470588235293,1.4049954303020171,0.19673871192022782,-0.00018649411764705878,0.018179142762070413,0.002545589155442914,0.1286174274509792,5.293504946886856,0.7412389551829411
R:A:ILE:302,0.0,3.2294925237232417,0.452219406248701,-0.03350980392156858,0.7893035566720598,0.11052460506603588,-0.7100980392156848,2.264998877235765,0.3171632818139045,0.854686274509804,1.3232115900176131,0.18528668364566997,0.0,0.019806742770863205,0.0027734987431505503,0.11107843137255001,4.234869915151454,0.5930004000635968
R:A:ASN:303,0.0,5.861181005867742,0.8207295031399856,-0.20584313725490191,0.8430843635941011,0.1180554243496249,-0.3527647058823535,5.1029808203240545,0.7145602411876689,0.8101960784313724,1.9526595593865086,0.27342702918958367,-0.027227858823529412,0.09310968378478672,0.013037963583398256,0.2243603764705873,8.057679321514032,1.1283007877400424
R:A:SER:304,0.0,4.5514573806179595,0.6373315123381621,-0.285078431372549,0.5379833833147626,0.07533274171936687,-0.31360784313725487,5.300389149750496,0.7422029363993775,0.5652941176470588,2.20472657704031,0.30872347165567915,-0.024543247058823523,0.0828944249650512,0.011607541235551544,-0.05793540392156864,7.346223949233745,1.0286771088921607
R:A:SER:305,0.0,3.1137446571741783,0.4360114630189625,-0.33896078431372545,0.7162813464835318,0.10029945040416559,-0.30933333333333324,1.9949374873974388,0.2793471232483512,0.614764705882353,1.600228055161979,0.22407674755461945,-0.029038447058823528,0.08547445108185057,0.011968817154314172,-0.06256785882352978,4.093443055221343,0.5731966785329214
R:A:LEU:306,0.0,2.92691833195822,0.40985054478175786,-0.14162745098039217,0.9298931557150808,0.13021108662217845,-1.238098039215686,2.9037031140772696,0.40659976405725123,1.3840000000000001,1.506031412659429,0.21088657930675675,-5.6188235294117704e-05,0.02427432106672359,0.0033990848343034594,0.00421832156862721,4.486843415618723,0.6282837475043107
R:A:ARG:329,0.0,3.183935748116681,0.445840181691261,-0.04003921568627451,0.904301592949581,0.12662755105621024,-0.018725490196079234,3.1745426012911744,0.4445248780486502,0.09668627450980387,1.3198552875249958,0.1848167072920314,0.0,0.03310131089972535,0.004635110640810469,0.03792156862745037,4.772425234967017,0.6682732009037008
R:A:THR:332,0.0,3.3058434889442125,0.4629106798482251,-0.08447058823529408,0.8761168527744994,0.12268089802214313,0.175666666666667,2.7888322738646956,0.39051462907872814,0.02305882352941173,1.5688233086060164,0.21967920343999328,-0.002634211764705882,0.03264973797744551,0.00457187778385499,0.11162069019607897,4.683592632144173,0.6558341484491811
R:A:TRP:357,0.0,2.5375493658870423,0.35532798392895304,-0.026862745098039157,1.198580994599509,0.1678349095832176,-0.014647058823528574,2.4804246993137657,0.34732893063802306,0.14390196078431366,0.9055001464309471,0.12679538211317018,0.0,0.016495723190197285,0.0023098632654872243,0.10239215686274467,3.85337027781716,0.5395797656412847
R:A:THR:358,0.0,3.286862164688051,0.460252762815787,-0.16586274509803922,0.5145447822579351,0.07205068109363154,-0.4091176470588234,3.368429106900162,0.4716744192852553,0.7380980392156863,2.421600161737996,0.3390918477960723,-0.027389929411764703,0.07334649317208539,0.010270563362216757,0.13572771764705915,5.318276123163317,0.7447076136627288
R:A:GLY:359,0.0,2.308079050030967,0.32319571261206514,-0.4040588235294117,0.740184806043241,0.10364660424024856,0.591823529411765,2.4102704355470417,0.33750536880180393,-0.3138235294117646,1.5300853742831333,0.21425480764712146,-0.08399054117647058,0.11339584566200493,0.015878594429201948,-0.21004936470588173,3.746802088604335,0.5246572343467201
R:A:MET:360,0.0,2.6848847468385357,0.37595906389085865,-0.18274509803921563,0.9968454264859904,0.13958627975627397,-0.5344313725490196,3.457156285402694,0.4840987093821646,0.8836470588235293,2.1803673349906068,0.30531249550525746,-0.005998870588235295,0.03903531006164976,0.005466036725318634,0.1604717176470576,4.990968038440766,0.6988753144248946
R:A:ILE:361,0.0,2.5619551765785036,0.35874548099353415,-0.3901764705882353,0.7238673099076522,0.10136169775426167,-0.3078039215686273,3.3103282969057446,0.4635386785751474,0.9044117647058825,2.5554872397802613,0.3578397886852011,-0.02851665882352941,0.0816653177406402,0.011435431798803778,0.17791471372549053,4.958130282601157,0.6942771088742569
R:A:ASP:362,0.0,9.571497809275023,1.340277775664554,-0.36549019607843136,1.248331502517202,0.1748013741239599,0.7595490196078438,8.064308756496594,1.1292290943174865,-0.566686274509804,1.7337050819081707,0.24276726977741608,-0.037028329411764704,0.12274226956263395,0.01718735555369537,-0.20965578039215618,12.697471265925854,1.7780016131193894
R:A:GLY:363,0.0,4.75062774265152,0.6652209414665865,-0.0868235294117647,1.1189226783005959,0.1566805141991604,0.11025490196078384,6.360534747769683,0.8906530131070007,0.042882352941176406,2.182366328200929,0.3055924105433096,-0.0003530823529411765,0.09098992342989258,0.012741137762611215,0.06596064313725554,8.309503964947739,1.1635632910268099
R:A:TRP:364,0.0,2.6686958703825168,0.3736921677624433,-0.025490196078431396,0.891351416638297,0.124814163658876,-0.1331568627450977,3.5351087584219516,0.49501423892912433,0.17035294117647057,1.2001560653993626,0.16805546361041448,0.0,0.01433087351060724,0.0020067236763627884,0.011705882352940967,4.674828219909459,0.6546068852591329
R:A:GLY:376,0.0,2.406482834438895,0.33697499856200586,-0.024274509803921544,0.7297360643190512,0.10218348774629502,0.16833333333333392,2.2658162301417013,0.317277734113485,-0.12237254901960785,1.1187105841151006,0.1566508150727717,-0.001352470588235294,0.03028122972100363,0.004240220289819843,0.0203338039215684,3.565112602523942,0.4992156174631542
R:A:TYR:377,0.0,3.0560308136073835,0.4279299084470334,-0.047274509803921554,0.5693138554887969,0.07971988534021626,0.8550392156862742,2.337594168527126,0.327328655872855,-0.7230000000000001,1.2166367122760287,0.1703632157697439,-0.0017553882352941174,0.04017836031860638,0.005626095776304579,0.08300931764705764,4.075488717540151,0.5706825683852328
R:A:ALA:378,0.0,2.9986899838724836,0.41990058625909127,-0.028705882352941133,1.2830016785606877,0.17965616982630372,-0.4459215686274505,3.894032430993036,0.5452736059678723,0.49000000000000005,1.8666487402335796,0.26138310548250554,-0.00011251764705882355,0.0352707223663109,0.0049388890078826434,0.015260031372548942,5.411778362374431,0.7578005460006633
R:A:ALA:379,0.0,2.748698341832815,0.3848947545069305,-0.03203921568627448,0.9560614585345412,0.13387538194926887,0.46549019607843156,4.422848198833751,0.6193226247506057,-0.38488235294117645,2.1472363755040065,0.30067323323187495,-0.0004431529411764705,0.06717237444868276,0.009406013813736243,0.04812547450980437,5.713678189834747,0.8000749775770806
R:A:ASP:380,0.0,3.1116891395250366,0.43572363297631633,-0.016901960784313604,0.9394100527525829,0.13154371876051438,0.4366470588235295,3.9091066383161035,0.5473844171975724,-0.4313333333333333,1.6190565882831434,0.22671326954872228,-9.374117647058814e-05,0.018155794099418632,0.0025423196887129165,-0.011681976470589628,5.335530819599877,0.7471237544403352
R:A:GLN:381,0.0,2.9515181332734355,0.41329520596703206,-0.030058823529411745,0.7756556458196928,0.10861351529051996,-0.24947058823529297,2.3005040617440193,0.3221350020885693,0.2797450980392157,1.245089351521335,0.17434738217706752,-0.0009494117647058822,0.027175751453647968,0.003805366352903848,-0.0007337254901955213,4.019503193775754,0.5628430269931166
R:A:LYS:382,0.0,3.526755297887891,0.49384452048726846,-0.011999999999999993,0.7288978180921732,0.10206610979659413,-0.1527058823529436,3.2679038454722917,0.45759806713333967,0.16035294117647061,1.7873469101762023,0.25027862815687363,-0.00011237647058823541,0.08044202349041615,0.011264136341254307,-0.0044653176470617175,5.18165710946914,0.7255771252651781
R:A:GLN:385,0.0,3.106731329551639,0.435029400719702,-0.02439215686274512,0.8021913422835949,0.11232925601794141,-0.20568627450980395,2.2027302657398398,0.3084439321601223,0.23901960784313728,0.9658532886331127,0.13524651241659047,0.0,0.034731624915422615,0.004863400265499729,0.00894117647058886,4.010160843182156,0.5615348362456943
R:A:ILE:388,0.0,2.306220049301804,0.3229354004423411,-0.07303921568627449,1.4683571949563252,0.20561113363365757,-0.14964705882352866,2.427659068973872,0.33994026450940934,0.11462745098039213,1.084956137039774,0.15192424707407595,-0.00013058823529411766,0.005782157172582124,0.0008096639531486456,-0.10818941176470458,3.8138452479872007,0.5340451544321343
R:A:ASN:389,0.0,5.323527549922039,0.7454429604930257,-0.04674509803921568,0.7643633159296347,0.1070322728257877,-0.21317647058823586,5.169781873369877,0.7239142596048853,0.257921568627451,1.943250507374137,0.27210949837533294,-0.00016870588235294118,0.05071770869110832,0.007101899738769327,-0.0021687058823543284,7.7090619592870295,1.0794845928127574
R:A:ILE:391,0.0,2.386072162784074,0.3341169328600178,-0.08615686274509804,1.2050949822259167,0.16874705029730394,-0.6110784313725484,2.65118386314519,0.371239996265865,0.6504117647058824,0.9595402333611016,0.13436250785991394,0.0,0.005903421661267865,0.0008266443779892939,-0.046823529411764105,3.8852441967303157,0.5440430070266864
R:A:THR:392,0.0,3.1210821108204856,0.4370389120398028,-0.4861764705882354,0.8067409204483647,0.112966324387427,-0.761215686274509,4.159566398509141,0.5824557986024466,0.954843137254902,1.679429213649724,0.235167128040853,-0.024540141176470586,0.036503343011088596,0.00511149042188704,-0.3170891607843123,5.524110069190055,0.7735301311865425
R:A:ASN:393,0.0,5.145031267799634,0.720448481600121,-0.18970588235294106,1.016285694497967,0.14230846176880774,-0.3559019607843128,7.303147668593389,1.0226452231046914,0.4275882352941177,1.4323438713459806,0.20056825965253544,-0.007506776470588236,0.0810416268051516,0.01134809759924843,-0.12552638431372404,9.104851780222225,1.274934261587215
R:A:LYS:394,0.0,2.656103417141896,0.3719288716142538,-0.06999999999999992,1.1764512165071797,0.16473612083055278,-0.4744901960784316,3.743180192031799,0.5241500673830269,0.6394117647058825,1.5078466646227133,0.2111407654239247,0.0,0.028136907247283134,0.003939955084451394,0.09492156862745192,4.97239520019845,0.6962745968754358
R:A:VAL:395,0.0,3.1522413002366005,0.44140207127718695,-0.4528823529411765,0.7344802146401279,0.1028478016673189,-1.6799411764705872,3.2406141414615894,0.4537767442308191,2.00121568627451,1.9263469594617697,0.2697425282262228,-0.024064517647058827,0.04875682065391388,0.006827320492220113,-0.1556723607843135,4.968989459663187,0.6957976978111462
R:A:ASN:396,0.0,6.048023828674817,0.8468927315020178,-0.40427450980392154,1.2195402178464723,0.17076978787215955,-0.38554901960784366,6.954076990492431,0.973765551258399,0.5730588235294117,2.5324971970481065,0.35462053878832217,-0.010856188235294117,0.07584284909054244,0.010620123109742842,-0.22762089411764752,9.635577385692795,1.3492507111296297
R:A:ILE:399,0.0,2.8980508386829467,0.40580828719084006,-0.05290196078431378,0.9378768672219041,0.13132902984414144,-1.0344313725490204,3.49637018808341,0.48958975407624655,1.0581764705882353,2.302727499498655,0.32244634564915853,0.0,0.05644838718319299,0.007904355234812711,-0.029156862745098364,5.177707652150924,0.7250240906226365
R:A:GLU:493,0.0,2.40207309765428,0.33635751190247565,-0.0038235294117647377,1.2738306301988935,0.17837196618923593,0.6395882352941193,3.840625980031495,0.5377952070038658,-0.6362352941176469,2.0658629017054424,0.2892786677590445,0.0,0.015256571372458052,0.002136347304340489,-0.00047058823529146223,5.139166260300701,0.7196272162807779
L:B:SER:27,0.0,3.9138265315653586,0.5480453344491394,-0.12570588235294114,0.8801342873143092,0.12324345137964134,2.3100392156862743,4.889884496025188,0.6847207872981412,-2.138156862745098,1.834484576149584,0.2568792216438827,-0.003614964705882353,0.05196755111785613,0.007276912684604147,0.04256150588235256,6.585717816142642,0.9221849496972979
L:B:PHE:28,0.0,2.23558932622358,0.31304512095764764,-0.12568627450980382,0.9406408725211156,0.1317160680014048,1.2881176470588234,2.37051584086413,0.33193861208349523,-1.0176470588235293,1.0748393540723507,0.15050761410370428,-0.001436894117647059,0.025819869557894993,0.0036155049114121453,0.14334741960784245,3.5578022065731134,0.49819195727752374
L:B:ARG:31,0.0,2.3306748945428404,0.3263597637172421,-0.24115686274509807,0.7788070901450055,0.1090548057629858,1.6031764705882339,1.9860390590759576,0.2781010940525791,-0.9918039215686275,1.2925441176377634,0.1809923785655717,-0.02043670588235294,0.050591163032018924,0.00708417980215502,0.34977898039215644,3.414112894106556,0.47807142902406397
L:B:TYR:32,0.0,3.2483412216147376,0.45485875187543323,-0.16249019607843138,0.5964647825580214,0.08352177558400947,1.0043529411764707,2.7244004581208605,0.38149237024234267,-0.5697058823529413,1.3043857835023345,0.18265054345275902,-0.002236376470588235,0.019838757504123207,0.0027779817024884954,0.2699204862745112,4.475674768522057,0.626719824094811
L:B:ARG:33,0.0,2.9738284292030084,0.4164192722729273,-0.15007843137254898,0.8328786662781401,0.11662634088010906,0.8760196078431366,2.668087546196989,0.3736069853382806,-0.8657647058823529,1.4357770729304162,0.2010490040328493,-0.00879289411764706,0.018497193939027427,0.002590125228322372,-0.14861642352941243,4.326410926227998,0.605818705531824
L:B:TRP:36,0.0,2.561919246443564,0.3587404497682969,-0.03299999999999998,0.7829043400634073,0.10962853550898814,1.5781960784313722,1.7377365020943956,0.243331781517128,-1.602196078431373,0.6100994857768485,0.08543101592090509,0.0,0.0015037832693728425,0.0002105717762797319,-0.057000000000000405,3.2508954498120426,0.45521641536290813
L:B:TYR:37,0.0,2.9634432963536814,0.4149650628030375,-0.02207843137254895,1.071192645231832,0.1499969727275416,0.27668627450980343,2.1550346584417066,0.30176521126060263,-0.23515686274509803,0.5913113246509957,0.082800147136901,0.0,0.0,0.0,0.01945098039215549,3.863065274577667,0.5409373367291302
L:B:GLN:44,0.0,3.0177780587957708,0.4225734513748426,-0.03382352941176472,0.5922691991873594,0.08293427640052776,1.172882352941177,2.7541097811559685,0.3856525075779443,-1.0321960784313724,2.0975084817073553,0.29370993530146383,0.0,0.04427936946488924,0.006200351919500239,0.10686274509804006,4.63080882746294,0.6484429374037455
L:B:ARG:45,0.0,2.5697167386461337,0.3598323170719591,-0.07945098039215685,0.5274261769807715,0.07385443714212067,1.9447647058823525,2.758286781544405,0.3862374046234348,-1.7174313725490198,1.7804504708857252,0.24931293349795727,-0.007604047058823529,0.06313764770705625,0.00884103906365676,0.14027830588235257,4.202827464947907,0.5885135595772483
L:B:GLU:46,0.0,2.1816428127795953,0.3054910981198115,-0.1253529411764706,1.4081648594657035,0.19718252077379259,2.9371568627450997,1.947232995783833,0.2726671582958299,-2.7876274509803918,1.1406408927834777,0.15972167251926322,-0.0047721882352941185,0.02913479731212873,0.004079687642836665,0.01940428235294263,3.440366325925267,0.4817476447953768
L:B:LEU:47,0.0,3.1516502115158342,0.4413193023008287,-0.3366666666666667,0.6935178005203619,0.09711191639875728,3.308039215686275,2.609323100770344,0.3653783170802924,-2.8399411764705884,1.4713771366310855,0.20603401005186686,-0.030505694117647055,0.046000618181734586,0.00644137494928597,0.10092567843137268,4.403350971098484,0.6165924667814603
L:B:VAL:48,0.0,3.1764566443654245,0.44479289768833463,-0.1856666666666667,0.7570305848647118,0.1060054850986132,4.266921568627452,2.1193085675064016,0.2967625578989145,-4.192098039215686,1.202939915942897,0.1684452806577167,-0.002046776470588235,0.004806378201103355,0.0006730275671311401,-0.11288991372549001,4.074497326898131,0.5705437459280815
L:B:ALA:49,0.0,3.157306127187641,0.442111288908046,-0.15862745098039222,0.6746265459848743,0.09446661164992257,-0.3501568627450992,2.3564814363172486,0.3299734023656762,0.5315294117647058,0.8079064400288325,0.11312952977303438,-0.0014567999999999998,0.003930280095673823,0.0005503492942623754,0.02128829803921528,4.077920546059425,0.5710230924895638
L:B:SER:50,0.0,4.81528983774116,0.6742754458611413,-0.13627450980392156,0.75047167072844,0.10508705341482608,2.1112941176470588,4.953682747567964,0.693654329401257,-1.974607843137255,0.9446611955180388,0.13227902582379997,-0.0004503529411764706,0.00766672178699407,0.0010735557828111429,-3.858823529549014e-05,7.012962303229089,0.9820111443250893
L:B:ILE:51,0.0,3.300977660451823,0.4622293275752062,-0.09350980392156867,1.1744216144179862,0.16445191969215286,2.603333333333333,1.9238605487393758,0.2693943610846946,-2.4650784313725493,1.0406634055839792,0.1457220241016009,0.0,0.006329633781892281,0.0008863260123974652,0.04474509803921567,4.130372796999731,0.5783678767249788
L:B:ALA:52,0.0,2.47439037995279,0.3464839569158392,-0.17668627450980395,1.0303360283960743,0.14427590204195406,-0.4768627450980388,3.456478532250156,0.48400380495802603,0.9695686274509804,1.3132540219262014,0.1838923452172943,-1.877647058823528e-05,0.01090785203732141,0.0015274047967385523,0.3160008313725481,4.5668587710877935,0.6394881383722869
L:B:TYR:54,0.0,2.9539591870729582,0.4136370218689833,-0.1713137254901961,0.905347946095121,0.12677406980326622,1.0580196078431374,2.7503645455485026,0.3851280696948316,-0.7947450980392157,2.50668963675701,0.3510067575190247,-0.0023422588235294125,0.07051691469904108,0.009874343124016922,0.08961852549019654,4.837199653320636,0.677343433701208
L:B:ASP:55,0.0,3.981019440381847,0.5574542236495033,-0.20350980392156862,0.911347302728179,0.12761414776429145,4.739803921568629,4.5364830855060685,0.6352346916164082,-4.659588235294117,2.2594512067045533,0.316386452558144,-0.0017544000000000001,0.057620787548247517,0.008068524122982012,-0.12504851764705802,6.509008249081201,0.9114434617962432
L:B:GLY:56,0.0,2.271130909785037,0.3180219381192402,-0.10298039215686278,0.7891458471108512,0.11050252131027377,2.1120784313725505,2.214427512820139,0.31008187437257206,-1.923686274509804,1.6399079891856743,0.22963304968951204,-0.00011647058823529413,0.07251737637486604,0.010154463788368822,0.08529529411764875,3.6577360443038254,0.512185493547004
L:B:SER:57,0.0,3.6579488232113593,0.5122152885536562,-0.42701960784313736,0.8900975470217567,0.12463858679367508,1.3443137254901962,3.162331783649657,0.4428150215733388,-1.132313725490196,1.0236263041059057,0.14333635271266987,-0.011106070588235293,0.026615161630098416,0.003726868076381327,-0.2261256784313726,5.022123527315357,0.7032379554828193
L:B:THR:58,0.0,3.333787977760626,0.4668236909630218,-0.5056470588235294,0.7861274768397096,0.11007986493258358,1.6441176470588235,3.4372539026653124,0.48131181836497877,-1.1530392156862745,1.9444698754419791,0.2722802440573828,-0.09916362352941177,0.08356679268751802,0.011701691548642899,-0.11373225098039276,5.228269272640134,0.7321041336413587
L:B:SER:59,0.0,5.576766389110108,0.7809034907947682,-0.5084705882352941,0.7965086932505402,0.11153352599139066,1.2378627450980386,4.842355070440407,0.6780653364929752,-0.9698235294117646,0.9228564835316828,0.12922575543055384,-0.01748795294117647,0.02225011067221183,0.0031156386841717297,-0.2579193254901965,7.485673733337112,1.0482039844323556
L:B:TYR:60,0.0,2.680933332920318,0.37540575526951553,-0.6156274509803922,0.7549180553415458,0.10570967179679214,1.3879019607843133,3.26898224240999,0.45774907290879324,-0.8257254901960784,2.2778008664915084,0.31895591887298025,-0.0895956705882353,0.07595571185298511,0.010635927057590528,-0.14304665098039276,4.86186134773384,0.6807967616537274
L:B:ALA:61,0.0,2.2908418586572905,0.32078202303355124,-0.4945882352941177,1.0228508444820634,0.14322776664594644,-1.2106862745098033,2.6701625054403406,0.3738975377486441,1.4330392156862741,1.2875014604904689,0.1802862653281779,-0.03757990588235294,0.03964264055451221,0.005551080004676454,-0.309815200000001,3.8837069439658705,0.5438277485836694
L:B:ASP:62,0.0,5.3585416793073,0.7503459192968018,-0.32143137254901955,0.8117168523358457,0.11366309421957896,4.4802156862745095,4.6467240617406205,0.6506715159629131,-4.455803921568628,2.3819884632027963,0.33354510054073616,-0.04415576470588235,0.0621095914206527,0.008697082389345691,-0.3411753725490202,7.526129438388395,1.0538689162392179
L:B:PRO:63,0.0,2.2870564838337644,0.3202519645359548,-0.05107843137254901,0.8361579837442897,0.11708553717381452,7.296019607843138,3.4317235575091716,0.48053741514698434,-7.3214313725490205,2.6449570310821056,0.3703680653734126,0.0,0.04860677040935431,0.006806309255314082,-0.07649019607843162,4.970379706178299,0.6959923712618463
L:B:VAL:64,0.0,2.3290684549285325,0.32613481717743126,-0.03143137254901965,0.8640888732823792,0.12099664400875182,2.9119215686274496,1.999211509699559,0.2799456060791863,-2.873470588235294,0.932042674916876,0.1305120795150294,0.0,0.0015992819786815704,0.0002239442703492711,0.007019607843137227,3.3221622800155086,0.4651957676614801
L:B:LYS:65,0.0,2.3321189497638724,0.3265619718938669,-0.049078431372549046,0.7704546558871341,0.10788523102854075,0.7180980392156853,3.119064148281002,0.4367563407643674,-0.6345686274509804,1.9933206335208573,0.27912071842013514,0.0,0.039567290192305,0.005540528843524149,0.03445098039215564,4.442503016565206,0.6220748497330614
L:B:ASP:99,0.0,2.9159174248076396,0.40831010966283793,-0.18352941176470586,0.7773895759940976,0.10885631407955139,4.601764705882353,3.1770232077998557,0.4448722324376919,-4.221960784313725,1.6378896465956492,0.2293504251963563,-0.016330164705882354,0.025602129267937458,0.003585015172260343,0.17994434509804008,4.678004212001979,0.6550516131065515
L:B:PRO:100,0.0,1.9943136977296076,0.2792597752235026,-0.39929411764705885,0.5638818388469953,0.07895925086825392,5.652176470588236,2.817436661949728,0.3945200445738561,-5.050568627450979,2.573138504466484,0.36031146012500354,-0.014375717647058823,0.03536262953087418,0.0049517585850943876,0.18793800784313838,4.342291039988821,0.608042366234962
L:B:PRO:101,0.0,3.223558967471014,0.4513885421839556,-1.5265098039215683,0.6297148808935374,0.08817772063312908,6.017823529411766,3.1437070120763124,0.44020703190296623,-5.083431372549019,2.3767757580868127,0.33281517582495385,-0.14815044705882352,0.07334284713418462,0.010270052814790952,-0.7402680941176463,5.1308097999452515,0.7184570777799073
L:B:GLY:102,0.0,5.102200257224447,0.7144509404913981,-1.7101568627450976,0.8145729223044638,0.1140630240091436,1.445725490196079,3.5205940663156565,0.4929817755009,-0.48776470588235304,2.466905274004494,0.3454358324372153,-0.3523972235294118,0.12509862552708875,0.017517311386486035,-1.1045933019607839,6.722486919836275,0.9413364548985534
L:B:ILE:103,0.0,3.9271234832570436,0.5499072801123543,-0.3340196078431373,0.7171164388912756,0.10041638673085425,2.7965686274509802,3.800643347268118,0.5321965185673097,-2.6115490196078435,2.4405856669126385,0.34175035027419853,-0.00656964705882353,0.034743991430348224,0.004865131923955646,-0.15556964705882195,6.0281929494078375,0.8441158529733862
L:B:LEU:104,0.0,3.24329911017031,0.4541527150517251,-0.08374509803921566,0.7630957185963633,0.106854773695753,1.5074313725490207,3.507607050002059,0.4911632294714123,-1.3828431372549022,1.9443488523984438,0.2722632974416257,-0.00035604705882352945,0.06832296103901545,0.009567128162475498,0.04048709019607966,5.214381257428734,0.7301594225306386
L:B:TRP:106,0.0,2.263639648165628,0.31697295167425,-0.01111764705882355,0.8206846411849174,0.1149188358318913,0.4037058823529425,2.2511186903269342,0.31521966688480224,-0.3934901960784314,1.636827542675105,0.22920170089964567,0.0,0.08736362682581349,0.01223335467126418,-0.0009019607843125094,3.6812986706752633,0.5154849211905358

